#
# There is insufficient memory for the Java Runtime Environment to continue.
# Native memory allocation (malloc) failed to allocate 2513296 bytes. Error detail: Chunk::new
# Possible reasons:
#   The system is out of physical RAM or swap space
#   This process is running with CompressedOops enabled, and the Java Heap may be blocking the growth of the native heap
# Possible solutions:
#   Reduce memory load on the system
#   Increase physical memory or swap space
#   Check if swap backing store is full
#   Decrease Java heap size (-Xmx/-Xms)
#   Decrease number of Java threads
#   Decrease Java thread stack sizes (-Xss)
#   Set larger code cache with -XX:ReservedCodeCacheSize=
#   JVM is running with Unscaled Compressed Oops mode in which the Java heap is
#     placed in the first 4GB address space. The Java Heap base address is the
#     maximum limit for the native heap growth. Please use -XX:HeapBaseMinAddress
#     to set the Java Heap base and to place the Java Heap above 4GB virtual address.
# This output file may be truncated or incomplete.
#
#  Out of Memory Error (arena.cpp:191), pid=6768, tid=3776
#
# JRE version: OpenJDK Runtime Environment Corretto-17.0.14.7.1 (17.0.14+7) (build 17.0.14+7-LTS)
# Java VM: OpenJDK 64-Bit Server VM Corretto-17.0.14.7.1 (17.0.14+7-LTS, mixed mode, sharing, tiered, compressed oops, compressed class ptrs, g1 gc, windows-amd64)
# No core dump will be written. Minidumps are not enabled by default on client versions of Windows
#

---------------  S U M M A R Y ------------

Command Line: --add-opens=java.base/java.util=ALL-UNNAMED --add-opens=java.base/java.lang=ALL-UNNAMED --add-opens=java.base/java.lang.invoke=ALL-UNNAMED --add-opens=java.prefs/java.util.prefs=ALL-UNNAMED --add-opens=java.base/java.nio.charset=ALL-UNNAMED --add-opens=java.base/java.net=ALL-UNNAMED --add-opens=java.base/java.util.concurrent.atomic=ALL-UNNAMED -Xmx2048m -Dfile.encoding=UTF-8 -Duser.country=US -Duser.language=en -Duser.variant -javaagent:C:\Users\namsu\.gradle\wrapper\dists\gradle-8.2-bin\bbg7u40eoinfdyxsxr3z4i7ta\gradle-8.2\lib\agents\gradle-instrumentation-agent-8.2.jar org.gradle.launcher.daemon.bootstrap.GradleDaemon 8.2

Host: Intel(R) Core(TM) i7-8700K CPU @ 3.70GHz, 12 cores, 31G,  Windows 11 , 64 bit Build 26100 (10.0.26100.3323)
Time: Tue Mar 18 15:13:17 2025 SE Asia Standard Time elapsed time: 871.285784 seconds (0d 0h 14m 31s)

---------------  T H R E A D  ---------------

Current thread (0x0000019f4d5e65d0):  JavaThread "C2 CompilerThread0" daemon [_thread_in_native, id=3776, stack(0x0000000ada000000,0x0000000ada100000)]


Current CompileTask:
C2: 871285 55060       4       org.mozilla.universalchardet.UniversalDetector::handleData (644 bytes)

Stack: [0x0000000ada000000,0x0000000ada100000]
Native frames: (J=compiled Java code, j=interpreted, Vv=VM code, C=native code)
V  [jvm.dll+0x681069]
V  [jvm.dll+0x838cca]
V  [jvm.dll+0x83a78e]
V  [jvm.dll+0x83adf3]
V  [jvm.dll+0x24826f]
V  [jvm.dll+0xac9f4]
V  [jvm.dll+0xad03c]
V  [jvm.dll+0x3678e2]
V  [jvm.dll+0x331cda]
V  [jvm.dll+0x33117a]
V  [jvm.dll+0x21a7b1]
V  [jvm.dll+0x219bf1]
V  [jvm.dll+0x1a599d]
V  [jvm.dll+0x22994d]
V  [jvm.dll+0x227adc]
V  [jvm.dll+0x7edb77]
V  [jvm.dll+0x7e7f6c]
V  [jvm.dll+0x67ff37]
C  [ucrtbase.dll+0x37b0]
C  [KERNEL32.DLL+0x2e8d7]
C  [ntdll.dll+0xbbf6c]


---------------  P R O C E S S  ---------------

Threads class SMR info:
_java_thread_list=0x0000019fa034d840, length=159, elements={
0x0000019f2cd29f20, 0x0000019f4d5bef20, 0x0000019f4d5c0360, 0x0000019f4d5df190,
0x0000019f4d5e1a70, 0x0000019f4d5e2eb0, 0x0000019f4d5e42f0, 0x0000019f4d5e65d0,
0x0000019f4d70dd10, 0x0000019f4d70e620, 0x0000019f4d7d4990, 0x0000019f4d8a7db0,
0x0000019f946b4770, 0x0000019f94673880, 0x0000019f9476f0a0, 0x0000019f93811a00,
0x0000019f93813860, 0x0000019f93812930, 0x0000019f93811f10, 0x0000019f93812e40,
0x0000019f938114f0, 0x0000019f938105c0, 0x0000019f93810ad0, 0x0000019f977e01c0,
0x0000019f977ded80, 0x0000019f977df7a0, 0x0000019f977dca10, 0x0000019f977dfcb0,
0x0000019f977dde50, 0x0000019f977dd430, 0x0000019f977dcf20, 0x0000019f977e06d0,
0x0000019f977e10f0, 0x0000019f977de870, 0x0000019f977e2020, 0x0000019f9854fee0,
0x0000019f9329a3c0, 0x0000019f97d70470, 0x0000019f9329db70, 0x0000019f977df290,
0x0000019f9ad7c3a0, 0x0000019f98e510f0, 0x0000019f94210860, 0x0000019f9ad7b980,
0x0000019f9ad7be90, 0x0000019f97d6c7b0, 0x0000019fafd64c40, 0x0000019f9329ade0,
0x0000019f9329c220, 0x0000019f9ad7e200, 0x0000019f98e54390, 0x0000019fa31e0890,
0x0000019fa31df960, 0x0000019fa31e17c0, 0x0000019fa31e0da0, 0x0000019fa31e12b0,
0x0000019fa31e21e0, 0x0000019fa31e26f0, 0x0000019fa31e1cd0, 0x0000019fa31def40,
0x0000019fa31df450, 0x0000019fa31e3110, 0x0000019fa31e3620, 0x0000019fa31dfe70,
0x0000019fa31e3b30, 0x0000019fa31e0380, 0x0000019fa31e63b0, 0x0000019fa31e6dd0,
0x0000019fa31e72e0, 0x0000019fa31e77f0, 0x0000019fa31e4040, 0x0000019fa31e7d00,
0x0000019fa31e4550, 0x0000019fa31e8210, 0x0000019fa31e5480, 0x0000019fa31e4a60,
0x0000019fa31e8720, 0x0000019fa31e4f70, 0x0000019fa31e8c30, 0x0000019fa31e9140,
0x0000019fa31e5990, 0x0000019fa31eafa0, 0x0000019fa31eb4b0, 0x0000019fa31eaa90,
0x0000019fa31eb9c0, 0x0000019fa31ec8f0, 0x0000019fa31ea070, 0x0000019fa31e9650,
0x0000019fa31ea580, 0x0000019fa31ece00, 0x0000019fa31ed310, 0x0000019fa31e9b60,
0x0000019fa31ed820, 0x0000019fa31edd30, 0x0000019fa31ee240, 0x0000019fa31ee750,
0x0000019fafd59600, 0x0000019fafd5b460, 0x0000019fafd5af50, 0x0000019fafd590f0,
0x0000019fafd5a020, 0x0000019fafd5b970, 0x0000019fafd5a530, 0x0000019fafd58be0,
0x0000019fafd586d0, 0x0000019fafd5c390, 0x0000019fafd59b10, 0x0000019fafd5e700,
0x0000019fafd5be80, 0x0000019fafd5ec10, 0x0000019fafd5c8a0, 0x0000019fafd5f120,
0x0000019fafd5e1f0, 0x0000019fafd5dce0, 0x0000019fafd5f630, 0x0000019fafd5fb40,
0x0000019fafd60050, 0x0000019fafd60560, 0x0000019fafd60a70, 0x0000019fafd5d2c0,
0x0000019fafd5d7d0, 0x0000019fafd628d0, 0x0000019fafd61490, 0x0000019fafd619a0,
0x0000019fafd65b70, 0x0000019fafd63800, 0x0000019fafd623c0, 0x0000019fafd66590,
0x0000019fafd62de0, 0x0000019fafd66aa0, 0x0000019fafd632f0, 0x0000019fafd674c0,
0x0000019f97d6e100, 0x0000019f97d6b880, 0x0000019f97d6eb20, 0x0000019f97d6c2a0,
0x0000019f97d6f540, 0x0000019f97d6bd90, 0x0000019f97d6fa50, 0x0000019f97d6d1d0,
0x0000019f97d6ccc0, 0x0000019f97d72cf0, 0x0000019f97d70980, 0x0000019f97d71dc0,
0x0000019f97d73200, 0x0000019f98e52f50, 0x0000019f98e52530, 0x0000019f98e501c0,
0x0000019f98e52a40, 0x0000019f98e53460, 0x0000019f98e53970, 0x0000019f98e506d0,
0x0000019f98e53e80, 0x0000019f98e50be0, 0x0000019f98e552c0, 0x0000019fa0753df0,
0x0000019fa07529b0, 0x0000019fa0754810, 0x0000019fa07538e0
}

Java Threads: ( => current thread )
  0x0000019f2cd29f20 JavaThread "main" [_thread_blocked, id=6468, stack(0x0000000ad9300000,0x0000000ad9400000)]
  0x0000019f4d5bef20 JavaThread "Reference Handler" daemon [_thread_blocked, id=14824, stack(0x0000000ad9a00000,0x0000000ad9b00000)]
  0x0000019f4d5c0360 JavaThread "Finalizer" daemon [_thread_blocked, id=20388, stack(0x0000000ad9b00000,0x0000000ad9c00000)]
  0x0000019f4d5df190 JavaThread "Signal Dispatcher" daemon [_thread_blocked, id=24744, stack(0x0000000ad9c00000,0x0000000ad9d00000)]
  0x0000019f4d5e1a70 JavaThread "Attach Listener" daemon [_thread_blocked, id=8172, stack(0x0000000ad9d00000,0x0000000ad9e00000)]
  0x0000019f4d5e2eb0 JavaThread "Service Thread" daemon [_thread_blocked, id=19196, stack(0x0000000ad9e00000,0x0000000ad9f00000)]
  0x0000019f4d5e42f0 JavaThread "Monitor Deflation Thread" daemon [_thread_blocked, id=25000, stack(0x0000000ad9f00000,0x0000000ada000000)]
=>0x0000019f4d5e65d0 JavaThread "C2 CompilerThread0" daemon [_thread_in_native, id=3776, stack(0x0000000ada000000,0x0000000ada100000)]
  0x0000019f4d70dd10 JavaThread "C1 CompilerThread0" daemon [_thread_blocked, id=17940, stack(0x0000000ada100000,0x0000000ada200000)]
  0x0000019f4d70e620 JavaThread "Sweeper thread" daemon [_thread_blocked, id=19156, stack(0x0000000ada200000,0x0000000ada300000)]
  0x0000019f4d7d4990 JavaThread "Common-Cleaner" daemon [_thread_blocked, id=4056, stack(0x0000000ada300000,0x0000000ada400000)]
  0x0000019f4d8a7db0 JavaThread "Notification Thread" daemon [_thread_blocked, id=22352, stack(0x0000000ada400000,0x0000000ada500000)]
  0x0000019f946b4770 JavaThread "Daemon health stats" [_thread_blocked, id=25316, stack(0x0000000ada700000,0x0000000ada800000)]
  0x0000019f94673880 JavaThread "Incoming local TCP Connector on port 54888" [_thread_in_native, id=21444, stack(0x0000000adb100000,0x0000000adb200000)]
  0x0000019f9476f0a0 JavaThread "Daemon periodic checks" [_thread_blocked, id=4052, stack(0x0000000adb200000,0x0000000adb300000)]
  0x0000019f93811a00 JavaThread "Cache worker for journal cache (C:\Users\namsu\.gradle\caches\journal-1)" [_thread_blocked, id=4440, stack(0x0000000adba00000,0x0000000adbb00000)]
  0x0000019f93813860 JavaThread "File lock request listener" [_thread_in_native, id=20736, stack(0x0000000adbb00000,0x0000000adbc00000)]
  0x0000019f93812930 JavaThread "Cache worker for file hash cache (C:\Users\namsu\.gradle\caches\8.2\fileHashes)" [_thread_blocked, id=2816, stack(0x0000000adbc00000,0x0000000adbd00000)]
  0x0000019f93811f10 JavaThread "File watcher server" daemon [_thread_in_native, id=7480, stack(0x0000000adbe00000,0x0000000adbf00000)]
  0x0000019f93812e40 JavaThread "File watcher consumer" daemon [_thread_blocked, id=13860, stack(0x0000000adbf00000,0x0000000adc000000)]
  0x0000019f938114f0 JavaThread "jar transforms" [_thread_blocked, id=13668, stack(0x0000000adc000000,0x0000000adc100000)]
  0x0000019f938105c0 JavaThread "jar transforms Thread 2" [_thread_blocked, id=11136, stack(0x0000000adc100000,0x0000000adc200000)]
  0x0000019f93810ad0 JavaThread "jar transforms Thread 3" [_thread_blocked, id=6780, stack(0x0000000adc200000,0x0000000adc300000)]
  0x0000019f977e01c0 JavaThread "jar transforms Thread 4" [_thread_blocked, id=6712, stack(0x0000000adc300000,0x0000000adc400000)]
  0x0000019f977ded80 JavaThread "jar transforms Thread 5" [_thread_blocked, id=7888, stack(0x0000000adc400000,0x0000000adc500000)]
  0x0000019f977df7a0 JavaThread "jar transforms Thread 6" [_thread_blocked, id=23996, stack(0x0000000adc500000,0x0000000adc600000)]
  0x0000019f977dca10 JavaThread "jar transforms Thread 7" [_thread_blocked, id=17544, stack(0x0000000adc600000,0x0000000adc700000)]
  0x0000019f977dfcb0 JavaThread "jar transforms Thread 8" [_thread_blocked, id=9984, stack(0x0000000adc700000,0x0000000adc800000)]
  0x0000019f977dde50 JavaThread "jar transforms Thread 9" [_thread_blocked, id=13792, stack(0x0000000adc800000,0x0000000adc900000)]
  0x0000019f977dd430 JavaThread "jar transforms Thread 10" [_thread_blocked, id=2716, stack(0x0000000adc900000,0x0000000adca00000)]
  0x0000019f977dcf20 JavaThread "jar transforms Thread 11" [_thread_blocked, id=15316, stack(0x0000000adca00000,0x0000000adcb00000)]
  0x0000019f977e06d0 JavaThread "jar transforms Thread 12" [_thread_blocked, id=5624, stack(0x0000000adcb00000,0x0000000adcc00000)]
  0x0000019f977e10f0 JavaThread "Cache worker for file content cache (C:\Users\namsu\.gradle\caches\8.2\fileContent)" [_thread_blocked, id=6348, stack(0x0000000add000000,0x0000000add100000)]
  0x0000019f977de870 JavaThread "Cache worker for execution history cache (C:\Users\namsu\.gradle\caches\8.2\executionHistory)" [_thread_blocked, id=11836, stack(0x0000000add300000,0x0000000add400000)]
  0x0000019f977e2020 JavaThread "Cache worker for kotlin-dsl (C:\Users\namsu\.gradle\caches\8.2\kotlin-dsl)" [_thread_blocked, id=17508, stack(0x0000000adbd00000,0x0000000adbe00000)]
  0x0000019f9854fee0 JavaThread "Memory manager" [_thread_blocked, id=22668, stack(0x0000000adee00000,0x0000000adef00000)]
  0x0000019f9329a3c0 JavaThread "pool-3-thread-1" [_thread_blocked, id=15044, stack(0x0000000adf100000,0x0000000adf200000)]
  0x0000019f97d70470 JavaThread "pool-6-thread-1" [_thread_blocked, id=404, stack(0x0000000adf400000,0x0000000adf500000)]
  0x0000019f9329db70 JavaThread "RMI Scheduler(0)" daemon [_thread_blocked, id=7512, stack(0x0000000ae3b00000,0x0000000ae3c00000)]
  0x0000019f977df290 JavaThread "RMI TCP Accept-0" daemon [_thread_in_native, id=20564, stack(0x0000000ae4a00000,0x0000000ae4b00000)]
  0x0000019f9ad7c3a0 JavaThread "Cache worker for Java compile cache (C:\Users\namsu\.gradle\caches\8.2\javaCompile)" [_thread_blocked, id=5360, stack(0x0000000adb700000,0x0000000adb800000)]
  0x0000019f98e510f0 JavaThread "pool-10-thread-1" [_thread_blocked, id=4284, stack(0x0000000adf600000,0x0000000adf700000)]
  0x0000019f94210860 JavaThread "pool-13-thread-1" [_thread_blocked, id=16068, stack(0x0000000adf800000,0x0000000adf900000)]
  0x0000019f9ad7b980 JavaThread "RMI GC Daemon" daemon [_thread_blocked, id=16804, stack(0x0000000ae2700000,0x0000000ae2800000)]
  0x0000019f9ad7be90 JavaThread "RMI Reaper" [_thread_blocked, id=8452, stack(0x0000000ae2800000,0x0000000ae2900000)]
  0x0000019f97d6c7b0 JavaThread "pool-17-thread-1" [_thread_blocked, id=1748, stack(0x0000000adf700000,0x0000000adf800000)]
  0x0000019fafd64c40 JavaThread "pool-20-thread-1" [_thread_blocked, id=16636, stack(0x0000000adfb00000,0x0000000adfc00000)]
  0x0000019f9329ade0 JavaThread "Daemon Thread 5" [_thread_blocked, id=23536, stack(0x0000000ad9200000,0x0000000ad9300000)]
  0x0000019f9329c220 JavaThread "Daemon worker Thread 4" [_thread_blocked, id=2828, stack(0x0000000adb400000,0x0000000adb500000)]
  0x0000019f9ad7e200 JavaThread "pool-23-thread-1" [_thread_blocked, id=17900, stack(0x0000000ae0a00000,0x0000000ae0b00000)]
  0x0000019f98e54390 JavaThread "RMI TCP Connection(idle)" daemon [_thread_blocked, id=21096, stack(0x0000000add600000,0x0000000add700000)]
  0x0000019fa31e0890 JavaThread "Handler for socket connection from /127.0.0.1:54888 to /127.0.0.1:55424" [_thread_in_native, id=18324, stack(0x0000000ad9000000,0x0000000ad9100000)]
  0x0000019fa31df960 JavaThread "Cancel handler" [_thread_blocked, id=22532, stack(0x0000000ad9100000,0x0000000ad9200000)]
  0x0000019fa31e17c0 JavaThread "Asynchronous log dispatcher for DefaultDaemonConnection: socket connection from /127.0.0.1:54888 to /127.0.0.1:55424" [_thread_blocked, id=15824, stack(0x0000000ada600000,0x0000000ada700000)]
  0x0000019fa31e0da0 JavaThread "Stdin handler" [_thread_blocked, id=23940, stack(0x0000000adb300000,0x0000000adb400000)]
  0x0000019fa31e12b0 JavaThread "Daemon client event forwarder" [_thread_blocked, id=9812, stack(0x0000000adb500000,0x0000000adb600000)]
  0x0000019fa31e21e0 JavaThread "Cache worker for checksums cache (C:\Users\namsu\AndroidStudioProjects\RetroMusic\.gradle\8.2\checksums)" [_thread_blocked, id=15204, stack(0x0000000adb600000,0x0000000adb700000)]
  0x0000019fa31e26f0 JavaThread "Cache worker for cache directory md-rule (C:\Users\namsu\.gradle\caches\8.2\md-rule)" [_thread_blocked, id=5856, stack(0x0000000adb800000,0x0000000adb900000)]
  0x0000019fa31e1cd0 JavaThread "Cache worker for file hash cache (C:\Users\namsu\AndroidStudioProjects\RetroMusic\.gradle\8.2\fileHashes)" [_thread_blocked, id=17360, stack(0x0000000adb900000,0x0000000adba00000)]
  0x0000019fa31def40 JavaThread "Cache worker for cache directory md-supplier (C:\Users\namsu\.gradle\caches\8.2\md-supplier)" [_thread_blocked, id=7052, stack(0x0000000adce00000,0x0000000adcf00000)]
  0x0000019fa31df450 JavaThread "Cache worker for dependencies-accessors (C:\Users\namsu\AndroidStudioProjects\RetroMusic\.gradle\8.2\dependencies-accessors)" [_thread_blocked, id=24424, stack(0x0000000adcf00000,0x0000000add000000)]
  0x0000019fa31e3110 JavaThread "Cache worker for Build Output Cleanup Cache (C:\Users\namsu\AndroidStudioProjects\RetroMusic\.gradle\buildOutputCleanup)" [_thread_blocked, id=22320, stack(0x0000000add200000,0x0000000add300000)]
  0x0000019fa31e3620 JavaThread "Unconstrained build operations" [_thread_blocked, id=2992, stack(0x0000000add500000,0x0000000add600000)]
  0x0000019fa31dfe70 JavaThread "Unconstrained build operations Thread 2" [_thread_blocked, id=16348, stack(0x0000000add700000,0x0000000add800000)]
  0x0000019fa31e3b30 JavaThread "Unconstrained build operations Thread 3" [_thread_blocked, id=25404, stack(0x0000000add900000,0x0000000adda00000)]
  0x0000019fa31e0380 JavaThread "Unconstrained build operations Thread 4" [_thread_blocked, id=2176, stack(0x0000000adda00000,0x0000000addb00000)]
  0x0000019fa31e63b0 JavaThread "Unconstrained build operations Thread 5" [_thread_blocked, id=13672, stack(0x0000000addb00000,0x0000000addc00000)]
  0x0000019fa31e6dd0 JavaThread "Unconstrained build operations Thread 6" [_thread_blocked, id=13732, stack(0x0000000addc00000,0x0000000addd00000)]
  0x0000019fa31e72e0 JavaThread "Unconstrained build operations Thread 7" [_thread_blocked, id=25012, stack(0x0000000addd00000,0x0000000adde00000)]
  0x0000019fa31e77f0 JavaThread "Unconstrained build operations Thread 8" [_thread_blocked, id=23444, stack(0x0000000adde00000,0x0000000addf00000)]
  0x0000019fa31e4040 JavaThread "Unconstrained build operations Thread 9" [_thread_blocked, id=13220, stack(0x0000000addf00000,0x0000000ade000000)]
  0x0000019fa31e7d00 JavaThread "Unconstrained build operations Thread 10" [_thread_blocked, id=19140, stack(0x0000000ade000000,0x0000000ade100000)]
  0x0000019fa31e4550 JavaThread "Unconstrained build operations Thread 11" [_thread_blocked, id=9556, stack(0x0000000ade100000,0x0000000ade200000)]
  0x0000019fa31e8210 JavaThread "Unconstrained build operations Thread 12" [_thread_blocked, id=18968, stack(0x0000000ade300000,0x0000000ade400000)]
  0x0000019fa31e5480 JavaThread "Unconstrained build operations Thread 13" [_thread_blocked, id=900, stack(0x0000000ade400000,0x0000000ade500000)]
  0x0000019fa31e4a60 JavaThread "Unconstrained build operations Thread 14" [_thread_blocked, id=12484, stack(0x0000000ade500000,0x0000000ade600000)]
  0x0000019fa31e8720 JavaThread "Unconstrained build operations Thread 15" [_thread_blocked, id=24952, stack(0x0000000ade600000,0x0000000ade700000)]
  0x0000019fa31e4f70 JavaThread "Unconstrained build operations Thread 16" [_thread_blocked, id=11296, stack(0x0000000ade700000,0x0000000ade800000)]
  0x0000019fa31e8c30 JavaThread "Unconstrained build operations Thread 17" [_thread_blocked, id=16896, stack(0x0000000ade800000,0x0000000ade900000)]
  0x0000019fa31e9140 JavaThread "Unconstrained build operations Thread 18" [_thread_blocked, id=1968, stack(0x0000000ade900000,0x0000000adea00000)]
  0x0000019fa31e5990 JavaThread "Unconstrained build operations Thread 19" [_thread_blocked, id=18224, stack(0x0000000adea00000,0x0000000adeb00000)]
  0x0000019fa31eafa0 JavaThread "Unconstrained build operations Thread 20" [_thread_blocked, id=19884, stack(0x0000000adeb00000,0x0000000adec00000)]
  0x0000019fa31eb4b0 JavaThread "Unconstrained build operations Thread 21" [_thread_blocked, id=17992, stack(0x0000000aded00000,0x0000000adee00000)]
  0x0000019fa31eaa90 JavaThread "Unconstrained build operations Thread 22" [_thread_blocked, id=23640, stack(0x0000000adf000000,0x0000000adf100000)]
  0x0000019fa31eb9c0 JavaThread "build event listener" [_thread_blocked, id=7828, stack(0x0000000adf500000,0x0000000adf600000)]
  0x0000019fa31ec8f0 JavaThread "build event listener" [_thread_blocked, id=20932, stack(0x0000000adf900000,0x0000000adfa00000)]
  0x0000019fa31ea070 JavaThread "pool-26-thread-1" [_thread_blocked, id=15192, stack(0x0000000adfa00000,0x0000000adfb00000)]
  0x0000019fa31e9650 JavaThread "build event listener" [_thread_blocked, id=19260, stack(0x0000000adfc00000,0x0000000adfd00000)]
  0x0000019fa31ea580 JavaThread "included builds" [_thread_blocked, id=13944, stack(0x0000000adfd00000,0x0000000adfe00000)]
  0x0000019fa31ece00 JavaThread "Execution worker" [_thread_blocked, id=7780, stack(0x0000000adfe00000,0x0000000adff00000)]
  0x0000019fa31ed310 JavaThread "Execution worker Thread 2" [_thread_blocked, id=15244, stack(0x0000000adff00000,0x0000000ae0000000)]
  0x0000019fa31e9b60 JavaThread "Execution worker Thread 3" [_thread_blocked, id=20532, stack(0x0000000ae0000000,0x0000000ae0100000)]
  0x0000019fa31ed820 JavaThread "Execution worker Thread 4" [_thread_blocked, id=24624, stack(0x0000000ae0100000,0x0000000ae0200000)]
  0x0000019fa31edd30 JavaThread "Execution worker Thread 5" [_thread_blocked, id=1384, stack(0x0000000ae0200000,0x0000000ae0300000)]
  0x0000019fa31ee240 JavaThread "Execution worker Thread 6" [_thread_blocked, id=4416, stack(0x0000000ae0300000,0x0000000ae0400000)]
  0x0000019fa31ee750 JavaThread "Execution worker Thread 7" [_thread_blocked, id=3156, stack(0x0000000ae0400000,0x0000000ae0500000)]
  0x0000019fafd59600 JavaThread "Execution worker Thread 8" [_thread_blocked, id=22868, stack(0x0000000ae0500000,0x0000000ae0600000)]
  0x0000019fafd5b460 JavaThread "Execution worker Thread 9" [_thread_blocked, id=4452, stack(0x0000000ae0600000,0x0000000ae0700000)]
  0x0000019fafd5af50 JavaThread "Execution worker Thread 10" [_thread_in_native, id=8560, stack(0x0000000ae0700000,0x0000000ae0800000)]
  0x0000019fafd590f0 JavaThread "Execution worker Thread 11" [_thread_blocked, id=14236, stack(0x0000000ae0800000,0x0000000ae0900000)]
  0x0000019fafd5a020 JavaThread "Cache worker for execution history cache (C:\Users\namsu\AndroidStudioProjects\RetroMusic\.gradle\8.2\executionHistory)" [_thread_blocked, id=22236, stack(0x0000000ae0900000,0x0000000ae0a00000)]
  0x0000019fafd5b970 JavaThread "Unconstrained build operations Thread 23" [_thread_blocked, id=17224, stack(0x0000000ae0b00000,0x0000000ae0c00000)]
  0x0000019fafd5a530 JavaThread "Unconstrained build operations Thread 24" [_thread_blocked, id=11964, stack(0x0000000ae0c00000,0x0000000ae0d00000)]
  0x0000019fafd58be0 JavaThread "Unconstrained build operations Thread 25" [_thread_blocked, id=22260, stack(0x0000000ae0d00000,0x0000000ae0e00000)]
  0x0000019fafd586d0 JavaThread "Unconstrained build operations Thread 26" [_thread_blocked, id=10112, stack(0x0000000ae0e00000,0x0000000ae0f00000)]
  0x0000019fafd5c390 JavaThread "Unconstrained build operations Thread 27" [_thread_blocked, id=14376, stack(0x0000000ae0f00000,0x0000000ae1000000)]
  0x0000019fafd59b10 JavaThread "Unconstrained build operations Thread 28" [_thread_blocked, id=11672, stack(0x0000000ae1000000,0x0000000ae1100000)]
  0x0000019fafd5e700 JavaThread "Unconstrained build operations Thread 29" [_thread_blocked, id=7776, stack(0x0000000ae1100000,0x0000000ae1200000)]
  0x0000019fafd5be80 JavaThread "Unconstrained build operations Thread 30" [_thread_blocked, id=24752, stack(0x0000000ae1200000,0x0000000ae1300000)]
  0x0000019fafd5ec10 JavaThread "Unconstrained build operations Thread 31" [_thread_blocked, id=1424, stack(0x0000000ae1300000,0x0000000ae1400000)]
  0x0000019fafd5c8a0 JavaThread "Unconstrained build operations Thread 32" [_thread_blocked, id=18636, stack(0x0000000ae1400000,0x0000000ae1500000)]
  0x0000019fafd5f120 JavaThread "Unconstrained build operations Thread 33" [_thread_blocked, id=6800, stack(0x0000000ae1500000,0x0000000ae1600000)]
  0x0000019fafd5e1f0 JavaThread "Unconstrained build operations Thread 34" [_thread_blocked, id=3372, stack(0x0000000ae1600000,0x0000000ae1700000)]
  0x0000019fafd5dce0 JavaThread "Unconstrained build operations Thread 35" [_thread_blocked, id=25352, stack(0x0000000ae1700000,0x0000000ae1800000)]
  0x0000019fafd5f630 JavaThread "Unconstrained build operations Thread 36" [_thread_blocked, id=6500, stack(0x0000000ae1800000,0x0000000ae1900000)]
  0x0000019fafd5fb40 JavaThread "Unconstrained build operations Thread 37" [_thread_blocked, id=3620, stack(0x0000000ae1900000,0x0000000ae1a00000)]
  0x0000019fafd60050 JavaThread "Unconstrained build operations Thread 38" [_thread_blocked, id=2208, stack(0x0000000ae1a00000,0x0000000ae1b00000)]
  0x0000019fafd60560 JavaThread "Unconstrained build operations Thread 39" [_thread_blocked, id=10816, stack(0x0000000ae1b00000,0x0000000ae1c00000)]
  0x0000019fafd60a70 JavaThread "WorkerExecutor Queue" [_thread_blocked, id=9200, stack(0x0000000ae1c00000,0x0000000ae1d00000)]
  0x0000019fafd5d2c0 JavaThread "Unconstrained build operations Thread 40" [_thread_blocked, id=4016, stack(0x0000000ade200000,0x0000000ade300000)]
  0x0000019fafd5d7d0 JavaThread "WorkerExecutor Queue Thread 2" [_thread_blocked, id=14272, stack(0x0000000ae1d00000,0x0000000ae1e00000)]
  0x0000019fafd628d0 JavaThread "WorkerExecutor Queue Thread 3" [_thread_blocked, id=15372, stack(0x0000000ae1e00000,0x0000000ae1f00000)]
  0x0000019fafd61490 JavaThread "WorkerExecutor Queue Thread 4" [_thread_blocked, id=2372, stack(0x0000000ae1f00000,0x0000000ae2000000)]
  0x0000019fafd619a0 JavaThread "Unconstrained build operations Thread 41" [_thread_blocked, id=18736, stack(0x0000000ae2000000,0x0000000ae2100000)]
  0x0000019fafd65b70 JavaThread "WorkerExecutor Queue Thread 5" [_thread_blocked, id=22480, stack(0x0000000ae2100000,0x0000000ae2200000)]
  0x0000019fafd63800 JavaThread "WorkerExecutor Queue Thread 6" [_thread_blocked, id=24052, stack(0x0000000add100000,0x0000000add200000)]
  0x0000019fafd623c0 JavaThread "WorkerExecutor Queue Thread 7" [_thread_blocked, id=2540, stack(0x0000000ae2200000,0x0000000ae2300000)]
  0x0000019fafd66590 JavaThread "WorkerExecutor Queue Thread 9" [_thread_blocked, id=8248, stack(0x0000000ae2500000,0x0000000ae2600000)]
  0x0000019fafd62de0 JavaThread "WorkerExecutor Queue Thread 10" [_thread_in_native, id=14004, stack(0x0000000ae2600000,0x0000000ae2700000)]
  0x0000019fafd66aa0 JavaThread "WorkerExecutor Queue Thread 11" [_thread_blocked, id=13356, stack(0x0000000ae2900000,0x0000000ae2a00000)]
  0x0000019fafd632f0 JavaThread "WorkerExecutor Queue Thread 12" [_thread_blocked, id=248, stack(0x0000000ae2a00000,0x0000000ae2b00000)]
  0x0000019fafd674c0 JavaThread "WorkerExecutor Queue Thread 14" [_thread_blocked, id=22792, stack(0x0000000ae2c00000,0x0000000ae2d00000)]
  0x0000019f97d6e100 JavaThread "Unconstrained build operations Thread 42" [_thread_blocked, id=20600, stack(0x0000000ae2d00000,0x0000000ae2e00000)]
  0x0000019f97d6b880 JavaThread "Unconstrained build operations Thread 43" [_thread_blocked, id=6472, stack(0x0000000ae2e00000,0x0000000ae2f00000)]
  0x0000019f97d6eb20 JavaThread "Unconstrained build operations Thread 44" [_thread_blocked, id=2164, stack(0x0000000ae2f00000,0x0000000ae3000000)]
  0x0000019f97d6c2a0 JavaThread "Unconstrained build operations Thread 45" [_thread_blocked, id=23344, stack(0x0000000ae3000000,0x0000000ae3100000)]
  0x0000019f97d6f540 JavaThread "Unconstrained build operations Thread 46" [_thread_blocked, id=24992, stack(0x0000000ae3100000,0x0000000ae3200000)]
  0x0000019f97d6bd90 JavaThread "Unconstrained build operations Thread 47" [_thread_blocked, id=20716, stack(0x0000000ae3200000,0x0000000ae3300000)]
  0x0000019f97d6fa50 JavaThread "Unconstrained build operations Thread 48" [_thread_blocked, id=7852, stack(0x0000000ae3300000,0x0000000ae3400000)]
  0x0000019f97d6d1d0 JavaThread "Unconstrained build operations Thread 49" [_thread_blocked, id=22784, stack(0x0000000ae3400000,0x0000000ae3500000)]
  0x0000019f97d6ccc0 JavaThread "Unconstrained build operations Thread 50" [_thread_blocked, id=3500, stack(0x0000000ae3500000,0x0000000ae3600000)]
  0x0000019f97d72cf0 JavaThread "Unconstrained build operations Thread 51" [_thread_blocked, id=1812, stack(0x0000000ae3600000,0x0000000ae3700000)]
  0x0000019f97d70980 JavaThread "Unconstrained build operations Thread 52" [_thread_blocked, id=18988, stack(0x0000000ae3700000,0x0000000ae3800000)]
  0x0000019f97d71dc0 JavaThread "Unconstrained build operations Thread 53" [_thread_blocked, id=8244, stack(0x0000000ae2300000,0x0000000ae2400000)]
  0x0000019f97d73200 JavaThread "Unconstrained build operations Thread 54" [_thread_blocked, id=21920, stack(0x0000000ae3800000,0x0000000ae3900000)]
  0x0000019f98e52f50 JavaThread "Unconstrained build operations Thread 55" [_thread_blocked, id=17020, stack(0x0000000ae3900000,0x0000000ae3a00000)]
  0x0000019f98e52530 JavaThread "Unconstrained build operations Thread 56" [_thread_blocked, id=20212, stack(0x0000000ae3a00000,0x0000000ae3b00000)]
  0x0000019f98e501c0 JavaThread "Unconstrained build operations Thread 57" [_thread_blocked, id=9592, stack(0x0000000ae3c00000,0x0000000ae3d00000)]
  0x0000019f98e52a40 JavaThread "Unconstrained build operations Thread 58" [_thread_blocked, id=9560, stack(0x0000000ae3d00000,0x0000000ae3e00000)]
  0x0000019f98e53460 JavaThread "Unconstrained build operations Thread 59" [_thread_blocked, id=10332, stack(0x0000000ae3e00000,0x0000000ae3f00000)]
  0x0000019f98e53970 JavaThread "Unconstrained build operations Thread 60" [_thread_blocked, id=18260, stack(0x0000000ae3f00000,0x0000000ae4000000)]
  0x0000019f98e506d0 JavaThread "Unconstrained build operations Thread 61" [_thread_blocked, id=17280, stack(0x0000000ae4000000,0x0000000ae4100000)]
  0x0000019f98e53e80 JavaThread "Unconstrained build operations Thread 62" [_thread_blocked, id=18408, stack(0x0000000ae4100000,0x0000000ae4200000)]
  0x0000019f98e50be0 JavaThread "Unconstrained build operations Thread 63" [_thread_blocked, id=22016, stack(0x0000000ae4200000,0x0000000ae4300000)]
  0x0000019f98e552c0 JavaThread "Unconstrained build operations Thread 64" [_thread_blocked, id=20744, stack(0x0000000ae2400000,0x0000000ae2500000)]
  0x0000019fa0753df0 JavaThread "Unconstrained build operations Thread 65" [_thread_blocked, id=11796, stack(0x0000000ae2b00000,0x0000000ae2c00000)]
  0x0000019fa07529b0 JavaThread "RMI RenewClean-[127.0.0.1:17503,org.jetbrains.kotlin.daemon.common.LoopbackNetworkInterface$ClientLoopbackSocketFactory@3568eb7c]" daemon [_thread_blocked, id=17164, stack(0x0000000ae4300000,0x0000000ae4400000)]
  0x0000019fa0754810 JavaThread "RMI TCP Accept-0" daemon [_thread_in_native, id=19320, stack(0x0000000ae4500000,0x0000000ae4600000)]
  0x0000019fa07538e0 JavaThread "Thread-1080" [_thread_in_native, id=4684, stack(0x0000000ae4600000,0x0000000ae4700000)]

Other Threads:
  0x0000019f4d5b73c0 VMThread "VM Thread" [stack: 0x0000000ad9900000,0x0000000ad9a00000] [id=16592]
  0x0000019f2cd2abb0 WatcherThread [stack: 0x0000000ada500000,0x0000000ada600000] [id=13980]
  0x0000019f2cd874f0 GCTaskThread "GC Thread#0" [stack: 0x0000000ad9400000,0x0000000ad9500000] [id=16660]
  0x0000019f939578e0 GCTaskThread "GC Thread#1" [stack: 0x0000000ada800000,0x0000000ada900000] [id=23360]
  0x0000019f93957ba0 GCTaskThread "GC Thread#2" [stack: 0x0000000ada900000,0x0000000adaa00000] [id=11020]
  0x0000019f93a18d60 GCTaskThread "GC Thread#3" [stack: 0x0000000adaa00000,0x0000000adab00000] [id=10096]
  0x0000019f93a19020 GCTaskThread "GC Thread#4" [stack: 0x0000000adab00000,0x0000000adac00000] [id=4140]
  0x0000019f93a192e0 GCTaskThread "GC Thread#5" [stack: 0x0000000adac00000,0x0000000adad00000] [id=21832]
  0x0000019f93a195a0 GCTaskThread "GC Thread#6" [stack: 0x0000000adad00000,0x0000000adae00000] [id=19420]
  0x0000019f93b1aa70 GCTaskThread "GC Thread#7" [stack: 0x0000000adae00000,0x0000000adaf00000] [id=22336]
  0x0000019f93b1ad30 GCTaskThread "GC Thread#8" [stack: 0x0000000adaf00000,0x0000000adb000000] [id=10800]
  0x0000019f93b1b790 GCTaskThread "GC Thread#9" [stack: 0x0000000adb000000,0x0000000adb100000] [id=3988]
  0x0000019f2cd98350 ConcurrentGCThread "G1 Main Marker" [stack: 0x0000000ad9500000,0x0000000ad9600000] [id=10484]
  0x0000019f2cd9b970 ConcurrentGCThread "G1 Conc#0" [stack: 0x0000000ad9600000,0x0000000ad9700000] [id=16984]
  0x0000019f94914930 ConcurrentGCThread "G1 Conc#1" [stack: 0x0000000adcc00000,0x0000000adcd00000] [id=24108]
  0x0000019f94913070 ConcurrentGCThread "G1 Conc#2" [stack: 0x0000000adcd00000,0x0000000adce00000] [id=14204]
  0x0000019f4d5503f0 ConcurrentGCThread "G1 Refine#0" [stack: 0x0000000ad9700000,0x0000000ad9800000] [id=19580]
  0x0000019f9676d360 ConcurrentGCThread "G1 Refine#1" [stack: 0x0000000add400000,0x0000000add500000] [id=20612]
  0x0000019f96eafc50 ConcurrentGCThread "G1 Refine#2" [stack: 0x0000000adec00000,0x0000000aded00000] [id=11604]
  0x0000019f9610d4e0 ConcurrentGCThread "G1 Refine#3" [stack: 0x0000000adef00000,0x0000000adf000000] [id=13320]
  0x0000019f94e6e4b0 ConcurrentGCThread "G1 Refine#4" [stack: 0x0000000adf200000,0x0000000adf300000] [id=16316]
  0x0000019fa056bea0 ConcurrentGCThread "G1 Refine#5" [stack: 0x0000000adf300000,0x0000000adf400000] [id=13960]
  0x0000019f4d550ad0 ConcurrentGCThread "G1 Service" [stack: 0x0000000ad9800000,0x0000000ad9900000] [id=10548]

Threads with active compile tasks:
C2 CompilerThread0   871316 55060       4       org.mozilla.universalchardet.UniversalDetector::handleData (644 bytes)

VM state: not at safepoint (normal execution)

VM Mutex/Monitor currently owned by a thread: None

Heap address: 0x0000000080000000, size: 2048 MB, Compressed Oops mode: 32-bit

CDS archive(s) mapped at: [0x0000019f4e000000-0x0000019f4ebb0000-0x0000019f4ebb0000), size 12255232, SharedBaseAddress: 0x0000019f4e000000, ArchiveRelocationMode: 1.
Compressed class space mapped at: 0x0000019f4f000000-0x0000019f8f000000, reserved size: 1073741824
Narrow klass base: 0x0000019f4e000000, Narrow klass shift: 0, Narrow klass range: 0x100000000

GC Precious Log:
 CPUs: 12 total, 12 available
 Memory: 32620M
 Large Page Support: Disabled
 NUMA Support: Disabled
 Compressed Oops: Enabled (32-bit)
 Heap Region Size: 1M
 Heap Min Capacity: 8M
 Heap Initial Capacity: 510M
 Heap Max Capacity: 2G
 Pre-touch: Disabled
 Parallel Workers: 10
 Concurrent Workers: 3
 Concurrent Refinement Workers: 10
 Periodic GC: Disabled

Heap:
 garbage-first heap   total 1036288K, used 791952K [0x0000000080000000, 0x0000000100000000)
  region size 1024K, 206 young (210944K), 6 survivors (6144K)
 Metaspace       used 299812K, committed 302784K, reserved 1376256K
  class space    used 37546K, committed 38976K, reserved 1048576K

Heap Regions: E=young(eden), S=young(survivor), O=old, HS=humongous(starts), HC=humongous(continues), CS=collection set, F=free, OA=open archive, CA=closed archive, TAMS=top-at-mark-start (previous, next)
|   0|0x0000000080000000, 0x0000000080100000, 0x0000000080100000|100%|HS|  |TAMS 0x0000000080100000, 0x0000000080000000| Complete 
|   1|0x0000000080100000, 0x0000000080200000, 0x0000000080200000|100%|HC|  |TAMS 0x0000000080200000, 0x0000000080100000| Complete 
|   2|0x0000000080200000, 0x0000000080300000, 0x0000000080300000|100%|HC|  |TAMS 0x0000000080300000, 0x0000000080200000| Complete 
|   3|0x0000000080300000, 0x0000000080400000, 0x0000000080400000|100%|HC|  |TAMS 0x0000000080400000, 0x0000000080300000| Complete 
|   4|0x0000000080400000, 0x0000000080500000, 0x0000000080500000|100%| O|  |TAMS 0x0000000080500000, 0x0000000080400000| Untracked 
|   5|0x0000000080500000, 0x0000000080600000, 0x0000000080600000|100%| O|  |TAMS 0x0000000080600000, 0x0000000080500000| Untracked 
|   6|0x0000000080600000, 0x0000000080700000, 0x0000000080700000|100%| O|  |TAMS 0x0000000080700000, 0x0000000080600000| Untracked 
|   7|0x0000000080700000, 0x0000000080800000, 0x0000000080800000|100%|HS|  |TAMS 0x0000000080800000, 0x0000000080700000| Complete 
|   8|0x0000000080800000, 0x0000000080900000, 0x0000000080900000|100%| O|  |TAMS 0x0000000080900000, 0x0000000080800000| Untracked 
|   9|0x0000000080900000, 0x0000000080a00000, 0x0000000080a00000|100%| O|  |TAMS 0x0000000080a00000, 0x0000000080900000| Untracked 
|  10|0x0000000080a00000, 0x0000000080b00000, 0x0000000080b00000|100%| O|  |TAMS 0x0000000080b00000, 0x0000000080a00000| Untracked 
|  11|0x0000000080b00000, 0x0000000080c00000, 0x0000000080c00000|100%|HS|  |TAMS 0x0000000080c00000, 0x0000000080b00000| Complete 
|  12|0x0000000080c00000, 0x0000000080d00000, 0x0000000080d00000|100%|HS|  |TAMS 0x0000000080d00000, 0x0000000080c00000| Complete 
|  13|0x0000000080d00000, 0x0000000080e00000, 0x0000000080e00000|100%|HC|  |TAMS 0x0000000080e00000, 0x0000000080d00000| Complete 
|  14|0x0000000080e00000, 0x0000000080f00000, 0x0000000080f00000|100%|HC|  |TAMS 0x0000000080f00000, 0x0000000080e00000| Complete 
|  15|0x0000000080f00000, 0x0000000081000000, 0x0000000081000000|100%|HC|  |TAMS 0x0000000081000000, 0x0000000080f00000| Complete 
|  16|0x0000000081000000, 0x0000000081100000, 0x0000000081100000|100%|HC|  |TAMS 0x0000000081100000, 0x0000000081000000| Complete 
|  17|0x0000000081100000, 0x0000000081200000, 0x0000000081200000|100%|HC|  |TAMS 0x0000000081200000, 0x0000000081100000| Complete 
|  18|0x0000000081200000, 0x0000000081300000, 0x0000000081300000|100%|HS|  |TAMS 0x0000000081300000, 0x0000000081200000| Complete 
|  19|0x0000000081300000, 0x0000000081400000, 0x0000000081400000|100%|HC|  |TAMS 0x0000000081400000, 0x0000000081300000| Complete 
|  20|0x0000000081400000, 0x0000000081500000, 0x0000000081500000|100%|HC|  |TAMS 0x0000000081500000, 0x0000000081400000| Complete 
|  21|0x0000000081500000, 0x0000000081600000, 0x0000000081600000|100%|HC|  |TAMS 0x0000000081600000, 0x0000000081500000| Complete 
|  22|0x0000000081600000, 0x0000000081700000, 0x0000000081700000|100%|HS|  |TAMS 0x0000000081700000, 0x0000000081600000| Complete 
|  23|0x0000000081700000, 0x0000000081800000, 0x0000000081800000|100%|HC|  |TAMS 0x0000000081800000, 0x0000000081700000| Complete 
|  24|0x0000000081800000, 0x0000000081900000, 0x0000000081900000|100%| O|  |TAMS 0x0000000081900000, 0x0000000081800000| Untracked 
|  25|0x0000000081900000, 0x0000000081a00000, 0x0000000081a00000|100%| O|  |TAMS 0x0000000081a00000, 0x0000000081900000| Untracked 
|  26|0x0000000081a00000, 0x0000000081b00000, 0x0000000081b00000|100%| O|  |TAMS 0x0000000081b00000, 0x0000000081a00000| Untracked 
|  27|0x0000000081b00000, 0x0000000081c00000, 0x0000000081c00000|100%| O|  |TAMS 0x0000000081c00000, 0x0000000081b00000| Untracked 
|  28|0x0000000081c00000, 0x0000000081d00000, 0x0000000081d00000|100%| O|  |TAMS 0x0000000081d00000, 0x0000000081c00000| Untracked 
|  29|0x0000000081d00000, 0x0000000081e00000, 0x0000000081e00000|100%| O|  |TAMS 0x0000000081e00000, 0x0000000081d00000| Untracked 
|  30|0x0000000081e00000, 0x0000000081f00000, 0x0000000081f00000|100%| O|  |TAMS 0x0000000081f00000, 0x0000000081e00000| Untracked 
|  31|0x0000000081f00000, 0x0000000082000000, 0x0000000082000000|100%| O|  |TAMS 0x0000000082000000, 0x0000000081f00000| Untracked 
|  32|0x0000000082000000, 0x0000000082100000, 0x0000000082100000|100%| O|  |TAMS 0x0000000082100000, 0x0000000082000000| Untracked 
|  33|0x0000000082100000, 0x0000000082200000, 0x0000000082200000|100%| O|  |TAMS 0x0000000082200000, 0x0000000082100000| Untracked 
|  34|0x0000000082200000, 0x0000000082300000, 0x0000000082300000|100%| O|  |TAMS 0x0000000082300000, 0x0000000082200000| Untracked 
|  35|0x0000000082300000, 0x0000000082400000, 0x0000000082400000|100%| O|  |TAMS 0x0000000082400000, 0x0000000082300000| Untracked 
|  36|0x0000000082400000, 0x0000000082500000, 0x0000000082500000|100%| O|  |TAMS 0x0000000082500000, 0x0000000082400000| Untracked 
|  37|0x0000000082500000, 0x0000000082600000, 0x0000000082600000|100%| O|  |TAMS 0x0000000082600000, 0x0000000082500000| Untracked 
|  38|0x0000000082600000, 0x0000000082700000, 0x0000000082700000|100%| O|  |TAMS 0x0000000082700000, 0x0000000082600000| Untracked 
|  39|0x0000000082700000, 0x0000000082800000, 0x0000000082800000|100%| O|  |TAMS 0x0000000082800000, 0x0000000082700000| Untracked 
|  40|0x0000000082800000, 0x0000000082900000, 0x0000000082900000|100%| O|  |TAMS 0x0000000082900000, 0x0000000082800000| Untracked 
|  41|0x0000000082900000, 0x0000000082a00000, 0x0000000082a00000|100%| O|  |TAMS 0x0000000082a00000, 0x0000000082900000| Untracked 
|  42|0x0000000082a00000, 0x0000000082b00000, 0x0000000082b00000|100%| O|  |TAMS 0x0000000082b00000, 0x0000000082a00000| Untracked 
|  43|0x0000000082b00000, 0x0000000082c00000, 0x0000000082c00000|100%| O|  |TAMS 0x0000000082c00000, 0x0000000082b00000| Untracked 
|  44|0x0000000082c00000, 0x0000000082d00000, 0x0000000082d00000|100%| O|  |TAMS 0x0000000082d00000, 0x0000000082c00000| Untracked 
|  45|0x0000000082d00000, 0x0000000082e00000, 0x0000000082e00000|100%| O|  |TAMS 0x0000000082e00000, 0x0000000082d00000| Untracked 
|  46|0x0000000082e00000, 0x0000000082f00000, 0x0000000082f00000|100%|HS|  |TAMS 0x0000000082f00000, 0x0000000082e00000| Complete 
|  47|0x0000000082f00000, 0x0000000083000000, 0x0000000083000000|100%| O|  |TAMS 0x0000000083000000, 0x0000000082f00000| Untracked 
|  48|0x0000000083000000, 0x0000000083100000, 0x0000000083100000|100%|HS|  |TAMS 0x0000000083100000, 0x0000000083000000| Complete 
|  49|0x0000000083100000, 0x0000000083200000, 0x0000000083200000|100%|HC|  |TAMS 0x0000000083200000, 0x0000000083100000| Complete 
|  50|0x0000000083200000, 0x0000000083300000, 0x0000000083300000|100%|HC|  |TAMS 0x0000000083300000, 0x0000000083200000| Complete 
|  51|0x0000000083300000, 0x0000000083400000, 0x0000000083400000|100%|HC|  |TAMS 0x0000000083400000, 0x0000000083300000| Complete 
|  52|0x0000000083400000, 0x0000000083500000, 0x0000000083500000|100%|HC|  |TAMS 0x0000000083500000, 0x0000000083400000| Complete 
|  53|0x0000000083500000, 0x0000000083600000, 0x0000000083600000|100%|HC|  |TAMS 0x0000000083600000, 0x0000000083500000| Complete 
|  54|0x0000000083600000, 0x0000000083700000, 0x0000000083700000|100%| O|  |TAMS 0x0000000083700000, 0x0000000083600000| Untracked 
|  55|0x0000000083700000, 0x0000000083800000, 0x0000000083800000|100%| O|  |TAMS 0x0000000083800000, 0x0000000083700000| Untracked 
|  56|0x0000000083800000, 0x0000000083900000, 0x0000000083900000|100%| O|  |TAMS 0x0000000083900000, 0x0000000083800000| Untracked 
|  57|0x0000000083900000, 0x0000000083a00000, 0x0000000083a00000|100%| O|  |TAMS 0x0000000083a00000, 0x0000000083900000| Untracked 
|  58|0x0000000083a00000, 0x0000000083b00000, 0x0000000083b00000|100%| O|  |TAMS 0x0000000083b00000, 0x0000000083a00000| Untracked 
|  59|0x0000000083b00000, 0x0000000083c00000, 0x0000000083c00000|100%| O|  |TAMS 0x0000000083c00000, 0x0000000083b00000| Untracked 
|  60|0x0000000083c00000, 0x0000000083d00000, 0x0000000083d00000|100%| O|  |TAMS 0x0000000083d00000, 0x0000000083c00000| Untracked 
|  61|0x0000000083d00000, 0x0000000083e00000, 0x0000000083e00000|100%| O|  |TAMS 0x0000000083e00000, 0x0000000083d00000| Untracked 
|  62|0x0000000083e00000, 0x0000000083f00000, 0x0000000083f00000|100%| O|  |TAMS 0x0000000083f00000, 0x0000000083e00000| Untracked 
|  63|0x0000000083f00000, 0x0000000084000000, 0x0000000084000000|100%| O|  |TAMS 0x0000000084000000, 0x0000000083f00000| Untracked 
|  64|0x0000000084000000, 0x0000000084100000, 0x0000000084100000|100%| O|  |TAMS 0x0000000084100000, 0x0000000084000000| Untracked 
|  65|0x0000000084100000, 0x0000000084200000, 0x0000000084200000|100%| O|  |TAMS 0x0000000084200000, 0x0000000084100000| Untracked 
|  66|0x0000000084200000, 0x0000000084300000, 0x0000000084300000|100%| O|  |TAMS 0x0000000084300000, 0x0000000084200000| Untracked 
|  67|0x0000000084300000, 0x0000000084400000, 0x0000000084400000|100%| O|  |TAMS 0x0000000084400000, 0x0000000084300000| Untracked 
|  68|0x0000000084400000, 0x0000000084500000, 0x0000000084500000|100%| O|  |TAMS 0x0000000084500000, 0x0000000084400000| Untracked 
|  69|0x0000000084500000, 0x0000000084600000, 0x0000000084600000|100%| O|  |TAMS 0x0000000084600000, 0x0000000084500000| Untracked 
|  70|0x0000000084600000, 0x0000000084700000, 0x0000000084700000|100%| O|  |TAMS 0x0000000084600000, 0x0000000084600000| Untracked 
|  71|0x0000000084700000, 0x0000000084800000, 0x0000000084800000|100%| O|  |TAMS 0x0000000084700000, 0x0000000084700000| Untracked 
|  72|0x0000000084800000, 0x0000000084900000, 0x0000000084900000|100%| O|  |TAMS 0x0000000084800000, 0x0000000084800000| Untracked 
|  73|0x0000000084900000, 0x0000000084a00000, 0x0000000084a00000|100%| O|  |TAMS 0x0000000084900000, 0x0000000084900000| Untracked 
|  74|0x0000000084a00000, 0x0000000084b00000, 0x0000000084b00000|100%| O|  |TAMS 0x0000000084a00000, 0x0000000084a00000| Untracked 
|  75|0x0000000084b00000, 0x0000000084c00000, 0x0000000084c00000|100%| O|  |TAMS 0x0000000084c00000, 0x0000000084b00000| Untracked 
|  76|0x0000000084c00000, 0x0000000084d00000, 0x0000000084d00000|100%|HS|  |TAMS 0x0000000084d00000, 0x0000000084c00000| Complete 
|  77|0x0000000084d00000, 0x0000000084e00000, 0x0000000084e00000|100%|HS|  |TAMS 0x0000000084e00000, 0x0000000084d00000| Complete 
|  78|0x0000000084e00000, 0x0000000084f00000, 0x0000000084f00000|100%|HC|  |TAMS 0x0000000084f00000, 0x0000000084e00000| Complete 
|  79|0x0000000084f00000, 0x0000000085000000, 0x0000000085000000|100%|HS|  |TAMS 0x0000000085000000, 0x0000000084f00000| Complete 
|  80|0x0000000085000000, 0x0000000085100000, 0x0000000085100000|100%|HS|  |TAMS 0x0000000085100000, 0x0000000085000000| Complete 
|  81|0x0000000085100000, 0x0000000085200000, 0x0000000085200000|100%|HC|  |TAMS 0x0000000085200000, 0x0000000085100000| Complete 
|  82|0x0000000085200000, 0x0000000085300000, 0x0000000085300000|100%|HC|  |TAMS 0x0000000085300000, 0x0000000085200000| Complete 
|  83|0x0000000085300000, 0x0000000085400000, 0x0000000085400000|100%|HC|  |TAMS 0x0000000085400000, 0x0000000085300000| Complete 
|  84|0x0000000085400000, 0x0000000085500000, 0x0000000085500000|100%| O|  |TAMS 0x0000000085500000, 0x0000000085400000| Untracked 
|  85|0x0000000085500000, 0x0000000085600000, 0x0000000085600000|100%|HS|  |TAMS 0x0000000085600000, 0x0000000085500000| Complete 
|  86|0x0000000085600000, 0x0000000085700000, 0x0000000085700000|100%|HC|  |TAMS 0x0000000085700000, 0x0000000085600000| Complete 
|  87|0x0000000085700000, 0x0000000085800000, 0x0000000085800000|100%|HS|  |TAMS 0x0000000085800000, 0x0000000085700000| Complete 
|  88|0x0000000085800000, 0x0000000085900000, 0x0000000085900000|100%| O|  |TAMS 0x0000000085900000, 0x0000000085800000| Untracked 
|  89|0x0000000085900000, 0x0000000085a00000, 0x0000000085a00000|100%| O|  |TAMS 0x0000000085a00000, 0x0000000085900000| Untracked 
|  90|0x0000000085a00000, 0x0000000085b00000, 0x0000000085b00000|100%| O|  |TAMS 0x0000000085a00000, 0x0000000085a00000| Untracked 
|  91|0x0000000085b00000, 0x0000000085c00000, 0x0000000085c00000|100%| O|  |TAMS 0x0000000085c00000, 0x0000000085b00000| Untracked 
|  92|0x0000000085c00000, 0x0000000085d00000, 0x0000000085d00000|100%|HS|  |TAMS 0x0000000085d00000, 0x0000000085c00000| Complete 
|  93|0x0000000085d00000, 0x0000000085e00000, 0x0000000085e00000|100%|HC|  |TAMS 0x0000000085e00000, 0x0000000085d00000| Complete 
|  94|0x0000000085e00000, 0x0000000085f00000, 0x0000000085f00000|100%| O|  |TAMS 0x0000000085f00000, 0x0000000085e00000| Untracked 
|  95|0x0000000085f00000, 0x0000000086000000, 0x0000000086000000|100%| O|  |TAMS 0x0000000086000000, 0x0000000085f00000| Untracked 
|  96|0x0000000086000000, 0x0000000086100000, 0x0000000086100000|100%| O|  |TAMS 0x0000000086100000, 0x0000000086000000| Untracked 
|  97|0x0000000086100000, 0x0000000086200000, 0x0000000086200000|100%| O|  |TAMS 0x0000000086200000, 0x0000000086100000| Untracked 
|  98|0x0000000086200000, 0x0000000086300000, 0x0000000086300000|100%| O|  |TAMS 0x0000000086300000, 0x0000000086200000| Untracked 
|  99|0x0000000086300000, 0x0000000086400000, 0x0000000086400000|100%| O|  |TAMS 0x0000000086400000, 0x0000000086300000| Untracked 
| 100|0x0000000086400000, 0x0000000086500000, 0x0000000086500000|100%| O|  |TAMS 0x0000000086500000, 0x0000000086400000| Untracked 
| 101|0x0000000086500000, 0x0000000086600000, 0x0000000086600000|100%| O|  |TAMS 0x0000000086600000, 0x0000000086500000| Untracked 
| 102|0x0000000086600000, 0x0000000086700000, 0x0000000086700000|100%| O|  |TAMS 0x0000000086700000, 0x0000000086600000| Untracked 
| 103|0x0000000086700000, 0x0000000086800000, 0x0000000086800000|100%| O|  |TAMS 0x0000000086700000, 0x0000000086700000| Untracked 
| 104|0x0000000086800000, 0x0000000086900000, 0x0000000086900000|100%| O|  |TAMS 0x0000000086900000, 0x0000000086800000| Untracked 
| 105|0x0000000086900000, 0x0000000086a00000, 0x0000000086a00000|100%| O|  |TAMS 0x0000000086a00000, 0x0000000086900000| Untracked 
| 106|0x0000000086a00000, 0x0000000086b00000, 0x0000000086b00000|100%| O|  |TAMS 0x0000000086b00000, 0x0000000086a00000| Untracked 
| 107|0x0000000086b00000, 0x0000000086c00000, 0x0000000086c00000|100%|HS|  |TAMS 0x0000000086c00000, 0x0000000086b00000| Complete 
| 108|0x0000000086c00000, 0x0000000086d00000, 0x0000000086d00000|100%|HC|  |TAMS 0x0000000086d00000, 0x0000000086c00000| Complete 
| 109|0x0000000086d00000, 0x0000000086e00000, 0x0000000086e00000|100%|HC|  |TAMS 0x0000000086e00000, 0x0000000086d00000| Complete 
| 110|0x0000000086e00000, 0x0000000086f00000, 0x0000000086f00000|100%|HC|  |TAMS 0x0000000086f00000, 0x0000000086e00000| Complete 
| 111|0x0000000086f00000, 0x0000000087000000, 0x0000000087000000|100%| O|  |TAMS 0x0000000087000000, 0x0000000086f00000| Untracked 
| 112|0x0000000087000000, 0x0000000087100000, 0x0000000087100000|100%|HS|  |TAMS 0x0000000087100000, 0x0000000087000000| Complete 
| 113|0x0000000087100000, 0x0000000087200000, 0x0000000087200000|100%|HS|  |TAMS 0x0000000087200000, 0x0000000087100000| Complete 
| 114|0x0000000087200000, 0x0000000087300000, 0x0000000087300000|100%|HC|  |TAMS 0x0000000087300000, 0x0000000087200000| Complete 
| 115|0x0000000087300000, 0x0000000087400000, 0x0000000087400000|100%|HS|  |TAMS 0x0000000087400000, 0x0000000087300000| Complete 
| 116|0x0000000087400000, 0x0000000087500000, 0x0000000087500000|100%| O|  |TAMS 0x0000000087500000, 0x0000000087400000| Untracked 
| 117|0x0000000087500000, 0x0000000087600000, 0x0000000087600000|100%| O|  |TAMS 0x0000000087600000, 0x0000000087500000| Untracked 
| 118|0x0000000087600000, 0x0000000087700000, 0x0000000087700000|100%| O|  |TAMS 0x0000000087700000, 0x0000000087600000| Untracked 
| 119|0x0000000087700000, 0x0000000087800000, 0x0000000087800000|100%|HS|  |TAMS 0x0000000087800000, 0x0000000087700000| Complete 
| 120|0x0000000087800000, 0x0000000087900000, 0x0000000087900000|100%|HC|  |TAMS 0x0000000087900000, 0x0000000087800000| Complete 
| 121|0x0000000087900000, 0x0000000087a00000, 0x0000000087a00000|100%|HC|  |TAMS 0x0000000087a00000, 0x0000000087900000| Complete 
| 122|0x0000000087a00000, 0x0000000087b00000, 0x0000000087b00000|100%|HC|  |TAMS 0x0000000087b00000, 0x0000000087a00000| Complete 
| 123|0x0000000087b00000, 0x0000000087c00000, 0x0000000087c00000|100%| O|  |TAMS 0x0000000087c00000, 0x0000000087b00000| Untracked 
| 124|0x0000000087c00000, 0x0000000087d00000, 0x0000000087d00000|100%|HS|  |TAMS 0x0000000087d00000, 0x0000000087c00000| Complete 
| 125|0x0000000087d00000, 0x0000000087e00000, 0x0000000087e00000|100%|HC|  |TAMS 0x0000000087e00000, 0x0000000087d00000| Complete 
| 126|0x0000000087e00000, 0x0000000087f00000, 0x0000000087f00000|100%| O|  |TAMS 0x0000000087f00000, 0x0000000087e00000| Untracked 
| 127|0x0000000087f00000, 0x0000000088000000, 0x0000000088000000|100%| O|  |TAMS 0x0000000088000000, 0x0000000087f00000| Untracked 
| 128|0x0000000088000000, 0x0000000088100000, 0x0000000088100000|100%| O|  |TAMS 0x0000000088100000, 0x0000000088000000| Untracked 
| 129|0x0000000088100000, 0x0000000088200000, 0x0000000088200000|100%| O|  |TAMS 0x0000000088200000, 0x0000000088100000| Untracked 
| 130|0x0000000088200000, 0x0000000088300000, 0x0000000088300000|100%| O|  |TAMS 0x0000000088300000, 0x0000000088200000| Untracked 
| 131|0x0000000088300000, 0x0000000088400000, 0x0000000088400000|100%| O|  |TAMS 0x0000000088400000, 0x0000000088300000| Untracked 
| 132|0x0000000088400000, 0x0000000088500000, 0x0000000088500000|100%| O|  |TAMS 0x0000000088500000, 0x0000000088400000| Untracked 
| 133|0x0000000088500000, 0x0000000088600000, 0x0000000088600000|100%| O|  |TAMS 0x0000000088600000, 0x0000000088500000| Untracked 
| 134|0x0000000088600000, 0x0000000088700000, 0x0000000088700000|100%| O|  |TAMS 0x0000000088700000, 0x0000000088600000| Untracked 
| 135|0x0000000088700000, 0x0000000088800000, 0x0000000088800000|100%| O|  |TAMS 0x0000000088800000, 0x0000000088700000| Untracked 
| 136|0x0000000088800000, 0x0000000088900000, 0x0000000088900000|100%| O|  |TAMS 0x0000000088900000, 0x0000000088800000| Untracked 
| 137|0x0000000088900000, 0x0000000088a00000, 0x0000000088a00000|100%| O|  |TAMS 0x0000000088a00000, 0x0000000088900000| Untracked 
| 138|0x0000000088a00000, 0x0000000088b00000, 0x0000000088b00000|100%| O|  |TAMS 0x0000000088b00000, 0x0000000088a00000| Untracked 
| 139|0x0000000088b00000, 0x0000000088c00000, 0x0000000088c00000|100%| O|  |TAMS 0x0000000088c00000, 0x0000000088b00000| Untracked 
| 140|0x0000000088c00000, 0x0000000088d00000, 0x0000000088d00000|100%| O|  |TAMS 0x0000000088d00000, 0x0000000088c00000| Untracked 
| 141|0x0000000088d00000, 0x0000000088e00000, 0x0000000088e00000|100%| O|  |TAMS 0x0000000088e00000, 0x0000000088d00000| Untracked 
| 142|0x0000000088e00000, 0x0000000088f00000, 0x0000000088f00000|100%| O|  |TAMS 0x0000000088f00000, 0x0000000088e00000| Untracked 
| 143|0x0000000088f00000, 0x0000000089000000, 0x0000000089000000|100%| O|  |TAMS 0x0000000089000000, 0x0000000088f00000| Untracked 
| 144|0x0000000089000000, 0x0000000089100000, 0x0000000089100000|100%| O|  |TAMS 0x0000000089100000, 0x0000000089000000| Untracked 
| 145|0x0000000089100000, 0x0000000089200000, 0x0000000089200000|100%| O|  |TAMS 0x0000000089200000, 0x0000000089100000| Untracked 
| 146|0x0000000089200000, 0x0000000089300000, 0x0000000089300000|100%| O|  |TAMS 0x0000000089300000, 0x0000000089200000| Untracked 
| 147|0x0000000089300000, 0x0000000089400000, 0x0000000089400000|100%| O|  |TAMS 0x0000000089400000, 0x0000000089300000| Untracked 
| 148|0x0000000089400000, 0x0000000089500000, 0x0000000089500000|100%| O|  |TAMS 0x0000000089400000, 0x0000000089400000| Untracked 
| 149|0x0000000089500000, 0x0000000089600000, 0x0000000089600000|100%| O|  |TAMS 0x0000000089600000, 0x0000000089500000| Untracked 
| 150|0x0000000089600000, 0x0000000089700000, 0x0000000089700000|100%| O|  |TAMS 0x0000000089600000, 0x0000000089600000| Untracked 
| 151|0x0000000089700000, 0x0000000089800000, 0x0000000089800000|100%| O|  |TAMS 0x0000000089800000, 0x0000000089700000| Untracked 
| 152|0x0000000089800000, 0x0000000089900000, 0x0000000089900000|100%| O|  |TAMS 0x0000000089900000, 0x0000000089800000| Untracked 
| 153|0x0000000089900000, 0x0000000089a00000, 0x0000000089a00000|100%| O|  |TAMS 0x0000000089900000, 0x0000000089900000| Untracked 
| 154|0x0000000089a00000, 0x0000000089b00000, 0x0000000089b00000|100%| O|  |TAMS 0x0000000089b00000, 0x0000000089a00000| Untracked 
| 155|0x0000000089b00000, 0x0000000089c00000, 0x0000000089c00000|100%| O|  |TAMS 0x0000000089c00000, 0x0000000089b00000| Untracked 
| 156|0x0000000089c00000, 0x0000000089d00000, 0x0000000089d00000|100%| O|  |TAMS 0x0000000089d00000, 0x0000000089c00000| Untracked 
| 157|0x0000000089d00000, 0x0000000089e00000, 0x0000000089e00000|100%| O|  |TAMS 0x0000000089e00000, 0x0000000089d00000| Untracked 
| 158|0x0000000089e00000, 0x0000000089f00000, 0x0000000089f00000|100%| O|  |TAMS 0x0000000089e00000, 0x0000000089e00000| Untracked 
| 159|0x0000000089f00000, 0x000000008a000000, 0x000000008a000000|100%| O|  |TAMS 0x000000008a000000, 0x0000000089f00000| Untracked 
| 160|0x000000008a000000, 0x000000008a100000, 0x000000008a100000|100%| O|  |TAMS 0x000000008a100000, 0x000000008a000000| Untracked 
| 161|0x000000008a100000, 0x000000008a200000, 0x000000008a200000|100%| O|  |TAMS 0x000000008a200000, 0x000000008a100000| Untracked 
| 162|0x000000008a200000, 0x000000008a300000, 0x000000008a300000|100%| O|  |TAMS 0x000000008a200000, 0x000000008a200000| Untracked 
| 163|0x000000008a300000, 0x000000008a400000, 0x000000008a400000|100%| O|  |TAMS 0x000000008a300000, 0x000000008a300000| Untracked 
| 164|0x000000008a400000, 0x000000008a500000, 0x000000008a500000|100%| O|  |TAMS 0x000000008a500000, 0x000000008a400000| Untracked 
| 165|0x000000008a500000, 0x000000008a600000, 0x000000008a600000|100%|HS|  |TAMS 0x000000008a600000, 0x000000008a500000| Complete 
| 166|0x000000008a600000, 0x000000008a700000, 0x000000008a700000|100%|HC|  |TAMS 0x000000008a700000, 0x000000008a600000| Complete 
| 167|0x000000008a700000, 0x000000008a800000, 0x000000008a800000|100%|HS|  |TAMS 0x000000008a800000, 0x000000008a700000| Complete 
| 168|0x000000008a800000, 0x000000008a900000, 0x000000008a900000|100%|HC|  |TAMS 0x000000008a900000, 0x000000008a800000| Complete 
| 169|0x000000008a900000, 0x000000008aa00000, 0x000000008aa00000|100%|HC|  |TAMS 0x000000008aa00000, 0x000000008a900000| Complete 
| 170|0x000000008aa00000, 0x000000008ab00000, 0x000000008ab00000|100%|HC|  |TAMS 0x000000008ab00000, 0x000000008aa00000| Complete 
| 171|0x000000008ab00000, 0x000000008ac00000, 0x000000008ac00000|100%|HC|  |TAMS 0x000000008ac00000, 0x000000008ab00000| Complete 
| 172|0x000000008ac00000, 0x000000008ad00000, 0x000000008ad00000|100%|HC|  |TAMS 0x000000008ad00000, 0x000000008ac00000| Complete 
| 173|0x000000008ad00000, 0x000000008ae00000, 0x000000008ae00000|100%| O|  |TAMS 0x000000008ae00000, 0x000000008ad00000| Untracked 
| 174|0x000000008ae00000, 0x000000008af00000, 0x000000008af00000|100%| O|  |TAMS 0x000000008ae00000, 0x000000008ae00000| Untracked 
| 175|0x000000008af00000, 0x000000008b000000, 0x000000008b000000|100%| O|  |TAMS 0x000000008b000000, 0x000000008af00000| Untracked 
| 176|0x000000008b000000, 0x000000008b100000, 0x000000008b100000|100%| O|  |TAMS 0x000000008b100000, 0x000000008b000000| Untracked 
| 177|0x000000008b100000, 0x000000008b200000, 0x000000008b200000|100%| O|  |TAMS 0x000000008b200000, 0x000000008b100000| Untracked 
| 178|0x000000008b200000, 0x000000008b300000, 0x000000008b300000|100%| O|  |TAMS 0x000000008b300000, 0x000000008b200000| Untracked 
| 179|0x000000008b300000, 0x000000008b400000, 0x000000008b400000|100%| O|  |TAMS 0x000000008b400000, 0x000000008b300000| Untracked 
| 180|0x000000008b400000, 0x000000008b500000, 0x000000008b500000|100%| O|  |TAMS 0x000000008b500000, 0x000000008b400000| Untracked 
| 181|0x000000008b500000, 0x000000008b600000, 0x000000008b600000|100%|HS|  |TAMS 0x000000008b600000, 0x000000008b500000| Complete 
| 182|0x000000008b600000, 0x000000008b700000, 0x000000008b700000|100%|HC|  |TAMS 0x000000008b700000, 0x000000008b600000| Complete 
| 183|0x000000008b700000, 0x000000008b800000, 0x000000008b800000|100%|HC|  |TAMS 0x000000008b800000, 0x000000008b700000| Complete 
| 184|0x000000008b800000, 0x000000008b900000, 0x000000008b900000|100%|HC|  |TAMS 0x000000008b900000, 0x000000008b800000| Complete 
| 185|0x000000008b900000, 0x000000008ba00000, 0x000000008ba00000|100%| O|  |TAMS 0x000000008ba00000, 0x000000008b900000| Untracked 
| 186|0x000000008ba00000, 0x000000008bb00000, 0x000000008bb00000|100%| O|  |TAMS 0x000000008bb00000, 0x000000008ba00000| Untracked 
| 187|0x000000008bb00000, 0x000000008bc00000, 0x000000008bc00000|100%| O|  |TAMS 0x000000008bc00000, 0x000000008bb00000| Untracked 
| 188|0x000000008bc00000, 0x000000008bd00000, 0x000000008bd00000|100%| O|  |TAMS 0x000000008bd00000, 0x000000008bc00000| Untracked 
| 189|0x000000008bd00000, 0x000000008be00000, 0x000000008be00000|100%| O|  |TAMS 0x000000008be00000, 0x000000008bd00000| Untracked 
| 190|0x000000008be00000, 0x000000008bf00000, 0x000000008bf00000|100%| O|  |TAMS 0x000000008bf00000, 0x000000008be00000| Untracked 
| 191|0x000000008bf00000, 0x000000008c000000, 0x000000008c000000|100%| O|  |TAMS 0x000000008c000000, 0x000000008bf00000| Untracked 
| 192|0x000000008c000000, 0x000000008c100000, 0x000000008c100000|100%| O|  |TAMS 0x000000008c000000, 0x000000008c000000| Untracked 
| 193|0x000000008c100000, 0x000000008c200000, 0x000000008c200000|100%| O|  |TAMS 0x000000008c200000, 0x000000008c100000| Untracked 
| 194|0x000000008c200000, 0x000000008c300000, 0x000000008c300000|100%| O|  |TAMS 0x000000008c300000, 0x000000008c200000| Untracked 
| 195|0x000000008c300000, 0x000000008c400000, 0x000000008c400000|100%| O|  |TAMS 0x000000008c400000, 0x000000008c300000| Untracked 
| 196|0x000000008c400000, 0x000000008c500000, 0x000000008c500000|100%| O|  |TAMS 0x000000008c500000, 0x000000008c400000| Untracked 
| 197|0x000000008c500000, 0x000000008c600000, 0x000000008c600000|100%| O|  |TAMS 0x000000008c600000, 0x000000008c500000| Untracked 
| 198|0x000000008c600000, 0x000000008c700000, 0x000000008c700000|100%| O|  |TAMS 0x000000008c700000, 0x000000008c600000| Untracked 
| 199|0x000000008c700000, 0x000000008c800000, 0x000000008c800000|100%| O|  |TAMS 0x000000008c800000, 0x000000008c700000| Untracked 
| 200|0x000000008c800000, 0x000000008c900000, 0x000000008c900000|100%| O|  |TAMS 0x000000008c900000, 0x000000008c800000| Untracked 
| 201|0x000000008c900000, 0x000000008ca00000, 0x000000008ca00000|100%| O|  |TAMS 0x000000008ca00000, 0x000000008c900000| Untracked 
| 202|0x000000008ca00000, 0x000000008cb00000, 0x000000008cb00000|100%| O|  |TAMS 0x000000008cb00000, 0x000000008ca00000| Untracked 
| 203|0x000000008cb00000, 0x000000008cc00000, 0x000000008cc00000|100%| O|  |TAMS 0x000000008cc00000, 0x000000008cb00000| Untracked 
| 204|0x000000008cc00000, 0x000000008cd00000, 0x000000008cd00000|100%| O|  |TAMS 0x000000008cd00000, 0x000000008cc00000| Untracked 
| 205|0x000000008cd00000, 0x000000008ce00000, 0x000000008ce00000|100%| O|  |TAMS 0x000000008ce00000, 0x000000008cd00000| Untracked 
| 206|0x000000008ce00000, 0x000000008cf00000, 0x000000008cf00000|100%| O|  |TAMS 0x000000008cf00000, 0x000000008ce00000| Untracked 
| 207|0x000000008cf00000, 0x000000008d000000, 0x000000008d000000|100%| O|  |TAMS 0x000000008d000000, 0x000000008cf00000| Untracked 
| 208|0x000000008d000000, 0x000000008d100000, 0x000000008d100000|100%| O|  |TAMS 0x000000008d100000, 0x000000008d000000| Untracked 
| 209|0x000000008d100000, 0x000000008d200000, 0x000000008d200000|100%| O|  |TAMS 0x000000008d200000, 0x000000008d100000| Untracked 
| 210|0x000000008d200000, 0x000000008d300000, 0x000000008d300000|100%| O|  |TAMS 0x000000008d200000, 0x000000008d200000| Untracked 
| 211|0x000000008d300000, 0x000000008d400000, 0x000000008d400000|100%| O|  |TAMS 0x000000008d300000, 0x000000008d300000| Untracked 
| 212|0x000000008d400000, 0x000000008d500000, 0x000000008d500000|100%| O|  |TAMS 0x000000008d400000, 0x000000008d400000| Untracked 
| 213|0x000000008d500000, 0x000000008d600000, 0x000000008d600000|100%| O|  |TAMS 0x000000008d600000, 0x000000008d500000| Untracked 
| 214|0x000000008d600000, 0x000000008d700000, 0x000000008d700000|100%| O|  |TAMS 0x000000008d700000, 0x000000008d600000| Untracked 
| 215|0x000000008d700000, 0x000000008d800000, 0x000000008d800000|100%|HS|  |TAMS 0x000000008d800000, 0x000000008d700000| Complete 
| 216|0x000000008d800000, 0x000000008d900000, 0x000000008d900000|100%|HC|  |TAMS 0x000000008d900000, 0x000000008d800000| Complete 
| 217|0x000000008d900000, 0x000000008da00000, 0x000000008da00000|100%|HC|  |TAMS 0x000000008da00000, 0x000000008d900000| Complete 
| 218|0x000000008da00000, 0x000000008db00000, 0x000000008db00000|100%|HC|  |TAMS 0x000000008db00000, 0x000000008da00000| Complete 
| 219|0x000000008db00000, 0x000000008dc00000, 0x000000008dc00000|100%| O|  |TAMS 0x000000008dc00000, 0x000000008db00000| Untracked 
| 220|0x000000008dc00000, 0x000000008dd00000, 0x000000008dd00000|100%| O|  |TAMS 0x000000008dd00000, 0x000000008dc00000| Untracked 
| 221|0x000000008dd00000, 0x000000008de00000, 0x000000008de00000|100%| O|  |TAMS 0x000000008de00000, 0x000000008dd00000| Untracked 
| 222|0x000000008de00000, 0x000000008df00000, 0x000000008df00000|100%| O|  |TAMS 0x000000008df00000, 0x000000008de00000| Untracked 
| 223|0x000000008df00000, 0x000000008e000000, 0x000000008e000000|100%| O|  |TAMS 0x000000008df00000, 0x000000008df00000| Untracked 
| 224|0x000000008e000000, 0x000000008e100000, 0x000000008e100000|100%| O|  |TAMS 0x000000008e100000, 0x000000008e000000| Untracked 
| 225|0x000000008e100000, 0x000000008e200000, 0x000000008e200000|100%| O|  |TAMS 0x000000008e200000, 0x000000008e100000| Untracked 
| 226|0x000000008e200000, 0x000000008e300000, 0x000000008e300000|100%| O|  |TAMS 0x000000008e300000, 0x000000008e200000| Untracked 
| 227|0x000000008e300000, 0x000000008e400000, 0x000000008e400000|100%| O|  |TAMS 0x000000008e300000, 0x000000008e300000| Untracked 
| 228|0x000000008e400000, 0x000000008e500000, 0x000000008e500000|100%| O|  |TAMS 0x000000008e500000, 0x000000008e400000| Untracked 
| 229|0x000000008e500000, 0x000000008e600000, 0x000000008e600000|100%| O|  |TAMS 0x000000008e600000, 0x000000008e500000| Untracked 
| 230|0x000000008e600000, 0x000000008e700000, 0x000000008e700000|100%| O|  |TAMS 0x000000008e700000, 0x000000008e600000| Untracked 
| 231|0x000000008e700000, 0x000000008e800000, 0x000000008e800000|100%| O|  |TAMS 0x000000008e800000, 0x000000008e700000| Untracked 
| 232|0x000000008e800000, 0x000000008e900000, 0x000000008e900000|100%| O|  |TAMS 0x000000008e800000, 0x000000008e800000| Untracked 
| 233|0x000000008e900000, 0x000000008ea00000, 0x000000008ea00000|100%| O|  |TAMS 0x000000008e900000, 0x000000008e900000| Untracked 
| 234|0x000000008ea00000, 0x000000008eb00000, 0x000000008eb00000|100%| O|  |TAMS 0x000000008eb00000, 0x000000008ea00000| Untracked 
| 235|0x000000008eb00000, 0x000000008ec00000, 0x000000008ec00000|100%| O|  |TAMS 0x000000008ec00000, 0x000000008eb00000| Untracked 
| 236|0x000000008ec00000, 0x000000008ed00000, 0x000000008ed00000|100%| O|  |TAMS 0x000000008ed00000, 0x000000008ec00000| Untracked 
| 237|0x000000008ed00000, 0x000000008ee00000, 0x000000008ee00000|100%| O|  |TAMS 0x000000008ee00000, 0x000000008ed00000| Untracked 
| 238|0x000000008ee00000, 0x000000008ef00000, 0x000000008ef00000|100%| O|  |TAMS 0x000000008ef00000, 0x000000008ee00000| Untracked 
| 239|0x000000008ef00000, 0x000000008f000000, 0x000000008f000000|100%| O|  |TAMS 0x000000008ef00000, 0x000000008ef00000| Untracked 
| 240|0x000000008f000000, 0x000000008f100000, 0x000000008f100000|100%| O|  |TAMS 0x000000008f000000, 0x000000008f000000| Untracked 
| 241|0x000000008f100000, 0x000000008f200000, 0x000000008f200000|100%| O|  |TAMS 0x000000008f100000, 0x000000008f100000| Untracked 
| 242|0x000000008f200000, 0x000000008f300000, 0x000000008f300000|100%| O|  |TAMS 0x000000008f200000, 0x000000008f200000| Untracked 
| 243|0x000000008f300000, 0x000000008f400000, 0x000000008f400000|100%| O|  |TAMS 0x000000008f300000, 0x000000008f300000| Untracked 
| 244|0x000000008f400000, 0x000000008f500000, 0x000000008f500000|100%| O|  |TAMS 0x000000008f500000, 0x000000008f400000| Untracked 
| 245|0x000000008f500000, 0x000000008f600000, 0x000000008f600000|100%| O|  |TAMS 0x000000008f600000, 0x000000008f500000| Untracked 
| 246|0x000000008f600000, 0x000000008f700000, 0x000000008f700000|100%| O|  |TAMS 0x000000008f700000, 0x000000008f600000| Untracked 
| 247|0x000000008f700000, 0x000000008f800000, 0x000000008f800000|100%| O|  |TAMS 0x000000008f800000, 0x000000008f700000| Untracked 
| 248|0x000000008f800000, 0x000000008f900000, 0x000000008f900000|100%| O|  |TAMS 0x000000008f900000, 0x000000008f800000| Untracked 
| 249|0x000000008f900000, 0x000000008fa00000, 0x000000008fa00000|100%| O|  |TAMS 0x000000008f900000, 0x000000008f900000| Untracked 
| 250|0x000000008fa00000, 0x000000008fb00000, 0x000000008fb00000|100%| O|  |TAMS 0x000000008fa00000, 0x000000008fa00000| Untracked 
| 251|0x000000008fb00000, 0x000000008fc00000, 0x000000008fc00000|100%| O|  |TAMS 0x000000008fb00000, 0x000000008fb00000| Untracked 
| 252|0x000000008fc00000, 0x000000008fd00000, 0x000000008fd00000|100%| O|  |TAMS 0x000000008fd00000, 0x000000008fc00000| Untracked 
| 253|0x000000008fd00000, 0x000000008fe00000, 0x000000008fe00000|100%| O|  |TAMS 0x000000008fe00000, 0x000000008fd00000| Untracked 
| 254|0x000000008fe00000, 0x000000008ff00000, 0x000000008ff00000|100%| O|  |TAMS 0x000000008ff00000, 0x000000008fe00000| Untracked 
| 255|0x000000008ff00000, 0x0000000090000000, 0x0000000090000000|100%| O|  |TAMS 0x0000000090000000, 0x000000008ff00000| Untracked 
| 256|0x0000000090000000, 0x0000000090100000, 0x0000000090100000|100%| O|  |TAMS 0x0000000090100000, 0x0000000090000000| Untracked 
| 257|0x0000000090100000, 0x0000000090200000, 0x0000000090200000|100%| O|  |TAMS 0x0000000090100000, 0x0000000090100000| Untracked 
| 258|0x0000000090200000, 0x0000000090300000, 0x0000000090300000|100%| O|  |TAMS 0x0000000090300000, 0x0000000090200000| Untracked 
| 259|0x0000000090300000, 0x0000000090400000, 0x0000000090400000|100%| O|  |TAMS 0x0000000090400000, 0x0000000090300000| Untracked 
| 260|0x0000000090400000, 0x0000000090500000, 0x0000000090500000|100%| O|  |TAMS 0x0000000090500000, 0x0000000090400000| Untracked 
| 261|0x0000000090500000, 0x0000000090600000, 0x0000000090600000|100%| O|  |TAMS 0x0000000090500000, 0x0000000090500000| Untracked 
| 262|0x0000000090600000, 0x0000000090700000, 0x0000000090700000|100%| O|  |TAMS 0x0000000090700000, 0x0000000090600000| Untracked 
| 263|0x0000000090700000, 0x0000000090800000, 0x0000000090800000|100%| O|  |TAMS 0x0000000090800000, 0x0000000090700000| Untracked 
| 264|0x0000000090800000, 0x0000000090900000, 0x0000000090900000|100%| O|  |TAMS 0x0000000090800000, 0x0000000090800000| Untracked 
| 265|0x0000000090900000, 0x0000000090a00000, 0x0000000090a00000|100%| O|  |TAMS 0x0000000090a00000, 0x0000000090900000| Untracked 
| 266|0x0000000090a00000, 0x0000000090b00000, 0x0000000090b00000|100%| O|  |TAMS 0x0000000090b00000, 0x0000000090a00000| Untracked 
| 267|0x0000000090b00000, 0x0000000090c00000, 0x0000000090c00000|100%| O|  |TAMS 0x0000000090c00000, 0x0000000090b00000| Untracked 
| 268|0x0000000090c00000, 0x0000000090d00000, 0x0000000090d00000|100%| O|  |TAMS 0x0000000090d00000, 0x0000000090c00000| Untracked 
| 269|0x0000000090d00000, 0x0000000090e00000, 0x0000000090e00000|100%| O|  |TAMS 0x0000000090d00000, 0x0000000090d00000| Untracked 
| 270|0x0000000090e00000, 0x0000000090f00000, 0x0000000090f00000|100%| O|  |TAMS 0x0000000090f00000, 0x0000000090e00000| Untracked 
| 271|0x0000000090f00000, 0x0000000091000000, 0x0000000091000000|100%| O|  |TAMS 0x0000000091000000, 0x0000000090f00000| Untracked 
| 272|0x0000000091000000, 0x0000000091100000, 0x0000000091100000|100%| O|  |TAMS 0x0000000091100000, 0x0000000091000000| Untracked 
| 273|0x0000000091100000, 0x0000000091200000, 0x0000000091200000|100%| O|  |TAMS 0x0000000091200000, 0x0000000091100000| Untracked 
| 274|0x0000000091200000, 0x0000000091300000, 0x0000000091300000|100%| O|  |TAMS 0x0000000091300000, 0x0000000091200000| Untracked 
| 275|0x0000000091300000, 0x0000000091400000, 0x0000000091400000|100%| O|  |TAMS 0x0000000091400000, 0x0000000091300000| Untracked 
| 276|0x0000000091400000, 0x0000000091500000, 0x0000000091500000|100%| O|  |TAMS 0x0000000091500000, 0x0000000091400000| Untracked 
| 277|0x0000000091500000, 0x0000000091600000, 0x0000000091600000|100%| O|  |TAMS 0x0000000091600000, 0x0000000091500000| Untracked 
| 278|0x0000000091600000, 0x0000000091700000, 0x0000000091700000|100%| O|  |TAMS 0x0000000091600000, 0x0000000091600000| Untracked 
| 279|0x0000000091700000, 0x0000000091800000, 0x0000000091800000|100%| O|  |TAMS 0x0000000091800000, 0x0000000091700000| Untracked 
| 280|0x0000000091800000, 0x0000000091900000, 0x0000000091900000|100%| O|  |TAMS 0x0000000091800000, 0x0000000091800000| Untracked 
| 281|0x0000000091900000, 0x0000000091a00000, 0x0000000091a00000|100%| O|  |TAMS 0x0000000091a00000, 0x0000000091900000| Untracked 
| 282|0x0000000091a00000, 0x0000000091b00000, 0x0000000091b00000|100%| O|  |TAMS 0x0000000091a00000, 0x0000000091a00000| Untracked 
| 283|0x0000000091b00000, 0x0000000091c00000, 0x0000000091c00000|100%| O|  |TAMS 0x0000000091c00000, 0x0000000091b00000| Untracked 
| 284|0x0000000091c00000, 0x0000000091d00000, 0x0000000091d00000|100%| O|  |TAMS 0x0000000091d00000, 0x0000000091c00000| Untracked 
| 285|0x0000000091d00000, 0x0000000091e00000, 0x0000000091e00000|100%| O|  |TAMS 0x0000000091d00000, 0x0000000091d00000| Untracked 
| 286|0x0000000091e00000, 0x0000000091f00000, 0x0000000091f00000|100%| O|  |TAMS 0x0000000091f00000, 0x0000000091e00000| Untracked 
| 287|0x0000000091f00000, 0x0000000092000000, 0x0000000092000000|100%| O|  |TAMS 0x0000000092000000, 0x0000000091f00000| Untracked 
| 288|0x0000000092000000, 0x0000000092100000, 0x0000000092100000|100%| O|  |TAMS 0x0000000092100000, 0x0000000092000000| Untracked 
| 289|0x0000000092100000, 0x0000000092200000, 0x0000000092200000|100%| O|  |TAMS 0x0000000092100000, 0x0000000092100000| Untracked 
| 290|0x0000000092200000, 0x0000000092300000, 0x0000000092300000|100%| O|  |TAMS 0x0000000092300000, 0x0000000092200000| Untracked 
| 291|0x0000000092300000, 0x0000000092400000, 0x0000000092400000|100%| O|  |TAMS 0x0000000092400000, 0x0000000092300000| Untracked 
| 292|0x0000000092400000, 0x0000000092500000, 0x0000000092500000|100%| O|  |TAMS 0x0000000092500000, 0x0000000092400000| Untracked 
| 293|0x0000000092500000, 0x0000000092600000, 0x0000000092600000|100%| O|  |TAMS 0x0000000092500000, 0x0000000092500000| Untracked 
| 294|0x0000000092600000, 0x0000000092700000, 0x0000000092700000|100%| O|  |TAMS 0x0000000092600000, 0x0000000092600000| Untracked 
| 295|0x0000000092700000, 0x0000000092800000, 0x0000000092800000|100%| O|  |TAMS 0x0000000092800000, 0x0000000092700000| Untracked 
| 296|0x0000000092800000, 0x0000000092900000, 0x0000000092900000|100%| O|  |TAMS 0x0000000092900000, 0x0000000092800000| Untracked 
| 297|0x0000000092900000, 0x0000000092a00000, 0x0000000092a00000|100%| O|  |TAMS 0x0000000092a00000, 0x0000000092900000| Untracked 
| 298|0x0000000092a00000, 0x0000000092b00000, 0x0000000092b00000|100%| O|  |TAMS 0x0000000092b00000, 0x0000000092a00000| Untracked 
| 299|0x0000000092b00000, 0x0000000092c00000, 0x0000000092c00000|100%| O|  |TAMS 0x0000000092c00000, 0x0000000092b00000| Untracked 
| 300|0x0000000092c00000, 0x0000000092d00000, 0x0000000092d00000|100%| O|  |TAMS 0x0000000092d00000, 0x0000000092c00000| Untracked 
| 301|0x0000000092d00000, 0x0000000092e00000, 0x0000000092e00000|100%| O|  |TAMS 0x0000000092d00000, 0x0000000092d00000| Untracked 
| 302|0x0000000092e00000, 0x0000000092f00000, 0x0000000092f00000|100%| O|  |TAMS 0x0000000092f00000, 0x0000000092e00000| Untracked 
| 303|0x0000000092f00000, 0x0000000093000000, 0x0000000093000000|100%| O|  |TAMS 0x0000000092f00000, 0x0000000092f00000| Untracked 
| 304|0x0000000093000000, 0x0000000093100000, 0x0000000093100000|100%| O|  |TAMS 0x0000000093000000, 0x0000000093000000| Untracked 
| 305|0x0000000093100000, 0x0000000093200000, 0x0000000093200000|100%| O|  |TAMS 0x0000000093200000, 0x0000000093100000| Untracked 
| 306|0x0000000093200000, 0x0000000093300000, 0x0000000093300000|100%| O|  |TAMS 0x0000000093300000, 0x0000000093200000| Untracked 
| 307|0x0000000093300000, 0x0000000093400000, 0x0000000093400000|100%| O|  |TAMS 0x0000000093300000, 0x0000000093300000| Untracked 
| 308|0x0000000093400000, 0x0000000093500000, 0x0000000093500000|100%| O|  |TAMS 0x0000000093400000, 0x0000000093400000| Untracked 
| 309|0x0000000093500000, 0x0000000093600000, 0x0000000093600000|100%| O|  |TAMS 0x0000000093600000, 0x0000000093500000| Untracked 
| 310|0x0000000093600000, 0x0000000093700000, 0x0000000093700000|100%| O|  |TAMS 0x0000000093600000, 0x0000000093600000| Untracked 
| 311|0x0000000093700000, 0x0000000093800000, 0x0000000093800000|100%| O|  |TAMS 0x0000000093800000, 0x0000000093700000| Untracked 
| 312|0x0000000093800000, 0x0000000093900000, 0x0000000093900000|100%| O|  |TAMS 0x0000000093800000, 0x0000000093800000| Untracked 
| 313|0x0000000093900000, 0x0000000093a00000, 0x0000000093a00000|100%| O|  |TAMS 0x0000000093a00000, 0x0000000093900000| Untracked 
| 314|0x0000000093a00000, 0x0000000093b00000, 0x0000000093b00000|100%| O|  |TAMS 0x0000000093a00000, 0x0000000093a00000| Untracked 
| 315|0x0000000093b00000, 0x0000000093c00000, 0x0000000093c00000|100%| O|  |TAMS 0x0000000093b00000, 0x0000000093b00000| Untracked 
| 316|0x0000000093c00000, 0x0000000093d00000, 0x0000000093d00000|100%| O|  |TAMS 0x0000000093d00000, 0x0000000093c00000| Untracked 
| 317|0x0000000093d00000, 0x0000000093e00000, 0x0000000093e00000|100%| O|  |TAMS 0x0000000093e00000, 0x0000000093d00000| Untracked 
| 318|0x0000000093e00000, 0x0000000093f00000, 0x0000000093f00000|100%| O|  |TAMS 0x0000000093f00000, 0x0000000093e00000| Untracked 
| 319|0x0000000093f00000, 0x0000000094000000, 0x0000000094000000|100%| O|  |TAMS 0x0000000094000000, 0x0000000093f00000| Untracked 
| 320|0x0000000094000000, 0x0000000094100000, 0x0000000094100000|100%| O|  |TAMS 0x0000000094100000, 0x0000000094000000| Untracked 
| 321|0x0000000094100000, 0x0000000094200000, 0x0000000094200000|100%| O|  |TAMS 0x0000000094200000, 0x0000000094100000| Untracked 
| 322|0x0000000094200000, 0x0000000094300000, 0x0000000094300000|100%| O|  |TAMS 0x0000000094200000, 0x0000000094200000| Untracked 
| 323|0x0000000094300000, 0x0000000094400000, 0x0000000094400000|100%| O|  |TAMS 0x0000000094400000, 0x0000000094300000| Untracked 
| 324|0x0000000094400000, 0x0000000094500000, 0x0000000094500000|100%| O|  |TAMS 0x0000000094500000, 0x0000000094400000| Untracked 
| 325|0x0000000094500000, 0x0000000094600000, 0x0000000094600000|100%| O|  |TAMS 0x0000000094600000, 0x0000000094500000| Untracked 
| 326|0x0000000094600000, 0x0000000094700000, 0x0000000094700000|100%| O|  |TAMS 0x0000000094600000, 0x0000000094600000| Untracked 
| 327|0x0000000094700000, 0x0000000094800000, 0x0000000094800000|100%| O|  |TAMS 0x0000000094800000, 0x0000000094700000| Untracked 
| 328|0x0000000094800000, 0x0000000094900000, 0x0000000094900000|100%| O|  |TAMS 0x0000000094900000, 0x0000000094800000| Untracked 
| 329|0x0000000094900000, 0x0000000094a00000, 0x0000000094a00000|100%| O|  |TAMS 0x0000000094a00000, 0x0000000094900000| Untracked 
| 330|0x0000000094a00000, 0x0000000094b00000, 0x0000000094b00000|100%| O|  |TAMS 0x0000000094b00000, 0x0000000094a00000| Untracked 
| 331|0x0000000094b00000, 0x0000000094c00000, 0x0000000094c00000|100%| O|  |TAMS 0x0000000094b00000, 0x0000000094b00000| Untracked 
| 332|0x0000000094c00000, 0x0000000094d00000, 0x0000000094d00000|100%| O|  |TAMS 0x0000000094d00000, 0x0000000094c00000| Untracked 
| 333|0x0000000094d00000, 0x0000000094e00000, 0x0000000094e00000|100%| O|  |TAMS 0x0000000094e00000, 0x0000000094d00000| Untracked 
| 334|0x0000000094e00000, 0x0000000094f00000, 0x0000000094f00000|100%| O|  |TAMS 0x0000000094e00000, 0x0000000094e00000| Untracked 
| 335|0x0000000094f00000, 0x0000000095000000, 0x0000000095000000|100%| O|  |TAMS 0x0000000095000000, 0x0000000094f00000| Untracked 
| 336|0x0000000095000000, 0x0000000095100000, 0x0000000095100000|100%| O|  |TAMS 0x0000000095000000, 0x0000000095000000| Untracked 
| 337|0x0000000095100000, 0x0000000095200000, 0x0000000095200000|100%| O|  |TAMS 0x0000000095100000, 0x0000000095100000| Untracked 
| 338|0x0000000095200000, 0x0000000095300000, 0x0000000095300000|100%| O|  |TAMS 0x0000000095200000, 0x0000000095200000| Untracked 
| 339|0x0000000095300000, 0x0000000095400000, 0x0000000095400000|100%| O|  |TAMS 0x0000000095300000, 0x0000000095300000| Untracked 
| 340|0x0000000095400000, 0x0000000095500000, 0x0000000095500000|100%| O|  |TAMS 0x0000000095400000, 0x0000000095400000| Untracked 
| 341|0x0000000095500000, 0x0000000095600000, 0x0000000095600000|100%| O|  |TAMS 0x0000000095500000, 0x0000000095500000| Untracked 
| 342|0x0000000095600000, 0x0000000095700000, 0x0000000095700000|100%| O|  |TAMS 0x0000000095700000, 0x0000000095600000| Untracked 
| 343|0x0000000095700000, 0x0000000095800000, 0x0000000095800000|100%| O|  |TAMS 0x0000000095700000, 0x0000000095700000| Untracked 
| 344|0x0000000095800000, 0x0000000095900000, 0x0000000095900000|100%| O|  |TAMS 0x0000000095900000, 0x0000000095800000| Untracked 
| 345|0x0000000095900000, 0x0000000095a00000, 0x0000000095a00000|100%| O|  |TAMS 0x0000000095a00000, 0x0000000095900000| Untracked 
| 346|0x0000000095a00000, 0x0000000095b00000, 0x0000000095b00000|100%| O|  |TAMS 0x0000000095b00000, 0x0000000095a00000| Untracked 
| 347|0x0000000095b00000, 0x0000000095c00000, 0x0000000095c00000|100%| O|  |TAMS 0x0000000095c00000, 0x0000000095b00000| Untracked 
| 348|0x0000000095c00000, 0x0000000095d00000, 0x0000000095d00000|100%| O|  |TAMS 0x0000000095d00000, 0x0000000095c00000| Untracked 
| 349|0x0000000095d00000, 0x0000000095e00000, 0x0000000095e00000|100%| O|  |TAMS 0x0000000095d00000, 0x0000000095d00000| Untracked 
| 350|0x0000000095e00000, 0x0000000095f00000, 0x0000000095f00000|100%| O|  |TAMS 0x0000000095f00000, 0x0000000095e00000| Untracked 
| 351|0x0000000095f00000, 0x0000000096000000, 0x0000000096000000|100%| O|  |TAMS 0x0000000095f00000, 0x0000000095f00000| Untracked 
| 352|0x0000000096000000, 0x0000000096100000, 0x0000000096100000|100%| O|  |TAMS 0x0000000096000000, 0x0000000096000000| Untracked 
| 353|0x0000000096100000, 0x0000000096200000, 0x0000000096200000|100%| O|  |TAMS 0x0000000096200000, 0x0000000096100000| Untracked 
| 354|0x0000000096200000, 0x0000000096300000, 0x0000000096300000|100%| O|  |TAMS 0x0000000096300000, 0x0000000096200000| Untracked 
| 355|0x0000000096300000, 0x0000000096400000, 0x0000000096400000|100%| O|  |TAMS 0x0000000096400000, 0x0000000096300000| Untracked 
| 356|0x0000000096400000, 0x0000000096500000, 0x0000000096500000|100%| O|  |TAMS 0x0000000096400000, 0x0000000096400000| Untracked 
| 357|0x0000000096500000, 0x0000000096600000, 0x0000000096600000|100%| O|  |TAMS 0x0000000096600000, 0x0000000096500000| Untracked 
| 358|0x0000000096600000, 0x0000000096700000, 0x0000000096700000|100%| O|  |TAMS 0x0000000096700000, 0x0000000096600000| Untracked 
| 359|0x0000000096700000, 0x0000000096800000, 0x0000000096800000|100%| O|  |TAMS 0x0000000096800000, 0x0000000096700000| Untracked 
| 360|0x0000000096800000, 0x0000000096900000, 0x0000000096900000|100%| O|  |TAMS 0x0000000096800000, 0x0000000096800000| Untracked 
| 361|0x0000000096900000, 0x0000000096a00000, 0x0000000096a00000|100%| O|  |TAMS 0x0000000096a00000, 0x0000000096900000| Untracked 
| 362|0x0000000096a00000, 0x0000000096b00000, 0x0000000096b00000|100%| O|  |TAMS 0x0000000096a00000, 0x0000000096a00000| Untracked 
| 363|0x0000000096b00000, 0x0000000096c00000, 0x0000000096c00000|100%| O|  |TAMS 0x0000000096c00000, 0x0000000096b00000| Untracked 
| 364|0x0000000096c00000, 0x0000000096d00000, 0x0000000096d00000|100%| O|  |TAMS 0x0000000096c00000, 0x0000000096c00000| Untracked 
| 365|0x0000000096d00000, 0x0000000096e00000, 0x0000000096e00000|100%| O|  |TAMS 0x0000000096e00000, 0x0000000096d00000| Untracked 
| 366|0x0000000096e00000, 0x0000000096f00000, 0x0000000096f00000|100%| O|  |TAMS 0x0000000096f00000, 0x0000000096e00000| Untracked 
| 367|0x0000000096f00000, 0x0000000097000000, 0x0000000097000000|100%| O|  |TAMS 0x0000000097000000, 0x0000000096f00000| Untracked 
| 368|0x0000000097000000, 0x0000000097100000, 0x0000000097100000|100%| O|  |TAMS 0x0000000097100000, 0x0000000097000000| Untracked 
| 369|0x0000000097100000, 0x0000000097200000, 0x0000000097200000|100%| O|  |TAMS 0x0000000097200000, 0x0000000097100000| Untracked 
| 370|0x0000000097200000, 0x0000000097300000, 0x0000000097300000|100%| O|  |TAMS 0x0000000097300000, 0x0000000097200000| Untracked 
| 371|0x0000000097300000, 0x0000000097400000, 0x0000000097400000|100%| O|  |TAMS 0x0000000097400000, 0x0000000097300000| Untracked 
| 372|0x0000000097400000, 0x0000000097500000, 0x0000000097500000|100%| O|  |TAMS 0x0000000097500000, 0x0000000097400000| Untracked 
| 373|0x0000000097500000, 0x0000000097600000, 0x0000000097600000|100%| O|  |TAMS 0x0000000097600000, 0x0000000097500000| Untracked 
| 374|0x0000000097600000, 0x0000000097700000, 0x0000000097700000|100%| O|  |TAMS 0x0000000097700000, 0x0000000097600000| Untracked 
| 375|0x0000000097700000, 0x0000000097800000, 0x0000000097800000|100%| O|  |TAMS 0x0000000097800000, 0x0000000097700000| Untracked 
| 376|0x0000000097800000, 0x0000000097900000, 0x0000000097900000|100%| O|  |TAMS 0x0000000097900000, 0x0000000097800000| Untracked 
| 377|0x0000000097900000, 0x0000000097a00000, 0x0000000097a00000|100%| O|  |TAMS 0x0000000097900000, 0x0000000097900000| Untracked 
| 378|0x0000000097a00000, 0x0000000097b00000, 0x0000000097b00000|100%| O|  |TAMS 0x0000000097b00000, 0x0000000097a00000| Untracked 
| 379|0x0000000097b00000, 0x0000000097c00000, 0x0000000097c00000|100%| O|  |TAMS 0x0000000097c00000, 0x0000000097b00000| Untracked 
| 380|0x0000000097c00000, 0x0000000097d00000, 0x0000000097d00000|100%| O|  |TAMS 0x0000000097c00000, 0x0000000097c00000| Untracked 
| 381|0x0000000097d00000, 0x0000000097e00000, 0x0000000097e00000|100%| O|  |TAMS 0x0000000097e00000, 0x0000000097d00000| Untracked 
| 382|0x0000000097e00000, 0x0000000097f00000, 0x0000000097f00000|100%| O|  |TAMS 0x0000000097f00000, 0x0000000097e00000| Untracked 
| 383|0x0000000097f00000, 0x0000000098000000, 0x0000000098000000|100%| O|  |TAMS 0x0000000098000000, 0x0000000097f00000| Untracked 
| 384|0x0000000098000000, 0x0000000098100000, 0x0000000098100000|100%| O|  |TAMS 0x0000000098100000, 0x0000000098000000| Untracked 
| 385|0x0000000098100000, 0x0000000098200000, 0x0000000098200000|100%| O|  |TAMS 0x0000000098200000, 0x0000000098100000| Untracked 
| 386|0x0000000098200000, 0x0000000098300000, 0x0000000098300000|100%| O|  |TAMS 0x0000000098200000, 0x0000000098200000| Untracked 
| 387|0x0000000098300000, 0x0000000098400000, 0x0000000098400000|100%| O|  |TAMS 0x0000000098400000, 0x0000000098300000| Untracked 
| 388|0x0000000098400000, 0x0000000098500000, 0x0000000098500000|100%| O|  |TAMS 0x0000000098400000, 0x0000000098400000| Untracked 
| 389|0x0000000098500000, 0x0000000098600000, 0x0000000098600000|100%| O|  |TAMS 0x0000000098600000, 0x0000000098500000| Untracked 
| 390|0x0000000098600000, 0x0000000098700000, 0x0000000098700000|100%| O|  |TAMS 0x0000000098600000, 0x0000000098600000| Untracked 
| 391|0x0000000098700000, 0x0000000098800000, 0x0000000098800000|100%| O|  |TAMS 0x0000000098800000, 0x0000000098700000| Untracked 
| 392|0x0000000098800000, 0x0000000098900000, 0x0000000098900000|100%| O|  |TAMS 0x0000000098900000, 0x0000000098800000| Untracked 
| 393|0x0000000098900000, 0x0000000098a00000, 0x0000000098a00000|100%| O|  |TAMS 0x0000000098a00000, 0x0000000098900000| Untracked 
| 394|0x0000000098a00000, 0x0000000098b00000, 0x0000000098b00000|100%| O|  |TAMS 0x0000000098a00000, 0x0000000098a00000| Untracked 
| 395|0x0000000098b00000, 0x0000000098c00000, 0x0000000098c00000|100%| O|  |TAMS 0x0000000098c00000, 0x0000000098b00000| Untracked 
| 396|0x0000000098c00000, 0x0000000098d00000, 0x0000000098d00000|100%| O|  |TAMS 0x0000000098d00000, 0x0000000098c00000| Untracked 
| 397|0x0000000098d00000, 0x0000000098e00000, 0x0000000098e00000|100%| O|  |TAMS 0x0000000098d00000, 0x0000000098d00000| Untracked 
| 398|0x0000000098e00000, 0x0000000098f00000, 0x0000000098f00000|100%| O|  |TAMS 0x0000000098f00000, 0x0000000098e00000| Untracked 
| 399|0x0000000098f00000, 0x0000000099000000, 0x0000000099000000|100%| O|  |TAMS 0x0000000099000000, 0x0000000098f00000| Untracked 
| 400|0x0000000099000000, 0x0000000099100000, 0x0000000099100000|100%| O|  |TAMS 0x0000000099100000, 0x0000000099000000| Untracked 
| 401|0x0000000099100000, 0x0000000099200000, 0x0000000099200000|100%| O|  |TAMS 0x0000000099200000, 0x0000000099100000| Untracked 
| 402|0x0000000099200000, 0x0000000099300000, 0x0000000099300000|100%| O|  |TAMS 0x0000000099200000, 0x0000000099200000| Untracked 
| 403|0x0000000099300000, 0x0000000099400000, 0x0000000099400000|100%| O|  |TAMS 0x0000000099400000, 0x0000000099300000| Untracked 
| 404|0x0000000099400000, 0x0000000099500000, 0x0000000099500000|100%| O|  |TAMS 0x0000000099500000, 0x0000000099400000| Untracked 
| 405|0x0000000099500000, 0x0000000099600000, 0x0000000099600000|100%| O|  |TAMS 0x0000000099500000, 0x0000000099500000| Untracked 
| 406|0x0000000099600000, 0x0000000099700000, 0x0000000099700000|100%| O|  |TAMS 0x0000000099600000, 0x0000000099600000| Untracked 
| 407|0x0000000099700000, 0x0000000099800000, 0x0000000099800000|100%| O|  |TAMS 0x00000000997aa200, 0x0000000099700000| Untracked 
| 408|0x0000000099800000, 0x0000000099900000, 0x0000000099900000|100%| O|  |TAMS 0x0000000099800000, 0x0000000099800000| Untracked 
| 409|0x0000000099900000, 0x0000000099a00000, 0x0000000099a00000|100%| O|  |TAMS 0x0000000099900000, 0x0000000099900000| Untracked 
| 410|0x0000000099a00000, 0x0000000099b00000, 0x0000000099b00000|100%| O|  |TAMS 0x0000000099a00000, 0x0000000099a00000| Untracked 
| 411|0x0000000099b00000, 0x0000000099c00000, 0x0000000099c00000|100%| O|  |TAMS 0x0000000099b00000, 0x0000000099b00000| Untracked 
| 412|0x0000000099c00000, 0x0000000099d00000, 0x0000000099d00000|100%| O|  |TAMS 0x0000000099c00000, 0x0000000099c00000| Untracked 
| 413|0x0000000099d00000, 0x0000000099e00000, 0x0000000099e00000|100%| O|  |TAMS 0x0000000099d00000, 0x0000000099d00000| Untracked 
| 414|0x0000000099e00000, 0x0000000099f00000, 0x0000000099f00000|100%| O|  |TAMS 0x0000000099e00000, 0x0000000099e00000| Untracked 
| 415|0x0000000099f00000, 0x000000009a000000, 0x000000009a000000|100%| O|  |TAMS 0x0000000099f00000, 0x0000000099f00000| Untracked 
| 416|0x000000009a000000, 0x000000009a100000, 0x000000009a100000|100%| O|  |TAMS 0x000000009a000000, 0x000000009a000000| Untracked 
| 417|0x000000009a100000, 0x000000009a200000, 0x000000009a200000|100%| O|  |TAMS 0x000000009a100000, 0x000000009a100000| Untracked 
| 418|0x000000009a200000, 0x000000009a300000, 0x000000009a300000|100%| O|  |TAMS 0x000000009a200000, 0x000000009a200000| Untracked 
| 419|0x000000009a300000, 0x000000009a400000, 0x000000009a400000|100%| O|  |TAMS 0x000000009a300000, 0x000000009a300000| Untracked 
| 420|0x000000009a400000, 0x000000009a500000, 0x000000009a500000|100%| O|  |TAMS 0x000000009a400000, 0x000000009a400000| Untracked 
| 421|0x000000009a500000, 0x000000009a600000, 0x000000009a600000|100%| O|  |TAMS 0x000000009a500000, 0x000000009a500000| Untracked 
| 422|0x000000009a600000, 0x000000009a700000, 0x000000009a700000|100%| O|  |TAMS 0x000000009a600000, 0x000000009a600000| Untracked 
| 423|0x000000009a700000, 0x000000009a800000, 0x000000009a800000|100%| O|  |TAMS 0x000000009a700000, 0x000000009a700000| Untracked 
| 424|0x000000009a800000, 0x000000009a900000, 0x000000009a900000|100%| O|  |TAMS 0x000000009a800000, 0x000000009a800000| Untracked 
| 425|0x000000009a900000, 0x000000009aa00000, 0x000000009aa00000|100%| O|  |TAMS 0x000000009a900000, 0x000000009a900000| Untracked 
| 426|0x000000009aa00000, 0x000000009ab00000, 0x000000009ab00000|100%| O|  |TAMS 0x000000009aa00000, 0x000000009aa00000| Untracked 
| 427|0x000000009ab00000, 0x000000009ac00000, 0x000000009ac00000|100%| O|  |TAMS 0x000000009ab00000, 0x000000009ab00000| Untracked 
| 428|0x000000009ac00000, 0x000000009ad00000, 0x000000009ad00000|100%| O|  |TAMS 0x000000009ac00000, 0x000000009ac00000| Untracked 
| 429|0x000000009ad00000, 0x000000009ae00000, 0x000000009ae00000|100%| O|  |TAMS 0x000000009ad00000, 0x000000009ad00000| Untracked 
| 430|0x000000009ae00000, 0x000000009af00000, 0x000000009af00000|100%| O|  |TAMS 0x000000009af00000, 0x000000009ae00000| Untracked 
| 431|0x000000009af00000, 0x000000009b000000, 0x000000009b000000|100%| O|  |TAMS 0x000000009af00000, 0x000000009af00000| Untracked 
| 432|0x000000009b000000, 0x000000009b100000, 0x000000009b100000|100%| O|  |TAMS 0x000000009b000000, 0x000000009b000000| Untracked 
| 433|0x000000009b100000, 0x000000009b200000, 0x000000009b200000|100%| O|  |TAMS 0x000000009b200000, 0x000000009b100000| Untracked 
| 434|0x000000009b200000, 0x000000009b300000, 0x000000009b300000|100%| O|  |TAMS 0x000000009b200000, 0x000000009b200000| Untracked 
| 435|0x000000009b300000, 0x000000009b400000, 0x000000009b400000|100%| O|  |TAMS 0x000000009b400000, 0x000000009b300000| Untracked 
| 436|0x000000009b400000, 0x000000009b500000, 0x000000009b500000|100%| O|  |TAMS 0x000000009b400000, 0x000000009b400000| Untracked 
| 437|0x000000009b500000, 0x000000009b600000, 0x000000009b600000|100%| O|  |TAMS 0x000000009b500000, 0x000000009b500000| Untracked 
| 438|0x000000009b600000, 0x000000009b700000, 0x000000009b700000|100%| O|  |TAMS 0x000000009b600000, 0x000000009b600000| Untracked 
| 439|0x000000009b700000, 0x000000009b800000, 0x000000009b800000|100%| O|  |TAMS 0x000000009b700000, 0x000000009b700000| Untracked 
| 440|0x000000009b800000, 0x000000009b900000, 0x000000009b900000|100%| O|  |TAMS 0x000000009b800000, 0x000000009b800000| Untracked 
| 441|0x000000009b900000, 0x000000009ba00000, 0x000000009ba00000|100%| O|  |TAMS 0x000000009ba00000, 0x000000009b900000| Untracked 
| 442|0x000000009ba00000, 0x000000009bb00000, 0x000000009bb00000|100%| O|  |TAMS 0x000000009ba00000, 0x000000009ba00000| Untracked 
| 443|0x000000009bb00000, 0x000000009bc00000, 0x000000009bc00000|100%| O|  |TAMS 0x000000009bb00000, 0x000000009bb00000| Untracked 
| 444|0x000000009bc00000, 0x000000009bd00000, 0x000000009bd00000|100%| O|  |TAMS 0x000000009bd00000, 0x000000009bc00000| Untracked 
| 445|0x000000009bd00000, 0x000000009be00000, 0x000000009be00000|100%| O|  |TAMS 0x000000009be00000, 0x000000009bd00000| Untracked 
| 446|0x000000009be00000, 0x000000009bf00000, 0x000000009bf00000|100%| O|  |TAMS 0x000000009bf00000, 0x000000009be00000| Untracked 
| 447|0x000000009bf00000, 0x000000009c000000, 0x000000009c000000|100%| O|  |TAMS 0x000000009c000000, 0x000000009bf00000| Untracked 
| 448|0x000000009c000000, 0x000000009c100000, 0x000000009c100000|100%| O|  |TAMS 0x000000009c100000, 0x000000009c000000| Untracked 
| 449|0x000000009c100000, 0x000000009c200000, 0x000000009c200000|100%| O|  |TAMS 0x000000009c200000, 0x000000009c100000| Untracked 
| 450|0x000000009c200000, 0x000000009c300000, 0x000000009c300000|100%| O|  |TAMS 0x000000009c300000, 0x000000009c200000| Untracked 
| 451|0x000000009c300000, 0x000000009c400000, 0x000000009c400000|100%| O|  |TAMS 0x000000009c400000, 0x000000009c300000| Untracked 
| 452|0x000000009c400000, 0x000000009c500000, 0x000000009c500000|100%| O|  |TAMS 0x000000009c500000, 0x000000009c400000| Untracked 
| 453|0x000000009c500000, 0x000000009c600000, 0x000000009c600000|100%| O|  |TAMS 0x000000009c500000, 0x000000009c500000| Untracked 
| 454|0x000000009c600000, 0x000000009c700000, 0x000000009c700000|100%| O|  |TAMS 0x000000009c600000, 0x000000009c600000| Untracked 
| 455|0x000000009c700000, 0x000000009c800000, 0x000000009c800000|100%| O|  |TAMS 0x000000009c700000, 0x000000009c700000| Untracked 
| 456|0x000000009c800000, 0x000000009c900000, 0x000000009c900000|100%| O|  |TAMS 0x000000009c800000, 0x000000009c800000| Untracked 
| 457|0x000000009c900000, 0x000000009ca00000, 0x000000009ca00000|100%| O|  |TAMS 0x000000009c900000, 0x000000009c900000| Untracked 
| 458|0x000000009ca00000, 0x000000009cb00000, 0x000000009cb00000|100%| O|  |TAMS 0x000000009ca00000, 0x000000009ca00000| Untracked 
| 459|0x000000009cb00000, 0x000000009cc00000, 0x000000009cc00000|100%| O|  |TAMS 0x000000009cc00000, 0x000000009cb00000| Untracked 
| 460|0x000000009cc00000, 0x000000009cd00000, 0x000000009cd00000|100%| O|  |TAMS 0x000000009cc00000, 0x000000009cc00000| Untracked 
| 461|0x000000009cd00000, 0x000000009ce00000, 0x000000009ce00000|100%| O|  |TAMS 0x000000009cd00000, 0x000000009cd00000| Untracked 
| 462|0x000000009ce00000, 0x000000009cf00000, 0x000000009cf00000|100%| O|  |TAMS 0x000000009ce00000, 0x000000009ce00000| Untracked 
| 463|0x000000009cf00000, 0x000000009d000000, 0x000000009d000000|100%| O|  |TAMS 0x000000009cf00000, 0x000000009cf00000| Untracked 
| 464|0x000000009d000000, 0x000000009d100000, 0x000000009d100000|100%| O|  |TAMS 0x000000009d100000, 0x000000009d000000| Untracked 
| 465|0x000000009d100000, 0x000000009d200000, 0x000000009d200000|100%| O|  |TAMS 0x000000009d100000, 0x000000009d100000| Untracked 
| 466|0x000000009d200000, 0x000000009d300000, 0x000000009d300000|100%| O|  |TAMS 0x000000009d200000, 0x000000009d200000| Untracked 
| 467|0x000000009d300000, 0x000000009d400000, 0x000000009d400000|100%| O|  |TAMS 0x000000009d300000, 0x000000009d300000| Untracked 
| 468|0x000000009d400000, 0x000000009d500000, 0x000000009d500000|100%| O|  |TAMS 0x000000009d500000, 0x000000009d400000| Untracked 
| 469|0x000000009d500000, 0x000000009d600000, 0x000000009d600000|100%| O|  |TAMS 0x000000009d500000, 0x000000009d500000| Untracked 
| 470|0x000000009d600000, 0x000000009d700000, 0x000000009d700000|100%| O|  |TAMS 0x000000009d600000, 0x000000009d600000| Untracked 
| 471|0x000000009d700000, 0x000000009d800000, 0x000000009d800000|100%| O|  |TAMS 0x000000009d700000, 0x000000009d700000| Untracked 
| 472|0x000000009d800000, 0x000000009d900000, 0x000000009d900000|100%| O|  |TAMS 0x000000009d800000, 0x000000009d800000| Untracked 
| 473|0x000000009d900000, 0x000000009da00000, 0x000000009da00000|100%| O|  |TAMS 0x000000009d900000, 0x000000009d900000| Untracked 
| 474|0x000000009da00000, 0x000000009db00000, 0x000000009db00000|100%| O|  |TAMS 0x000000009db00000, 0x000000009da00000| Untracked 
| 475|0x000000009db00000, 0x000000009dc00000, 0x000000009dc00000|100%| O|  |TAMS 0x000000009db00000, 0x000000009db00000| Untracked 
| 476|0x000000009dc00000, 0x000000009dd00000, 0x000000009dd00000|100%| O|  |TAMS 0x000000009dc00000, 0x000000009dc00000| Untracked 
| 477|0x000000009dd00000, 0x000000009de00000, 0x000000009de00000|100%| O|  |TAMS 0x000000009de00000, 0x000000009dd00000| Untracked 
| 478|0x000000009de00000, 0x000000009df00000, 0x000000009df00000|100%| O|  |TAMS 0x000000009de00000, 0x000000009de00000| Untracked 
| 479|0x000000009df00000, 0x000000009e000000, 0x000000009e000000|100%| O|  |TAMS 0x000000009df00000, 0x000000009df00000| Untracked 
| 480|0x000000009e000000, 0x000000009e100000, 0x000000009e100000|100%| O|  |TAMS 0x000000009e000000, 0x000000009e000000| Untracked 
| 481|0x000000009e100000, 0x000000009e200000, 0x000000009e200000|100%| O|  |TAMS 0x000000009e100000, 0x000000009e100000| Untracked 
| 482|0x000000009e200000, 0x000000009e300000, 0x000000009e300000|100%| O|  |TAMS 0x000000009e200000, 0x000000009e200000| Untracked 
| 483|0x000000009e300000, 0x000000009e400000, 0x000000009e400000|100%| O|  |TAMS 0x000000009e300000, 0x000000009e300000| Untracked 
| 484|0x000000009e400000, 0x000000009e500000, 0x000000009e500000|100%| O|  |TAMS 0x000000009e400000, 0x000000009e400000| Untracked 
| 485|0x000000009e500000, 0x000000009e600000, 0x000000009e600000|100%| O|  |TAMS 0x000000009e500000, 0x000000009e500000| Untracked 
| 486|0x000000009e600000, 0x000000009e700000, 0x000000009e700000|100%| O|  |TAMS 0x000000009e600000, 0x000000009e600000| Untracked 
| 487|0x000000009e700000, 0x000000009e764200, 0x000000009e800000| 39%| O|  |TAMS 0x000000009e700000, 0x000000009e700000| Untracked 
| 488|0x000000009e800000, 0x000000009e800000, 0x000000009e900000|  0%| F|  |TAMS 0x000000009e800000, 0x000000009e800000| Untracked 
| 489|0x000000009e900000, 0x000000009e900000, 0x000000009ea00000|  0%| F|  |TAMS 0x000000009e900000, 0x000000009e900000| Untracked 
| 490|0x000000009ea00000, 0x000000009ea00000, 0x000000009eb00000|  0%| F|  |TAMS 0x000000009ea00000, 0x000000009ea00000| Untracked 
| 491|0x000000009eb00000, 0x000000009ec00000, 0x000000009ec00000|100%| O|  |TAMS 0x000000009ec00000, 0x000000009eb00000| Untracked 
| 492|0x000000009ec00000, 0x000000009ed00000, 0x000000009ed00000|100%| O|  |TAMS 0x000000009ed00000, 0x000000009ec00000| Untracked 
| 493|0x000000009ed00000, 0x000000009ee00000, 0x000000009ee00000|100%| O|  |TAMS 0x000000009ee00000, 0x000000009ed00000| Untracked 
| 494|0x000000009ee00000, 0x000000009ef00000, 0x000000009ef00000|100%| O|  |TAMS 0x000000009ef00000, 0x000000009ee00000| Untracked 
| 495|0x000000009ef00000, 0x000000009f000000, 0x000000009f000000|100%| O|  |TAMS 0x000000009f000000, 0x000000009ef00000| Untracked 
| 496|0x000000009f000000, 0x000000009f100000, 0x000000009f100000|100%| O|  |TAMS 0x000000009f100000, 0x000000009f000000| Untracked 
| 497|0x000000009f100000, 0x000000009f200000, 0x000000009f200000|100%| O|  |TAMS 0x000000009f200000, 0x000000009f100000| Untracked 
| 498|0x000000009f200000, 0x000000009f300000, 0x000000009f300000|100%| O|  |TAMS 0x000000009f300000, 0x000000009f200000| Untracked 
| 499|0x000000009f300000, 0x000000009f300000, 0x000000009f400000|  0%| F|  |TAMS 0x000000009f300000, 0x000000009f300000| Untracked 
| 500|0x000000009f400000, 0x000000009f400000, 0x000000009f500000|  0%| F|  |TAMS 0x000000009f400000, 0x000000009f400000| Untracked 
| 501|0x000000009f500000, 0x000000009f600000, 0x000000009f600000|100%| O|  |TAMS 0x000000009f600000, 0x000000009f500000| Untracked 
| 502|0x000000009f600000, 0x000000009f700000, 0x000000009f700000|100%| O|  |TAMS 0x000000009f700000, 0x000000009f600000| Untracked 
| 503|0x000000009f700000, 0x000000009f800000, 0x000000009f800000|100%| O|  |TAMS 0x000000009f800000, 0x000000009f700000| Untracked 
| 504|0x000000009f800000, 0x000000009f900000, 0x000000009f900000|100%| O|  |TAMS 0x000000009f900000, 0x000000009f800000| Untracked 
| 505|0x000000009f900000, 0x000000009fa00000, 0x000000009fa00000|100%| O|  |TAMS 0x000000009fa00000, 0x000000009f900000| Untracked 
| 506|0x000000009fa00000, 0x000000009fb00000, 0x000000009fb00000|100%| O|  |TAMS 0x000000009fb00000, 0x000000009fa00000| Untracked 
| 507|0x000000009fb00000, 0x000000009fb00000, 0x000000009fc00000|  0%| F|  |TAMS 0x000000009fb00000, 0x000000009fb00000| Untracked 
| 508|0x000000009fc00000, 0x000000009fd00000, 0x000000009fd00000|100%|HS|  |TAMS 0x000000009fd00000, 0x000000009fc00000| Complete 
| 509|0x000000009fd00000, 0x000000009fe00000, 0x000000009fe00000|100%|HC|  |TAMS 0x000000009fe00000, 0x000000009fd00000| Complete 
| 510|0x000000009fe00000, 0x000000009ff00000, 0x000000009ff00000|100%|HS|  |TAMS 0x000000009ff00000, 0x000000009fe00000| Complete 
| 511|0x000000009ff00000, 0x00000000a0000000, 0x00000000a0000000|100%|HC|  |TAMS 0x00000000a0000000, 0x000000009ff00000| Complete 
| 512|0x00000000a0000000, 0x00000000a0100000, 0x00000000a0100000|100%|HC|  |TAMS 0x00000000a0100000, 0x00000000a0000000| Complete 
| 513|0x00000000a0100000, 0x00000000a0200000, 0x00000000a0200000|100%|HC|  |TAMS 0x00000000a0200000, 0x00000000a0100000| Complete 
| 514|0x00000000a0200000, 0x00000000a0300000, 0x00000000a0300000|100%|HS|  |TAMS 0x00000000a0300000, 0x00000000a0200000| Complete 
| 515|0x00000000a0300000, 0x00000000a0400000, 0x00000000a0400000|100%|HC|  |TAMS 0x00000000a0400000, 0x00000000a0300000| Complete 
| 516|0x00000000a0400000, 0x00000000a0500000, 0x00000000a0500000|100%| O|  |TAMS 0x00000000a0500000, 0x00000000a0400000| Untracked 
| 517|0x00000000a0500000, 0x00000000a0600000, 0x00000000a0600000|100%|HS|  |TAMS 0x00000000a0600000, 0x00000000a0500000| Complete 
| 518|0x00000000a0600000, 0x00000000a0700000, 0x00000000a0700000|100%|HC|  |TAMS 0x00000000a0700000, 0x00000000a0600000| Complete 
| 519|0x00000000a0700000, 0x00000000a0800000, 0x00000000a0800000|100%|HC|  |TAMS 0x00000000a0800000, 0x00000000a0700000| Complete 
| 520|0x00000000a0800000, 0x00000000a0900000, 0x00000000a0900000|100%|HC|  |TAMS 0x00000000a0900000, 0x00000000a0800000| Complete 
| 521|0x00000000a0900000, 0x00000000a0a00000, 0x00000000a0a00000|100%| O|  |TAMS 0x00000000a0a00000, 0x00000000a0900000| Untracked 
| 522|0x00000000a0a00000, 0x00000000a0b00000, 0x00000000a0b00000|100%| O|  |TAMS 0x00000000a0b00000, 0x00000000a0a00000| Untracked 
| 523|0x00000000a0b00000, 0x00000000a0c00000, 0x00000000a0c00000|100%| O|  |TAMS 0x00000000a0c00000, 0x00000000a0b00000| Untracked 
| 524|0x00000000a0c00000, 0x00000000a0d00000, 0x00000000a0d00000|100%| O|  |TAMS 0x00000000a0d00000, 0x00000000a0c00000| Untracked 
| 525|0x00000000a0d00000, 0x00000000a0e00000, 0x00000000a0e00000|100%| O|  |TAMS 0x00000000a0e00000, 0x00000000a0d00000| Untracked 
| 526|0x00000000a0e00000, 0x00000000a0f00000, 0x00000000a0f00000|100%| O|  |TAMS 0x00000000a0f00000, 0x00000000a0e00000| Untracked 
| 527|0x00000000a0f00000, 0x00000000a1000000, 0x00000000a1000000|100%| O|  |TAMS 0x00000000a1000000, 0x00000000a0f00000| Untracked 
| 528|0x00000000a1000000, 0x00000000a1100000, 0x00000000a1100000|100%| O|  |TAMS 0x00000000a1100000, 0x00000000a1000000| Untracked 
| 529|0x00000000a1100000, 0x00000000a1200000, 0x00000000a1200000|100%| O|  |TAMS 0x00000000a1200000, 0x00000000a1100000| Untracked 
| 530|0x00000000a1200000, 0x00000000a1300000, 0x00000000a1300000|100%| O|  |TAMS 0x00000000a1300000, 0x00000000a1200000| Untracked 
| 531|0x00000000a1300000, 0x00000000a1400000, 0x00000000a1400000|100%| O|  |TAMS 0x00000000a1400000, 0x00000000a1300000| Untracked 
| 532|0x00000000a1400000, 0x00000000a1500000, 0x00000000a1500000|100%| O|  |TAMS 0x00000000a1500000, 0x00000000a1400000| Untracked 
| 533|0x00000000a1500000, 0x00000000a1600000, 0x00000000a1600000|100%|HS|  |TAMS 0x00000000a1600000, 0x00000000a1500000| Complete 
| 534|0x00000000a1600000, 0x00000000a1700000, 0x00000000a1700000|100%|HC|  |TAMS 0x00000000a1700000, 0x00000000a1600000| Complete 
| 535|0x00000000a1700000, 0x00000000a1800000, 0x00000000a1800000|100%|HC|  |TAMS 0x00000000a1800000, 0x00000000a1700000| Complete 
| 536|0x00000000a1800000, 0x00000000a1900000, 0x00000000a1900000|100%|HC|  |TAMS 0x00000000a1900000, 0x00000000a1800000| Complete 
| 537|0x00000000a1900000, 0x00000000a1a00000, 0x00000000a1a00000|100%| O|  |TAMS 0x00000000a1a00000, 0x00000000a1900000| Untracked 
| 538|0x00000000a1a00000, 0x00000000a1b00000, 0x00000000a1b00000|100%| O|  |TAMS 0x00000000a1b00000, 0x00000000a1a00000| Untracked 
| 539|0x00000000a1b00000, 0x00000000a1c00000, 0x00000000a1c00000|100%| O|  |TAMS 0x00000000a1c00000, 0x00000000a1b00000| Untracked 
| 540|0x00000000a1c00000, 0x00000000a1c00000, 0x00000000a1d00000|  0%| F|  |TAMS 0x00000000a1c00000, 0x00000000a1c00000| Untracked 
| 541|0x00000000a1d00000, 0x00000000a1e00000, 0x00000000a1e00000|100%| O|  |TAMS 0x00000000a1e00000, 0x00000000a1d00000| Untracked 
| 542|0x00000000a1e00000, 0x00000000a1f00000, 0x00000000a1f00000|100%| O|  |TAMS 0x00000000a1f00000, 0x00000000a1e00000| Untracked 
| 543|0x00000000a1f00000, 0x00000000a1f00000, 0x00000000a2000000|  0%| F|  |TAMS 0x00000000a1f00000, 0x00000000a1f00000| Untracked 
| 544|0x00000000a2000000, 0x00000000a2100000, 0x00000000a2100000|100%| O|  |TAMS 0x00000000a2100000, 0x00000000a2000000| Untracked 
| 545|0x00000000a2100000, 0x00000000a2200000, 0x00000000a2200000|100%| O|  |TAMS 0x00000000a2200000, 0x00000000a2100000| Untracked 
| 546|0x00000000a2200000, 0x00000000a2300000, 0x00000000a2300000|100%| O|  |TAMS 0x00000000a2300000, 0x00000000a2200000| Untracked 
| 547|0x00000000a2300000, 0x00000000a2400000, 0x00000000a2400000|100%| O|  |TAMS 0x00000000a2400000, 0x00000000a2300000| Untracked 
| 548|0x00000000a2400000, 0x00000000a2500000, 0x00000000a2500000|100%| O|  |TAMS 0x00000000a2500000, 0x00000000a2400000| Untracked 
| 549|0x00000000a2500000, 0x00000000a2600000, 0x00000000a2600000|100%| O|  |TAMS 0x00000000a2600000, 0x00000000a2500000| Untracked 
| 550|0x00000000a2600000, 0x00000000a2700000, 0x00000000a2700000|100%| O|  |TAMS 0x00000000a2700000, 0x00000000a2600000| Untracked 
| 551|0x00000000a2700000, 0x00000000a2700000, 0x00000000a2800000|  0%| F|  |TAMS 0x00000000a2700000, 0x00000000a2700000| Untracked 
| 552|0x00000000a2800000, 0x00000000a2900000, 0x00000000a2900000|100%| O|  |TAMS 0x00000000a2900000, 0x00000000a2800000| Untracked 
| 553|0x00000000a2900000, 0x00000000a2a00000, 0x00000000a2a00000|100%| O|  |TAMS 0x00000000a2a00000, 0x00000000a2900000| Untracked 
| 554|0x00000000a2a00000, 0x00000000a2b00000, 0x00000000a2b00000|100%| O|  |TAMS 0x00000000a2b00000, 0x00000000a2a00000| Untracked 
| 555|0x00000000a2b00000, 0x00000000a2b00000, 0x00000000a2c00000|  0%| F|  |TAMS 0x00000000a2b00000, 0x00000000a2b00000| Untracked 
| 556|0x00000000a2c00000, 0x00000000a2c00000, 0x00000000a2d00000|  0%| F|  |TAMS 0x00000000a2c00000, 0x00000000a2c00000| Untracked 
| 557|0x00000000a2d00000, 0x00000000a2d00000, 0x00000000a2e00000|  0%| F|  |TAMS 0x00000000a2d00000, 0x00000000a2d00000| Untracked 
| 558|0x00000000a2e00000, 0x00000000a2e00000, 0x00000000a2f00000|  0%| F|  |TAMS 0x00000000a2e00000, 0x00000000a2e00000| Untracked 
| 559|0x00000000a2f00000, 0x00000000a2f00000, 0x00000000a3000000|  0%| F|  |TAMS 0x00000000a2f00000, 0x00000000a2f00000| Untracked 
| 560|0x00000000a3000000, 0x00000000a3000000, 0x00000000a3100000|  0%| F|  |TAMS 0x00000000a3000000, 0x00000000a3000000| Untracked 
| 561|0x00000000a3100000, 0x00000000a3100000, 0x00000000a3200000|  0%| F|  |TAMS 0x00000000a3100000, 0x00000000a3100000| Untracked 
| 562|0x00000000a3200000, 0x00000000a3200000, 0x00000000a3300000|  0%| F|  |TAMS 0x00000000a3200000, 0x00000000a3200000| Untracked 
| 563|0x00000000a3300000, 0x00000000a3300000, 0x00000000a3400000|  0%| F|  |TAMS 0x00000000a3300000, 0x00000000a3300000| Untracked 
| 564|0x00000000a3400000, 0x00000000a3400000, 0x00000000a3500000|  0%| F|  |TAMS 0x00000000a3400000, 0x00000000a3400000| Untracked 
| 565|0x00000000a3500000, 0x00000000a3600000, 0x00000000a3600000|100%| O|  |TAMS 0x00000000a3600000, 0x00000000a3500000| Untracked 
| 566|0x00000000a3600000, 0x00000000a3700000, 0x00000000a3700000|100%| O|  |TAMS 0x00000000a3700000, 0x00000000a3600000| Untracked 
| 567|0x00000000a3700000, 0x00000000a3800000, 0x00000000a3800000|100%| O|  |TAMS 0x00000000a3800000, 0x00000000a3700000| Untracked 
| 568|0x00000000a3800000, 0x00000000a3900000, 0x00000000a3900000|100%| O|  |TAMS 0x00000000a3900000, 0x00000000a3800000| Untracked 
| 569|0x00000000a3900000, 0x00000000a3a00000, 0x00000000a3a00000|100%| O|  |TAMS 0x00000000a3a00000, 0x00000000a3900000| Untracked 
| 570|0x00000000a3a00000, 0x00000000a3b00000, 0x00000000a3b00000|100%| O|  |TAMS 0x00000000a3b00000, 0x00000000a3a00000| Untracked 
| 571|0x00000000a3b00000, 0x00000000a3c00000, 0x00000000a3c00000|100%| O|  |TAMS 0x00000000a3c00000, 0x00000000a3b00000| Untracked 
| 572|0x00000000a3c00000, 0x00000000a3d00000, 0x00000000a3d00000|100%| O|  |TAMS 0x00000000a3d00000, 0x00000000a3c00000| Untracked 
| 573|0x00000000a3d00000, 0x00000000a3e00000, 0x00000000a3e00000|100%| O|  |TAMS 0x00000000a3e00000, 0x00000000a3d00000| Untracked 
| 574|0x00000000a3e00000, 0x00000000a3f00000, 0x00000000a3f00000|100%| O|  |TAMS 0x00000000a3f00000, 0x00000000a3e00000| Untracked 
| 575|0x00000000a3f00000, 0x00000000a4000000, 0x00000000a4000000|100%| O|  |TAMS 0x00000000a4000000, 0x00000000a3f00000| Untracked 
| 576|0x00000000a4000000, 0x00000000a4100000, 0x00000000a4100000|100%| O|  |TAMS 0x00000000a4100000, 0x00000000a4000000| Untracked 
| 577|0x00000000a4100000, 0x00000000a4200000, 0x00000000a4200000|100%| O|  |TAMS 0x00000000a4200000, 0x00000000a4100000| Untracked 
| 578|0x00000000a4200000, 0x00000000a4300000, 0x00000000a4300000|100%| O|  |TAMS 0x00000000a4300000, 0x00000000a4200000| Untracked 
| 579|0x00000000a4300000, 0x00000000a4400000, 0x00000000a4400000|100%| O|  |TAMS 0x00000000a4400000, 0x00000000a4300000| Untracked 
| 580|0x00000000a4400000, 0x00000000a4500000, 0x00000000a4500000|100%| O|  |TAMS 0x00000000a4500000, 0x00000000a4400000| Untracked 
| 581|0x00000000a4500000, 0x00000000a4600000, 0x00000000a4600000|100%| O|  |TAMS 0x00000000a4600000, 0x00000000a4500000| Untracked 
| 582|0x00000000a4600000, 0x00000000a4600000, 0x00000000a4700000|  0%| F|  |TAMS 0x00000000a4600000, 0x00000000a4600000| Untracked 
| 583|0x00000000a4700000, 0x00000000a4700000, 0x00000000a4800000|  0%| F|  |TAMS 0x00000000a4700000, 0x00000000a4700000| Untracked 
| 584|0x00000000a4800000, 0x00000000a4900000, 0x00000000a4900000|100%| O|  |TAMS 0x00000000a4900000, 0x00000000a4800000| Untracked 
| 585|0x00000000a4900000, 0x00000000a4a00000, 0x00000000a4a00000|100%| O|  |TAMS 0x00000000a4a00000, 0x00000000a4900000| Untracked 
| 586|0x00000000a4a00000, 0x00000000a4a00000, 0x00000000a4b00000|  0%| F|  |TAMS 0x00000000a4a00000, 0x00000000a4a00000| Untracked 
| 587|0x00000000a4b00000, 0x00000000a4c00000, 0x00000000a4c00000|100%| O|  |TAMS 0x00000000a4c00000, 0x00000000a4b00000| Untracked 
| 588|0x00000000a4c00000, 0x00000000a4d00000, 0x00000000a4d00000|100%| O|  |TAMS 0x00000000a4d00000, 0x00000000a4c00000| Untracked 
| 589|0x00000000a4d00000, 0x00000000a4d00000, 0x00000000a4e00000|  0%| F|  |TAMS 0x00000000a4d00000, 0x00000000a4d00000| Untracked 
| 590|0x00000000a4e00000, 0x00000000a4f00000, 0x00000000a4f00000|100%| O|  |TAMS 0x00000000a4f00000, 0x00000000a4e00000| Untracked 
| 591|0x00000000a4f00000, 0x00000000a5000000, 0x00000000a5000000|100%| O|  |TAMS 0x00000000a5000000, 0x00000000a4f00000| Untracked 
| 592|0x00000000a5000000, 0x00000000a5100000, 0x00000000a5100000|100%| O|  |TAMS 0x00000000a5100000, 0x00000000a5000000| Untracked 
| 593|0x00000000a5100000, 0x00000000a5100000, 0x00000000a5200000|  0%| F|  |TAMS 0x00000000a5100000, 0x00000000a5100000| Untracked 
| 594|0x00000000a5200000, 0x00000000a5200000, 0x00000000a5300000|  0%| F|  |TAMS 0x00000000a5200000, 0x00000000a5200000| Untracked 
| 595|0x00000000a5300000, 0x00000000a5300000, 0x00000000a5400000|  0%| F|  |TAMS 0x00000000a5300000, 0x00000000a5300000| Untracked 
| 596|0x00000000a5400000, 0x00000000a5400000, 0x00000000a5500000|  0%| F|  |TAMS 0x00000000a5400000, 0x00000000a5400000| Untracked 
| 597|0x00000000a5500000, 0x00000000a5500000, 0x00000000a5600000|  0%| F|  |TAMS 0x00000000a5500000, 0x00000000a5500000| Untracked 
| 598|0x00000000a5600000, 0x00000000a5600000, 0x00000000a5700000|  0%| F|  |TAMS 0x00000000a5600000, 0x00000000a5600000| Untracked 
| 599|0x00000000a5700000, 0x00000000a5700000, 0x00000000a5800000|  0%| F|  |TAMS 0x00000000a5700000, 0x00000000a5700000| Untracked 
| 600|0x00000000a5800000, 0x00000000a5800000, 0x00000000a5900000|  0%| F|  |TAMS 0x00000000a5800000, 0x00000000a5800000| Untracked 
| 601|0x00000000a5900000, 0x00000000a5900000, 0x00000000a5a00000|  0%| F|  |TAMS 0x00000000a5900000, 0x00000000a5900000| Untracked 
| 602|0x00000000a5a00000, 0x00000000a5a00000, 0x00000000a5b00000|  0%| F|  |TAMS 0x00000000a5a00000, 0x00000000a5a00000| Untracked 
| 603|0x00000000a5b00000, 0x00000000a5b00000, 0x00000000a5c00000|  0%| F|  |TAMS 0x00000000a5b00000, 0x00000000a5b00000| Untracked 
| 604|0x00000000a5c00000, 0x00000000a5c00000, 0x00000000a5d00000|  0%| F|  |TAMS 0x00000000a5c00000, 0x00000000a5c00000| Untracked 
| 605|0x00000000a5d00000, 0x00000000a5d00000, 0x00000000a5e00000|  0%| F|  |TAMS 0x00000000a5d00000, 0x00000000a5d00000| Untracked 
| 606|0x00000000a5e00000, 0x00000000a5e00000, 0x00000000a5f00000|  0%| F|  |TAMS 0x00000000a5e00000, 0x00000000a5e00000| Untracked 
| 607|0x00000000a5f00000, 0x00000000a5f00000, 0x00000000a6000000|  0%| F|  |TAMS 0x00000000a5f00000, 0x00000000a5f00000| Untracked 
| 608|0x00000000a6000000, 0x00000000a6000000, 0x00000000a6100000|  0%| F|  |TAMS 0x00000000a6000000, 0x00000000a6000000| Untracked 
| 609|0x00000000a6100000, 0x00000000a6100000, 0x00000000a6200000|  0%| F|  |TAMS 0x00000000a6100000, 0x00000000a6100000| Untracked 
| 610|0x00000000a6200000, 0x00000000a6200000, 0x00000000a6300000|  0%| F|  |TAMS 0x00000000a6200000, 0x00000000a6200000| Untracked 
| 611|0x00000000a6300000, 0x00000000a6300000, 0x00000000a6400000|  0%| F|  |TAMS 0x00000000a6300000, 0x00000000a6300000| Untracked 
| 612|0x00000000a6400000, 0x00000000a6400000, 0x00000000a6500000|  0%| F|  |TAMS 0x00000000a6400000, 0x00000000a6400000| Untracked 
| 613|0x00000000a6500000, 0x00000000a6500000, 0x00000000a6600000|  0%| F|  |TAMS 0x00000000a6500000, 0x00000000a6500000| Untracked 
| 614|0x00000000a6600000, 0x00000000a6600000, 0x00000000a6700000|  0%| F|  |TAMS 0x00000000a6600000, 0x00000000a6600000| Untracked 
| 615|0x00000000a6700000, 0x00000000a6700000, 0x00000000a6800000|  0%| F|  |TAMS 0x00000000a6700000, 0x00000000a6700000| Untracked 
| 616|0x00000000a6800000, 0x00000000a6800000, 0x00000000a6900000|  0%| F|  |TAMS 0x00000000a6800000, 0x00000000a6800000| Untracked 
| 617|0x00000000a6900000, 0x00000000a6900000, 0x00000000a6a00000|  0%| F|  |TAMS 0x00000000a6900000, 0x00000000a6900000| Untracked 
| 618|0x00000000a6a00000, 0x00000000a6a00000, 0x00000000a6b00000|  0%| F|  |TAMS 0x00000000a6a00000, 0x00000000a6a00000| Untracked 
| 619|0x00000000a6b00000, 0x00000000a6b00000, 0x00000000a6c00000|  0%| F|  |TAMS 0x00000000a6b00000, 0x00000000a6b00000| Untracked 
| 620|0x00000000a6c00000, 0x00000000a6c00000, 0x00000000a6d00000|  0%| F|  |TAMS 0x00000000a6c00000, 0x00000000a6c00000| Untracked 
| 621|0x00000000a6d00000, 0x00000000a6d00000, 0x00000000a6e00000|  0%| F|  |TAMS 0x00000000a6d00000, 0x00000000a6d00000| Untracked 
| 622|0x00000000a6e00000, 0x00000000a6e00000, 0x00000000a6f00000|  0%| F|  |TAMS 0x00000000a6e00000, 0x00000000a6e00000| Untracked 
| 623|0x00000000a6f00000, 0x00000000a6f00000, 0x00000000a7000000|  0%| F|  |TAMS 0x00000000a6f00000, 0x00000000a6f00000| Untracked 
| 624|0x00000000a7000000, 0x00000000a7000000, 0x00000000a7100000|  0%| F|  |TAMS 0x00000000a7000000, 0x00000000a7000000| Untracked 
| 625|0x00000000a7100000, 0x00000000a7100000, 0x00000000a7200000|  0%| F|  |TAMS 0x00000000a7100000, 0x00000000a7100000| Untracked 
| 626|0x00000000a7200000, 0x00000000a7200000, 0x00000000a7300000|  0%| F|  |TAMS 0x00000000a7200000, 0x00000000a7200000| Untracked 
| 627|0x00000000a7300000, 0x00000000a7300000, 0x00000000a7400000|  0%| F|  |TAMS 0x00000000a7300000, 0x00000000a7300000| Untracked 
| 628|0x00000000a7400000, 0x00000000a7400000, 0x00000000a7500000|  0%| F|  |TAMS 0x00000000a7400000, 0x00000000a7400000| Untracked 
| 629|0x00000000a7500000, 0x00000000a7500000, 0x00000000a7600000|  0%| F|  |TAMS 0x00000000a7500000, 0x00000000a7500000| Untracked 
| 630|0x00000000a7600000, 0x00000000a7600000, 0x00000000a7700000|  0%| F|  |TAMS 0x00000000a7600000, 0x00000000a7600000| Untracked 
| 631|0x00000000a7700000, 0x00000000a7700000, 0x00000000a7800000|  0%| F|  |TAMS 0x00000000a7700000, 0x00000000a7700000| Untracked 
| 632|0x00000000a7800000, 0x00000000a7800000, 0x00000000a7900000|  0%| F|  |TAMS 0x00000000a7800000, 0x00000000a7800000| Untracked 
| 633|0x00000000a7900000, 0x00000000a7900000, 0x00000000a7a00000|  0%| F|  |TAMS 0x00000000a7900000, 0x00000000a7900000| Untracked 
| 634|0x00000000a7a00000, 0x00000000a7a00000, 0x00000000a7b00000|  0%| F|  |TAMS 0x00000000a7a00000, 0x00000000a7a00000| Untracked 
| 635|0x00000000a7b00000, 0x00000000a7b00000, 0x00000000a7c00000|  0%| F|  |TAMS 0x00000000a7b00000, 0x00000000a7b00000| Untracked 
| 636|0x00000000a7c00000, 0x00000000a7c00000, 0x00000000a7d00000|  0%| F|  |TAMS 0x00000000a7c00000, 0x00000000a7c00000| Untracked 
| 637|0x00000000a7d00000, 0x00000000a7d00000, 0x00000000a7e00000|  0%| F|  |TAMS 0x00000000a7d00000, 0x00000000a7d00000| Untracked 
| 638|0x00000000a7e00000, 0x00000000a7e00000, 0x00000000a7f00000|  0%| F|  |TAMS 0x00000000a7e00000, 0x00000000a7e00000| Untracked 
| 639|0x00000000a7f00000, 0x00000000a7f00000, 0x00000000a8000000|  0%| F|  |TAMS 0x00000000a7f00000, 0x00000000a7f00000| Untracked 
| 640|0x00000000a8000000, 0x00000000a8000000, 0x00000000a8100000|  0%| F|  |TAMS 0x00000000a8000000, 0x00000000a8000000| Untracked 
| 641|0x00000000a8100000, 0x00000000a8100000, 0x00000000a8200000|  0%| F|  |TAMS 0x00000000a8100000, 0x00000000a8100000| Untracked 
| 642|0x00000000a8200000, 0x00000000a8200000, 0x00000000a8300000|  0%| F|  |TAMS 0x00000000a8200000, 0x00000000a8200000| Untracked 
| 643|0x00000000a8300000, 0x00000000a8300000, 0x00000000a8400000|  0%| F|  |TAMS 0x00000000a8300000, 0x00000000a8300000| Untracked 
| 644|0x00000000a8400000, 0x00000000a8400000, 0x00000000a8500000|  0%| F|  |TAMS 0x00000000a8400000, 0x00000000a8400000| Untracked 
| 645|0x00000000a8500000, 0x00000000a8500000, 0x00000000a8600000|  0%| F|  |TAMS 0x00000000a8500000, 0x00000000a8500000| Untracked 
| 646|0x00000000a8600000, 0x00000000a8600000, 0x00000000a8700000|  0%| F|  |TAMS 0x00000000a8600000, 0x00000000a8600000| Untracked 
| 647|0x00000000a8700000, 0x00000000a8700000, 0x00000000a8800000|  0%| F|  |TAMS 0x00000000a8700000, 0x00000000a8700000| Untracked 
| 648|0x00000000a8800000, 0x00000000a8800000, 0x00000000a8900000|  0%| F|  |TAMS 0x00000000a8800000, 0x00000000a8800000| Untracked 
| 649|0x00000000a8900000, 0x00000000a8900000, 0x00000000a8a00000|  0%| F|  |TAMS 0x00000000a8900000, 0x00000000a8900000| Untracked 
| 650|0x00000000a8a00000, 0x00000000a8a00000, 0x00000000a8b00000|  0%| F|  |TAMS 0x00000000a8a00000, 0x00000000a8a00000| Untracked 
| 651|0x00000000a8b00000, 0x00000000a8b00000, 0x00000000a8c00000|  0%| F|  |TAMS 0x00000000a8b00000, 0x00000000a8b00000| Untracked 
| 652|0x00000000a8c00000, 0x00000000a8c00000, 0x00000000a8d00000|  0%| F|  |TAMS 0x00000000a8c00000, 0x00000000a8c00000| Untracked 
| 653|0x00000000a8d00000, 0x00000000a8d00000, 0x00000000a8e00000|  0%| F|  |TAMS 0x00000000a8d00000, 0x00000000a8d00000| Untracked 
| 654|0x00000000a8e00000, 0x00000000a8e00000, 0x00000000a8f00000|  0%| F|  |TAMS 0x00000000a8e00000, 0x00000000a8e00000| Untracked 
| 655|0x00000000a8f00000, 0x00000000a8f00000, 0x00000000a9000000|  0%| F|  |TAMS 0x00000000a8f00000, 0x00000000a8f00000| Untracked 
| 656|0x00000000a9000000, 0x00000000a9000000, 0x00000000a9100000|  0%| F|  |TAMS 0x00000000a9000000, 0x00000000a9000000| Untracked 
| 657|0x00000000a9100000, 0x00000000a9100000, 0x00000000a9200000|  0%| F|  |TAMS 0x00000000a9100000, 0x00000000a9100000| Untracked 
| 658|0x00000000a9200000, 0x00000000a9200000, 0x00000000a9300000|  0%| F|  |TAMS 0x00000000a9200000, 0x00000000a9200000| Untracked 
| 659|0x00000000a9300000, 0x00000000a9300000, 0x00000000a9400000|  0%| F|  |TAMS 0x00000000a9300000, 0x00000000a9300000| Untracked 
| 660|0x00000000a9400000, 0x00000000a9400000, 0x00000000a9500000|  0%| F|  |TAMS 0x00000000a9400000, 0x00000000a9400000| Untracked 
| 661|0x00000000a9500000, 0x00000000a9500000, 0x00000000a9600000|  0%| F|  |TAMS 0x00000000a9500000, 0x00000000a9500000| Untracked 
| 662|0x00000000a9600000, 0x00000000a9600000, 0x00000000a9700000|  0%| F|  |TAMS 0x00000000a9600000, 0x00000000a9600000| Untracked 
| 663|0x00000000a9700000, 0x00000000a9700000, 0x00000000a9800000|  0%| F|  |TAMS 0x00000000a9700000, 0x00000000a9700000| Untracked 
| 664|0x00000000a9800000, 0x00000000a9800000, 0x00000000a9900000|  0%| F|  |TAMS 0x00000000a9800000, 0x00000000a9800000| Untracked 
| 665|0x00000000a9900000, 0x00000000a9900000, 0x00000000a9a00000|  0%| F|  |TAMS 0x00000000a9900000, 0x00000000a9900000| Untracked 
| 666|0x00000000a9a00000, 0x00000000a9a00000, 0x00000000a9b00000|  0%| F|  |TAMS 0x00000000a9a00000, 0x00000000a9a00000| Untracked 
| 667|0x00000000a9b00000, 0x00000000a9b00000, 0x00000000a9c00000|  0%| F|  |TAMS 0x00000000a9b00000, 0x00000000a9b00000| Untracked 
| 668|0x00000000a9c00000, 0x00000000a9c00000, 0x00000000a9d00000|  0%| F|  |TAMS 0x00000000a9c00000, 0x00000000a9c00000| Untracked 
| 669|0x00000000a9d00000, 0x00000000a9d00000, 0x00000000a9e00000|  0%| F|  |TAMS 0x00000000a9d00000, 0x00000000a9d00000| Untracked 
| 670|0x00000000a9e00000, 0x00000000a9e00000, 0x00000000a9f00000|  0%| F|  |TAMS 0x00000000a9e00000, 0x00000000a9e00000| Untracked 
| 671|0x00000000a9f00000, 0x00000000a9f00000, 0x00000000aa000000|  0%| F|  |TAMS 0x00000000a9f00000, 0x00000000a9f00000| Untracked 
| 672|0x00000000aa000000, 0x00000000aa000000, 0x00000000aa100000|  0%| F|  |TAMS 0x00000000aa000000, 0x00000000aa000000| Untracked 
| 673|0x00000000aa100000, 0x00000000aa100000, 0x00000000aa200000|  0%| F|  |TAMS 0x00000000aa100000, 0x00000000aa100000| Untracked 
| 674|0x00000000aa200000, 0x00000000aa200000, 0x00000000aa300000|  0%| F|  |TAMS 0x00000000aa200000, 0x00000000aa200000| Untracked 
| 675|0x00000000aa300000, 0x00000000aa300000, 0x00000000aa400000|  0%| F|  |TAMS 0x00000000aa300000, 0x00000000aa300000| Untracked 
| 676|0x00000000aa400000, 0x00000000aa400000, 0x00000000aa500000|  0%| F|  |TAMS 0x00000000aa400000, 0x00000000aa400000| Untracked 
| 677|0x00000000aa500000, 0x00000000aa500000, 0x00000000aa600000|  0%| F|  |TAMS 0x00000000aa500000, 0x00000000aa500000| Untracked 
| 678|0x00000000aa600000, 0x00000000aa600000, 0x00000000aa700000|  0%| F|  |TAMS 0x00000000aa600000, 0x00000000aa600000| Untracked 
| 679|0x00000000aa700000, 0x00000000aa700000, 0x00000000aa800000|  0%| F|  |TAMS 0x00000000aa700000, 0x00000000aa700000| Untracked 
| 680|0x00000000aa800000, 0x00000000aa800000, 0x00000000aa900000|  0%| F|  |TAMS 0x00000000aa800000, 0x00000000aa800000| Untracked 
| 681|0x00000000aa900000, 0x00000000aa900000, 0x00000000aaa00000|  0%| F|  |TAMS 0x00000000aa900000, 0x00000000aa900000| Untracked 
| 682|0x00000000aaa00000, 0x00000000aaa00000, 0x00000000aab00000|  0%| F|  |TAMS 0x00000000aaa00000, 0x00000000aaa00000| Untracked 
| 683|0x00000000aab00000, 0x00000000aab00000, 0x00000000aac00000|  0%| F|  |TAMS 0x00000000aab00000, 0x00000000aab00000| Untracked 
| 684|0x00000000aac00000, 0x00000000aac00000, 0x00000000aad00000|  0%| F|  |TAMS 0x00000000aac00000, 0x00000000aac00000| Untracked 
| 685|0x00000000aad00000, 0x00000000aad00000, 0x00000000aae00000|  0%| F|  |TAMS 0x00000000aad00000, 0x00000000aad00000| Untracked 
| 686|0x00000000aae00000, 0x00000000aae00000, 0x00000000aaf00000|  0%| F|  |TAMS 0x00000000aae00000, 0x00000000aae00000| Untracked 
| 687|0x00000000aaf00000, 0x00000000aaf00000, 0x00000000ab000000|  0%| F|  |TAMS 0x00000000aaf00000, 0x00000000aaf00000| Untracked 
| 688|0x00000000ab000000, 0x00000000ab000000, 0x00000000ab100000|  0%| F|  |TAMS 0x00000000ab000000, 0x00000000ab000000| Untracked 
| 689|0x00000000ab100000, 0x00000000ab100000, 0x00000000ab200000|  0%| F|  |TAMS 0x00000000ab100000, 0x00000000ab100000| Untracked 
| 690|0x00000000ab200000, 0x00000000ab200000, 0x00000000ab300000|  0%| F|  |TAMS 0x00000000ab200000, 0x00000000ab200000| Untracked 
| 691|0x00000000ab300000, 0x00000000ab300000, 0x00000000ab400000|  0%| F|  |TAMS 0x00000000ab300000, 0x00000000ab300000| Untracked 
| 692|0x00000000ab400000, 0x00000000ab400000, 0x00000000ab500000|  0%| F|  |TAMS 0x00000000ab400000, 0x00000000ab400000| Untracked 
| 693|0x00000000ab500000, 0x00000000ab500000, 0x00000000ab600000|  0%| F|  |TAMS 0x00000000ab500000, 0x00000000ab500000| Untracked 
| 694|0x00000000ab600000, 0x00000000ab600000, 0x00000000ab700000|  0%| F|  |TAMS 0x00000000ab600000, 0x00000000ab600000| Untracked 
| 695|0x00000000ab700000, 0x00000000ab700000, 0x00000000ab800000|  0%| F|  |TAMS 0x00000000ab700000, 0x00000000ab700000| Untracked 
| 696|0x00000000ab800000, 0x00000000ab800000, 0x00000000ab900000|  0%| F|  |TAMS 0x00000000ab800000, 0x00000000ab800000| Untracked 
| 697|0x00000000ab900000, 0x00000000ab900000, 0x00000000aba00000|  0%| F|  |TAMS 0x00000000ab900000, 0x00000000ab900000| Untracked 
| 698|0x00000000aba00000, 0x00000000aba00000, 0x00000000abb00000|  0%| F|  |TAMS 0x00000000aba00000, 0x00000000aba00000| Untracked 
| 699|0x00000000abb00000, 0x00000000abb00000, 0x00000000abc00000|  0%| F|  |TAMS 0x00000000abb00000, 0x00000000abb00000| Untracked 
| 700|0x00000000abc00000, 0x00000000abc00000, 0x00000000abd00000|  0%| F|  |TAMS 0x00000000abc00000, 0x00000000abc00000| Untracked 
| 701|0x00000000abd00000, 0x00000000abd00000, 0x00000000abe00000|  0%| F|  |TAMS 0x00000000abd00000, 0x00000000abd00000| Untracked 
| 702|0x00000000abe00000, 0x00000000abe00000, 0x00000000abf00000|  0%| F|  |TAMS 0x00000000abe00000, 0x00000000abe00000| Untracked 
| 703|0x00000000abf00000, 0x00000000abf00000, 0x00000000ac000000|  0%| F|  |TAMS 0x00000000abf00000, 0x00000000abf00000| Untracked 
| 704|0x00000000ac000000, 0x00000000ac000000, 0x00000000ac100000|  0%| F|  |TAMS 0x00000000ac000000, 0x00000000ac000000| Untracked 
| 705|0x00000000ac100000, 0x00000000ac100000, 0x00000000ac200000|  0%| F|  |TAMS 0x00000000ac100000, 0x00000000ac100000| Untracked 
| 706|0x00000000ac200000, 0x00000000ac200000, 0x00000000ac300000|  0%| F|  |TAMS 0x00000000ac200000, 0x00000000ac200000| Untracked 
| 707|0x00000000ac300000, 0x00000000ac300000, 0x00000000ac400000|  0%| F|  |TAMS 0x00000000ac300000, 0x00000000ac300000| Untracked 
| 708|0x00000000ac400000, 0x00000000ac400000, 0x00000000ac500000|  0%| F|  |TAMS 0x00000000ac400000, 0x00000000ac400000| Untracked 
| 709|0x00000000ac500000, 0x00000000ac500000, 0x00000000ac600000|  0%| F|  |TAMS 0x00000000ac500000, 0x00000000ac500000| Untracked 
| 710|0x00000000ac600000, 0x00000000ac600000, 0x00000000ac700000|  0%| F|  |TAMS 0x00000000ac600000, 0x00000000ac600000| Untracked 
| 711|0x00000000ac700000, 0x00000000ac700000, 0x00000000ac800000|  0%| F|  |TAMS 0x00000000ac700000, 0x00000000ac700000| Untracked 
| 712|0x00000000ac800000, 0x00000000ac800000, 0x00000000ac900000|  0%| F|  |TAMS 0x00000000ac800000, 0x00000000ac800000| Untracked 
| 713|0x00000000ac900000, 0x00000000ac900000, 0x00000000aca00000|  0%| F|  |TAMS 0x00000000ac900000, 0x00000000ac900000| Untracked 
| 714|0x00000000aca00000, 0x00000000aca00000, 0x00000000acb00000|  0%| F|  |TAMS 0x00000000aca00000, 0x00000000aca00000| Untracked 
| 715|0x00000000acb00000, 0x00000000acb00000, 0x00000000acc00000|  0%| F|  |TAMS 0x00000000acb00000, 0x00000000acb00000| Untracked 
| 716|0x00000000acc00000, 0x00000000acc00000, 0x00000000acd00000|  0%| F|  |TAMS 0x00000000acc00000, 0x00000000acc00000| Untracked 
| 717|0x00000000acd00000, 0x00000000acd00000, 0x00000000ace00000|  0%| F|  |TAMS 0x00000000acd00000, 0x00000000acd00000| Untracked 
| 718|0x00000000ace00000, 0x00000000ace00000, 0x00000000acf00000|  0%| F|  |TAMS 0x00000000ace00000, 0x00000000ace00000| Untracked 
| 719|0x00000000acf00000, 0x00000000acf00000, 0x00000000ad000000|  0%| F|  |TAMS 0x00000000acf00000, 0x00000000acf00000| Untracked 
| 720|0x00000000ad000000, 0x00000000ad000000, 0x00000000ad100000|  0%| F|  |TAMS 0x00000000ad000000, 0x00000000ad000000| Untracked 
| 721|0x00000000ad100000, 0x00000000ad100000, 0x00000000ad200000|  0%| F|  |TAMS 0x00000000ad100000, 0x00000000ad100000| Untracked 
| 722|0x00000000ad200000, 0x00000000ad200000, 0x00000000ad300000|  0%| F|  |TAMS 0x00000000ad200000, 0x00000000ad200000| Untracked 
| 723|0x00000000ad300000, 0x00000000ad300000, 0x00000000ad400000|  0%| F|  |TAMS 0x00000000ad300000, 0x00000000ad300000| Untracked 
| 724|0x00000000ad400000, 0x00000000ad400000, 0x00000000ad500000|  0%| F|  |TAMS 0x00000000ad400000, 0x00000000ad400000| Untracked 
| 725|0x00000000ad500000, 0x00000000ad500000, 0x00000000ad600000|  0%| F|  |TAMS 0x00000000ad500000, 0x00000000ad500000| Untracked 
| 726|0x00000000ad600000, 0x00000000ad600000, 0x00000000ad700000|  0%| F|  |TAMS 0x00000000ad600000, 0x00000000ad600000| Untracked 
| 727|0x00000000ad700000, 0x00000000ad800000, 0x00000000ad800000|100%| S|CS|TAMS 0x00000000ad700000, 0x00000000ad700000| Complete 
| 728|0x00000000ad800000, 0x00000000ad900000, 0x00000000ad900000|100%| S|CS|TAMS 0x00000000ad800000, 0x00000000ad800000| Complete 
| 729|0x00000000ad900000, 0x00000000ada00000, 0x00000000ada00000|100%| S|CS|TAMS 0x00000000ad900000, 0x00000000ad900000| Complete 
| 730|0x00000000ada00000, 0x00000000adb00000, 0x00000000adb00000|100%| S|CS|TAMS 0x00000000ada00000, 0x00000000ada00000| Complete 
| 731|0x00000000adb00000, 0x00000000adc00000, 0x00000000adc00000|100%| S|CS|TAMS 0x00000000adb00000, 0x00000000adb00000| Complete 
| 732|0x00000000adc00000, 0x00000000add00000, 0x00000000add00000|100%| S|CS|TAMS 0x00000000adc00000, 0x00000000adc00000| Complete 
| 733|0x00000000add00000, 0x00000000add00000, 0x00000000ade00000|  0%| F|  |TAMS 0x00000000add00000, 0x00000000add00000| Untracked 
| 734|0x00000000ade00000, 0x00000000ade00000, 0x00000000adf00000|  0%| F|  |TAMS 0x00000000ade00000, 0x00000000ade00000| Untracked 
| 735|0x00000000adf00000, 0x00000000adf00000, 0x00000000ae000000|  0%| F|  |TAMS 0x00000000adf00000, 0x00000000adf00000| Untracked 
| 736|0x00000000ae000000, 0x00000000ae000000, 0x00000000ae100000|  0%| F|  |TAMS 0x00000000ae000000, 0x00000000ae000000| Untracked 
| 737|0x00000000ae100000, 0x00000000ae100000, 0x00000000ae200000|  0%| F|  |TAMS 0x00000000ae100000, 0x00000000ae100000| Untracked 
| 738|0x00000000ae200000, 0x00000000ae200000, 0x00000000ae300000|  0%| F|  |TAMS 0x00000000ae200000, 0x00000000ae200000| Untracked 
| 739|0x00000000ae300000, 0x00000000ae300000, 0x00000000ae400000|  0%| F|  |TAMS 0x00000000ae300000, 0x00000000ae300000| Untracked 
| 740|0x00000000ae400000, 0x00000000ae400000, 0x00000000ae500000|  0%| F|  |TAMS 0x00000000ae400000, 0x00000000ae400000| Untracked 
| 741|0x00000000ae500000, 0x00000000ae500000, 0x00000000ae600000|  0%| F|  |TAMS 0x00000000ae500000, 0x00000000ae500000| Untracked 
| 742|0x00000000ae600000, 0x00000000ae600000, 0x00000000ae700000|  0%| F|  |TAMS 0x00000000ae600000, 0x00000000ae600000| Untracked 
| 743|0x00000000ae700000, 0x00000000ae700000, 0x00000000ae800000|  0%| F|  |TAMS 0x00000000ae700000, 0x00000000ae700000| Untracked 
| 744|0x00000000ae800000, 0x00000000ae800000, 0x00000000ae900000|  0%| F|  |TAMS 0x00000000ae800000, 0x00000000ae800000| Untracked 
| 745|0x00000000ae900000, 0x00000000ae900000, 0x00000000aea00000|  0%| F|  |TAMS 0x00000000ae900000, 0x00000000ae900000| Untracked 
| 746|0x00000000aea00000, 0x00000000aea00000, 0x00000000aeb00000|  0%| F|  |TAMS 0x00000000aea00000, 0x00000000aea00000| Untracked 
| 747|0x00000000aeb00000, 0x00000000aeb00000, 0x00000000aec00000|  0%| F|  |TAMS 0x00000000aeb00000, 0x00000000aeb00000| Untracked 
| 748|0x00000000aec00000, 0x00000000aec00000, 0x00000000aed00000|  0%| F|  |TAMS 0x00000000aec00000, 0x00000000aec00000| Untracked 
| 749|0x00000000aed00000, 0x00000000aed00000, 0x00000000aee00000|  0%| F|  |TAMS 0x00000000aed00000, 0x00000000aed00000| Untracked 
| 750|0x00000000aee00000, 0x00000000aee00000, 0x00000000aef00000|  0%| F|  |TAMS 0x00000000aee00000, 0x00000000aee00000| Untracked 
| 751|0x00000000aef00000, 0x00000000aef00000, 0x00000000af000000|  0%| F|  |TAMS 0x00000000aef00000, 0x00000000aef00000| Untracked 
| 752|0x00000000af000000, 0x00000000af000000, 0x00000000af100000|  0%| F|  |TAMS 0x00000000af000000, 0x00000000af000000| Untracked 
| 753|0x00000000af100000, 0x00000000af100000, 0x00000000af200000|  0%| F|  |TAMS 0x00000000af100000, 0x00000000af100000| Untracked 
| 754|0x00000000af200000, 0x00000000af200000, 0x00000000af300000|  0%| F|  |TAMS 0x00000000af200000, 0x00000000af200000| Untracked 
| 755|0x00000000af300000, 0x00000000af300000, 0x00000000af400000|  0%| F|  |TAMS 0x00000000af300000, 0x00000000af300000| Untracked 
| 756|0x00000000af400000, 0x00000000af400000, 0x00000000af500000|  0%| F|  |TAMS 0x00000000af400000, 0x00000000af400000| Untracked 
| 757|0x00000000af500000, 0x00000000af500000, 0x00000000af600000|  0%| F|  |TAMS 0x00000000af500000, 0x00000000af500000| Untracked 
| 758|0x00000000af600000, 0x00000000af600000, 0x00000000af700000|  0%| F|  |TAMS 0x00000000af600000, 0x00000000af600000| Untracked 
| 759|0x00000000af700000, 0x00000000af700000, 0x00000000af800000|  0%| F|  |TAMS 0x00000000af700000, 0x00000000af700000| Untracked 
| 760|0x00000000af800000, 0x00000000af800000, 0x00000000af900000|  0%| F|  |TAMS 0x00000000af800000, 0x00000000af800000| Untracked 
| 761|0x00000000af900000, 0x00000000af900000, 0x00000000afa00000|  0%| F|  |TAMS 0x00000000af900000, 0x00000000af900000| Untracked 
| 762|0x00000000afa00000, 0x00000000afa00000, 0x00000000afb00000|  0%| F|  |TAMS 0x00000000afa00000, 0x00000000afa00000| Untracked 
| 763|0x00000000afb00000, 0x00000000afb00000, 0x00000000afc00000|  0%| F|  |TAMS 0x00000000afb00000, 0x00000000afb00000| Untracked 
| 764|0x00000000afc00000, 0x00000000afc00000, 0x00000000afd00000|  0%| F|  |TAMS 0x00000000afc00000, 0x00000000afc00000| Untracked 
| 765|0x00000000afd00000, 0x00000000afd00000, 0x00000000afe00000|  0%| F|  |TAMS 0x00000000afd00000, 0x00000000afd00000| Untracked 
| 766|0x00000000afe00000, 0x00000000afe00000, 0x00000000aff00000|  0%| F|  |TAMS 0x00000000afe00000, 0x00000000afe00000| Untracked 
| 767|0x00000000aff00000, 0x00000000aff00000, 0x00000000b0000000|  0%| F|  |TAMS 0x00000000aff00000, 0x00000000aff00000| Untracked 
| 768|0x00000000b0000000, 0x00000000b0000000, 0x00000000b0100000|  0%| F|  |TAMS 0x00000000b0000000, 0x00000000b0000000| Untracked 
| 769|0x00000000b0100000, 0x00000000b0100000, 0x00000000b0200000|  0%| F|  |TAMS 0x00000000b0100000, 0x00000000b0100000| Untracked 
| 770|0x00000000b0200000, 0x00000000b0200000, 0x00000000b0300000|  0%| F|  |TAMS 0x00000000b0200000, 0x00000000b0200000| Untracked 
| 771|0x00000000b0300000, 0x00000000b0300000, 0x00000000b0400000|  0%| F|  |TAMS 0x00000000b0300000, 0x00000000b0300000| Untracked 
| 772|0x00000000b0400000, 0x00000000b0400000, 0x00000000b0500000|  0%| F|  |TAMS 0x00000000b0400000, 0x00000000b0400000| Untracked 
| 773|0x00000000b0500000, 0x00000000b0500000, 0x00000000b0600000|  0%| F|  |TAMS 0x00000000b0500000, 0x00000000b0500000| Untracked 
| 774|0x00000000b0600000, 0x00000000b0600000, 0x00000000b0700000|  0%| F|  |TAMS 0x00000000b0600000, 0x00000000b0600000| Untracked 
| 775|0x00000000b0700000, 0x00000000b0700000, 0x00000000b0800000|  0%| F|  |TAMS 0x00000000b0700000, 0x00000000b0700000| Untracked 
| 776|0x00000000b0800000, 0x00000000b0800000, 0x00000000b0900000|  0%| F|  |TAMS 0x00000000b0800000, 0x00000000b0800000| Untracked 
| 777|0x00000000b0900000, 0x00000000b0900000, 0x00000000b0a00000|  0%| F|  |TAMS 0x00000000b0900000, 0x00000000b0900000| Untracked 
| 778|0x00000000b0a00000, 0x00000000b0a00000, 0x00000000b0b00000|  0%| F|  |TAMS 0x00000000b0a00000, 0x00000000b0a00000| Untracked 
| 779|0x00000000b0b00000, 0x00000000b0b00000, 0x00000000b0c00000|  0%| F|  |TAMS 0x00000000b0b00000, 0x00000000b0b00000| Untracked 
| 780|0x00000000b0c00000, 0x00000000b0c00000, 0x00000000b0d00000|  0%| F|  |TAMS 0x00000000b0c00000, 0x00000000b0c00000| Untracked 
| 781|0x00000000b0d00000, 0x00000000b0d00000, 0x00000000b0e00000|  0%| F|  |TAMS 0x00000000b0d00000, 0x00000000b0d00000| Untracked 
| 782|0x00000000b0e00000, 0x00000000b0e00000, 0x00000000b0f00000|  0%| F|  |TAMS 0x00000000b0e00000, 0x00000000b0e00000| Untracked 
| 783|0x00000000b0f00000, 0x00000000b0f00000, 0x00000000b1000000|  0%| F|  |TAMS 0x00000000b0f00000, 0x00000000b0f00000| Untracked 
| 784|0x00000000b1000000, 0x00000000b1000000, 0x00000000b1100000|  0%| F|  |TAMS 0x00000000b1000000, 0x00000000b1000000| Untracked 
| 785|0x00000000b1100000, 0x00000000b1100000, 0x00000000b1200000|  0%| F|  |TAMS 0x00000000b1100000, 0x00000000b1100000| Untracked 
| 786|0x00000000b1200000, 0x00000000b1200000, 0x00000000b1300000|  0%| F|  |TAMS 0x00000000b1200000, 0x00000000b1200000| Untracked 
| 787|0x00000000b1300000, 0x00000000b1300000, 0x00000000b1400000|  0%| F|  |TAMS 0x00000000b1300000, 0x00000000b1300000| Untracked 
| 788|0x00000000b1400000, 0x00000000b1400000, 0x00000000b1500000|  0%| F|  |TAMS 0x00000000b1400000, 0x00000000b1400000| Untracked 
| 789|0x00000000b1500000, 0x00000000b1500000, 0x00000000b1600000|  0%| F|  |TAMS 0x00000000b1500000, 0x00000000b1500000| Untracked 
| 790|0x00000000b1600000, 0x00000000b1600000, 0x00000000b1700000|  0%| F|  |TAMS 0x00000000b1600000, 0x00000000b1600000| Untracked 
| 791|0x00000000b1700000, 0x00000000b1700000, 0x00000000b1800000|  0%| F|  |TAMS 0x00000000b1700000, 0x00000000b1700000| Untracked 
| 792|0x00000000b1800000, 0x00000000b1800000, 0x00000000b1900000|  0%| F|  |TAMS 0x00000000b1800000, 0x00000000b1800000| Untracked 
| 793|0x00000000b1900000, 0x00000000b1900000, 0x00000000b1a00000|  0%| F|  |TAMS 0x00000000b1900000, 0x00000000b1900000| Untracked 
| 794|0x00000000b1a00000, 0x00000000b1a00000, 0x00000000b1b00000|  0%| F|  |TAMS 0x00000000b1a00000, 0x00000000b1a00000| Untracked 
| 795|0x00000000b1b00000, 0x00000000b1b00000, 0x00000000b1c00000|  0%| F|  |TAMS 0x00000000b1b00000, 0x00000000b1b00000| Untracked 
| 796|0x00000000b1c00000, 0x00000000b1c00000, 0x00000000b1d00000|  0%| F|  |TAMS 0x00000000b1c00000, 0x00000000b1c00000| Untracked 
| 797|0x00000000b1d00000, 0x00000000b1d00000, 0x00000000b1e00000|  0%| F|  |TAMS 0x00000000b1d00000, 0x00000000b1d00000| Untracked 
| 798|0x00000000b1e00000, 0x00000000b1e00000, 0x00000000b1f00000|  0%| F|  |TAMS 0x00000000b1e00000, 0x00000000b1e00000| Untracked 
| 799|0x00000000b1f00000, 0x00000000b1f00000, 0x00000000b2000000|  0%| F|  |TAMS 0x00000000b1f00000, 0x00000000b1f00000| Untracked 
| 800|0x00000000b2000000, 0x00000000b2000000, 0x00000000b2100000|  0%| F|  |TAMS 0x00000000b2000000, 0x00000000b2000000| Untracked 
| 801|0x00000000b2100000, 0x00000000b2100000, 0x00000000b2200000|  0%| F|  |TAMS 0x00000000b2100000, 0x00000000b2100000| Untracked 
| 802|0x00000000b2200000, 0x00000000b2200000, 0x00000000b2300000|  0%| F|  |TAMS 0x00000000b2200000, 0x00000000b2200000| Untracked 
| 803|0x00000000b2300000, 0x00000000b2300000, 0x00000000b2400000|  0%| F|  |TAMS 0x00000000b2300000, 0x00000000b2300000| Untracked 
| 804|0x00000000b2400000, 0x00000000b2400000, 0x00000000b2500000|  0%| F|  |TAMS 0x00000000b2400000, 0x00000000b2400000| Untracked 
| 805|0x00000000b2500000, 0x00000000b2500000, 0x00000000b2600000|  0%| F|  |TAMS 0x00000000b2500000, 0x00000000b2500000| Untracked 
| 806|0x00000000b2600000, 0x00000000b2600000, 0x00000000b2700000|  0%| F|  |TAMS 0x00000000b2600000, 0x00000000b2600000| Untracked 
| 807|0x00000000b2700000, 0x00000000b2700000, 0x00000000b2800000|  0%| F|  |TAMS 0x00000000b2700000, 0x00000000b2700000| Untracked 
| 808|0x00000000b2800000, 0x00000000b2800000, 0x00000000b2900000|  0%| F|  |TAMS 0x00000000b2800000, 0x00000000b2800000| Untracked 
| 809|0x00000000b2900000, 0x00000000b2900000, 0x00000000b2a00000|  0%| F|  |TAMS 0x00000000b2900000, 0x00000000b2900000| Untracked 
| 810|0x00000000b2a00000, 0x00000000b2a00000, 0x00000000b2b00000|  0%| F|  |TAMS 0x00000000b2a00000, 0x00000000b2a00000| Untracked 
| 811|0x00000000b2b00000, 0x00000000b2b04df8, 0x00000000b2c00000|  1%| E|  |TAMS 0x00000000b2b00000, 0x00000000b2b00000| Complete 
| 812|0x00000000b2c00000, 0x00000000b2d00000, 0x00000000b2d00000|100%| E|CS|TAMS 0x00000000b2c00000, 0x00000000b2c00000| Complete 
| 813|0x00000000b2d00000, 0x00000000b2e00000, 0x00000000b2e00000|100%| E|CS|TAMS 0x00000000b2d00000, 0x00000000b2d00000| Complete 
| 814|0x00000000b2e00000, 0x00000000b2f00000, 0x00000000b2f00000|100%| E|CS|TAMS 0x00000000b2e00000, 0x00000000b2e00000| Complete 
| 815|0x00000000b2f00000, 0x00000000b3000000, 0x00000000b3000000|100%| E|CS|TAMS 0x00000000b2f00000, 0x00000000b2f00000| Complete 
| 816|0x00000000b3000000, 0x00000000b3100000, 0x00000000b3100000|100%| E|CS|TAMS 0x00000000b3000000, 0x00000000b3000000| Complete 
| 817|0x00000000b3100000, 0x00000000b3200000, 0x00000000b3200000|100%| E|CS|TAMS 0x00000000b3100000, 0x00000000b3100000| Complete 
| 818|0x00000000b3200000, 0x00000000b3300000, 0x00000000b3300000|100%| E|CS|TAMS 0x00000000b3200000, 0x00000000b3200000| Complete 
| 819|0x00000000b3300000, 0x00000000b3400000, 0x00000000b3400000|100%| E|CS|TAMS 0x00000000b3300000, 0x00000000b3300000| Complete 
| 820|0x00000000b3400000, 0x00000000b3500000, 0x00000000b3500000|100%| E|CS|TAMS 0x00000000b3400000, 0x00000000b3400000| Complete 
| 821|0x00000000b3500000, 0x00000000b3600000, 0x00000000b3600000|100%| E|CS|TAMS 0x00000000b3500000, 0x00000000b3500000| Complete 
| 822|0x00000000b3600000, 0x00000000b3700000, 0x00000000b3700000|100%| E|CS|TAMS 0x00000000b3600000, 0x00000000b3600000| Complete 
| 823|0x00000000b3700000, 0x00000000b3800000, 0x00000000b3800000|100%| E|CS|TAMS 0x00000000b3700000, 0x00000000b3700000| Complete 
| 824|0x00000000b3800000, 0x00000000b3900000, 0x00000000b3900000|100%| E|CS|TAMS 0x00000000b3800000, 0x00000000b3800000| Complete 
| 825|0x00000000b3900000, 0x00000000b3a00000, 0x00000000b3a00000|100%| E|CS|TAMS 0x00000000b3900000, 0x00000000b3900000| Complete 
| 826|0x00000000b3a00000, 0x00000000b3b00000, 0x00000000b3b00000|100%| E|CS|TAMS 0x00000000b3a00000, 0x00000000b3a00000| Complete 
| 827|0x00000000b3b00000, 0x00000000b3c00000, 0x00000000b3c00000|100%| E|CS|TAMS 0x00000000b3b00000, 0x00000000b3b00000| Complete 
| 828|0x00000000b3c00000, 0x00000000b3d00000, 0x00000000b3d00000|100%| E|CS|TAMS 0x00000000b3c00000, 0x00000000b3c00000| Complete 
| 829|0x00000000b3d00000, 0x00000000b3e00000, 0x00000000b3e00000|100%| E|CS|TAMS 0x00000000b3d00000, 0x00000000b3d00000| Complete 
| 830|0x00000000b3e00000, 0x00000000b3f00000, 0x00000000b3f00000|100%| E|CS|TAMS 0x00000000b3e00000, 0x00000000b3e00000| Complete 
| 831|0x00000000b3f00000, 0x00000000b4000000, 0x00000000b4000000|100%| E|CS|TAMS 0x00000000b3f00000, 0x00000000b3f00000| Complete 
| 832|0x00000000b4000000, 0x00000000b4100000, 0x00000000b4100000|100%| E|CS|TAMS 0x00000000b4000000, 0x00000000b4000000| Complete 
| 833|0x00000000b4100000, 0x00000000b4200000, 0x00000000b4200000|100%| E|CS|TAMS 0x00000000b4100000, 0x00000000b4100000| Complete 
| 834|0x00000000b4200000, 0x00000000b4300000, 0x00000000b4300000|100%| E|CS|TAMS 0x00000000b4200000, 0x00000000b4200000| Complete 
| 835|0x00000000b4300000, 0x00000000b4400000, 0x00000000b4400000|100%| E|CS|TAMS 0x00000000b4300000, 0x00000000b4300000| Complete 
| 836|0x00000000b4400000, 0x00000000b4500000, 0x00000000b4500000|100%| E|CS|TAMS 0x00000000b4400000, 0x00000000b4400000| Complete 
| 837|0x00000000b4500000, 0x00000000b4600000, 0x00000000b4600000|100%| E|CS|TAMS 0x00000000b4500000, 0x00000000b4500000| Complete 
| 838|0x00000000b4600000, 0x00000000b4700000, 0x00000000b4700000|100%| E|CS|TAMS 0x00000000b4600000, 0x00000000b4600000| Complete 
| 839|0x00000000b4700000, 0x00000000b4800000, 0x00000000b4800000|100%| E|CS|TAMS 0x00000000b4700000, 0x00000000b4700000| Complete 
| 840|0x00000000b4800000, 0x00000000b4900000, 0x00000000b4900000|100%| E|CS|TAMS 0x00000000b4800000, 0x00000000b4800000| Complete 
| 841|0x00000000b4900000, 0x00000000b4a00000, 0x00000000b4a00000|100%| E|CS|TAMS 0x00000000b4900000, 0x00000000b4900000| Complete 
| 842|0x00000000b4a00000, 0x00000000b4b00000, 0x00000000b4b00000|100%| E|CS|TAMS 0x00000000b4a00000, 0x00000000b4a00000| Complete 
| 843|0x00000000b4b00000, 0x00000000b4c00000, 0x00000000b4c00000|100%| E|CS|TAMS 0x00000000b4b00000, 0x00000000b4b00000| Complete 
| 844|0x00000000b4c00000, 0x00000000b4d00000, 0x00000000b4d00000|100%| E|CS|TAMS 0x00000000b4c00000, 0x00000000b4c00000| Complete 
| 845|0x00000000b4d00000, 0x00000000b4e00000, 0x00000000b4e00000|100%| E|CS|TAMS 0x00000000b4d00000, 0x00000000b4d00000| Complete 
| 846|0x00000000b4e00000, 0x00000000b4f00000, 0x00000000b4f00000|100%| E|CS|TAMS 0x00000000b4e00000, 0x00000000b4e00000| Complete 
| 847|0x00000000b4f00000, 0x00000000b5000000, 0x00000000b5000000|100%| E|CS|TAMS 0x00000000b4f00000, 0x00000000b4f00000| Complete 
| 848|0x00000000b5000000, 0x00000000b5100000, 0x00000000b5100000|100%| E|CS|TAMS 0x00000000b5000000, 0x00000000b5000000| Complete 
| 849|0x00000000b5100000, 0x00000000b5200000, 0x00000000b5200000|100%| E|CS|TAMS 0x00000000b5100000, 0x00000000b5100000| Complete 
| 850|0x00000000b5200000, 0x00000000b5300000, 0x00000000b5300000|100%| E|CS|TAMS 0x00000000b5200000, 0x00000000b5200000| Complete 
| 851|0x00000000b5300000, 0x00000000b5400000, 0x00000000b5400000|100%| E|CS|TAMS 0x00000000b5300000, 0x00000000b5300000| Complete 
| 852|0x00000000b5400000, 0x00000000b5500000, 0x00000000b5500000|100%| E|CS|TAMS 0x00000000b5400000, 0x00000000b5400000| Complete 
| 853|0x00000000b5500000, 0x00000000b5600000, 0x00000000b5600000|100%| E|CS|TAMS 0x00000000b5500000, 0x00000000b5500000| Complete 
| 854|0x00000000b5600000, 0x00000000b5700000, 0x00000000b5700000|100%| E|CS|TAMS 0x00000000b5600000, 0x00000000b5600000| Complete 
| 855|0x00000000b5700000, 0x00000000b5800000, 0x00000000b5800000|100%| E|CS|TAMS 0x00000000b5700000, 0x00000000b5700000| Complete 
| 856|0x00000000b5800000, 0x00000000b5900000, 0x00000000b5900000|100%| E|CS|TAMS 0x00000000b5800000, 0x00000000b5800000| Complete 
| 857|0x00000000b5900000, 0x00000000b5a00000, 0x00000000b5a00000|100%| E|CS|TAMS 0x00000000b5900000, 0x00000000b5900000| Complete 
| 858|0x00000000b5a00000, 0x00000000b5b00000, 0x00000000b5b00000|100%| E|CS|TAMS 0x00000000b5a00000, 0x00000000b5a00000| Complete 
| 859|0x00000000b5b00000, 0x00000000b5c00000, 0x00000000b5c00000|100%| E|CS|TAMS 0x00000000b5b00000, 0x00000000b5b00000| Complete 
| 860|0x00000000b5c00000, 0x00000000b5d00000, 0x00000000b5d00000|100%| E|CS|TAMS 0x00000000b5c00000, 0x00000000b5c00000| Complete 
| 861|0x00000000b5d00000, 0x00000000b5e00000, 0x00000000b5e00000|100%| E|CS|TAMS 0x00000000b5d00000, 0x00000000b5d00000| Complete 
| 862|0x00000000b5e00000, 0x00000000b5f00000, 0x00000000b5f00000|100%| E|CS|TAMS 0x00000000b5e00000, 0x00000000b5e00000| Complete 
| 863|0x00000000b5f00000, 0x00000000b6000000, 0x00000000b6000000|100%| E|CS|TAMS 0x00000000b5f00000, 0x00000000b5f00000| Complete 
| 864|0x00000000b6000000, 0x00000000b6100000, 0x00000000b6100000|100%| E|CS|TAMS 0x00000000b6000000, 0x00000000b6000000| Complete 
| 865|0x00000000b6100000, 0x00000000b6200000, 0x00000000b6200000|100%| E|CS|TAMS 0x00000000b6100000, 0x00000000b6100000| Complete 
| 866|0x00000000b6200000, 0x00000000b6300000, 0x00000000b6300000|100%| E|CS|TAMS 0x00000000b6200000, 0x00000000b6200000| Complete 
| 867|0x00000000b6300000, 0x00000000b6400000, 0x00000000b6400000|100%| E|CS|TAMS 0x00000000b6300000, 0x00000000b6300000| Complete 
| 868|0x00000000b6400000, 0x00000000b6500000, 0x00000000b6500000|100%| E|CS|TAMS 0x00000000b6400000, 0x00000000b6400000| Complete 
| 869|0x00000000b6500000, 0x00000000b6600000, 0x00000000b6600000|100%| E|CS|TAMS 0x00000000b6500000, 0x00000000b6500000| Complete 
| 870|0x00000000b6600000, 0x00000000b6700000, 0x00000000b6700000|100%| E|CS|TAMS 0x00000000b6600000, 0x00000000b6600000| Complete 
| 871|0x00000000b6700000, 0x00000000b6800000, 0x00000000b6800000|100%| E|CS|TAMS 0x00000000b6700000, 0x00000000b6700000| Complete 
| 872|0x00000000b6800000, 0x00000000b6900000, 0x00000000b6900000|100%| E|CS|TAMS 0x00000000b6800000, 0x00000000b6800000| Complete 
| 873|0x00000000b6900000, 0x00000000b6a00000, 0x00000000b6a00000|100%| E|CS|TAMS 0x00000000b6900000, 0x00000000b6900000| Complete 
| 874|0x00000000b6a00000, 0x00000000b6b00000, 0x00000000b6b00000|100%| E|CS|TAMS 0x00000000b6a00000, 0x00000000b6a00000| Complete 
| 875|0x00000000b6b00000, 0x00000000b6c00000, 0x00000000b6c00000|100%| E|CS|TAMS 0x00000000b6b00000, 0x00000000b6b00000| Complete 
| 876|0x00000000b6c00000, 0x00000000b6d00000, 0x00000000b6d00000|100%| E|CS|TAMS 0x00000000b6c00000, 0x00000000b6c00000| Complete 
| 877|0x00000000b6d00000, 0x00000000b6e00000, 0x00000000b6e00000|100%| E|CS|TAMS 0x00000000b6d00000, 0x00000000b6d00000| Complete 
| 878|0x00000000b6e00000, 0x00000000b6f00000, 0x00000000b6f00000|100%| E|CS|TAMS 0x00000000b6e00000, 0x00000000b6e00000| Complete 
| 879|0x00000000b6f00000, 0x00000000b7000000, 0x00000000b7000000|100%| E|CS|TAMS 0x00000000b6f00000, 0x00000000b6f00000| Complete 
| 880|0x00000000b7000000, 0x00000000b7100000, 0x00000000b7100000|100%| E|CS|TAMS 0x00000000b7000000, 0x00000000b7000000| Complete 
| 881|0x00000000b7100000, 0x00000000b7200000, 0x00000000b7200000|100%| E|CS|TAMS 0x00000000b7100000, 0x00000000b7100000| Complete 
| 882|0x00000000b7200000, 0x00000000b7300000, 0x00000000b7300000|100%| E|CS|TAMS 0x00000000b7200000, 0x00000000b7200000| Complete 
| 883|0x00000000b7300000, 0x00000000b7400000, 0x00000000b7400000|100%| E|CS|TAMS 0x00000000b7300000, 0x00000000b7300000| Complete 
| 884|0x00000000b7400000, 0x00000000b7500000, 0x00000000b7500000|100%| E|CS|TAMS 0x00000000b7400000, 0x00000000b7400000| Complete 
| 885|0x00000000b7500000, 0x00000000b7600000, 0x00000000b7600000|100%| E|CS|TAMS 0x00000000b7500000, 0x00000000b7500000| Complete 
| 886|0x00000000b7600000, 0x00000000b7700000, 0x00000000b7700000|100%| E|CS|TAMS 0x00000000b7600000, 0x00000000b7600000| Complete 
| 887|0x00000000b7700000, 0x00000000b7800000, 0x00000000b7800000|100%| E|CS|TAMS 0x00000000b7700000, 0x00000000b7700000| Complete 
| 888|0x00000000b7800000, 0x00000000b7900000, 0x00000000b7900000|100%| E|CS|TAMS 0x00000000b7800000, 0x00000000b7800000| Complete 
| 889|0x00000000b7900000, 0x00000000b7a00000, 0x00000000b7a00000|100%| E|CS|TAMS 0x00000000b7900000, 0x00000000b7900000| Complete 
| 890|0x00000000b7a00000, 0x00000000b7b00000, 0x00000000b7b00000|100%| E|CS|TAMS 0x00000000b7a00000, 0x00000000b7a00000| Complete 
| 891|0x00000000b7b00000, 0x00000000b7c00000, 0x00000000b7c00000|100%| E|CS|TAMS 0x00000000b7b00000, 0x00000000b7b00000| Complete 
| 892|0x00000000b7c00000, 0x00000000b7d00000, 0x00000000b7d00000|100%| E|CS|TAMS 0x00000000b7c00000, 0x00000000b7c00000| Complete 
| 893|0x00000000b7d00000, 0x00000000b7e00000, 0x00000000b7e00000|100%| E|CS|TAMS 0x00000000b7d00000, 0x00000000b7d00000| Complete 
| 894|0x00000000b7e00000, 0x00000000b7f00000, 0x00000000b7f00000|100%| E|CS|TAMS 0x00000000b7e00000, 0x00000000b7e00000| Complete 
| 895|0x00000000b7f00000, 0x00000000b8000000, 0x00000000b8000000|100%| E|CS|TAMS 0x00000000b7f00000, 0x00000000b7f00000| Complete 
| 896|0x00000000b8000000, 0x00000000b8100000, 0x00000000b8100000|100%| E|CS|TAMS 0x00000000b8000000, 0x00000000b8000000| Complete 
| 897|0x00000000b8100000, 0x00000000b8200000, 0x00000000b8200000|100%| E|CS|TAMS 0x00000000b8100000, 0x00000000b8100000| Complete 
| 898|0x00000000b8200000, 0x00000000b8300000, 0x00000000b8300000|100%| E|CS|TAMS 0x00000000b8200000, 0x00000000b8200000| Complete 
| 899|0x00000000b8300000, 0x00000000b8400000, 0x00000000b8400000|100%| E|CS|TAMS 0x00000000b8300000, 0x00000000b8300000| Complete 
| 900|0x00000000b8400000, 0x00000000b8500000, 0x00000000b8500000|100%| E|CS|TAMS 0x00000000b8400000, 0x00000000b8400000| Complete 
| 901|0x00000000b8500000, 0x00000000b8600000, 0x00000000b8600000|100%| E|CS|TAMS 0x00000000b8500000, 0x00000000b8500000| Complete 
| 902|0x00000000b8600000, 0x00000000b8700000, 0x00000000b8700000|100%| E|CS|TAMS 0x00000000b8600000, 0x00000000b8600000| Complete 
| 903|0x00000000b8700000, 0x00000000b8800000, 0x00000000b8800000|100%| E|CS|TAMS 0x00000000b8700000, 0x00000000b8700000| Complete 
| 904|0x00000000b8800000, 0x00000000b8900000, 0x00000000b8900000|100%| E|CS|TAMS 0x00000000b8800000, 0x00000000b8800000| Complete 
| 905|0x00000000b8900000, 0x00000000b8a00000, 0x00000000b8a00000|100%| E|CS|TAMS 0x00000000b8900000, 0x00000000b8900000| Complete 
| 906|0x00000000b8a00000, 0x00000000b8b00000, 0x00000000b8b00000|100%| E|CS|TAMS 0x00000000b8a00000, 0x00000000b8a00000| Complete 
| 907|0x00000000b8b00000, 0x00000000b8c00000, 0x00000000b8c00000|100%| E|CS|TAMS 0x00000000b8b00000, 0x00000000b8b00000| Complete 
| 908|0x00000000b8c00000, 0x00000000b8d00000, 0x00000000b8d00000|100%| E|CS|TAMS 0x00000000b8c00000, 0x00000000b8c00000| Complete 
| 909|0x00000000b8d00000, 0x00000000b8e00000, 0x00000000b8e00000|100%| E|CS|TAMS 0x00000000b8d00000, 0x00000000b8d00000| Complete 
| 910|0x00000000b8e00000, 0x00000000b8f00000, 0x00000000b8f00000|100%| E|CS|TAMS 0x00000000b8e00000, 0x00000000b8e00000| Complete 
| 911|0x00000000b8f00000, 0x00000000b9000000, 0x00000000b9000000|100%| E|CS|TAMS 0x00000000b8f00000, 0x00000000b8f00000| Complete 
| 912|0x00000000b9000000, 0x00000000b9100000, 0x00000000b9100000|100%| E|CS|TAMS 0x00000000b9000000, 0x00000000b9000000| Complete 
| 913|0x00000000b9100000, 0x00000000b9200000, 0x00000000b9200000|100%| E|CS|TAMS 0x00000000b9100000, 0x00000000b9100000| Complete 
| 914|0x00000000b9200000, 0x00000000b9300000, 0x00000000b9300000|100%| E|CS|TAMS 0x00000000b9200000, 0x00000000b9200000| Complete 
| 915|0x00000000b9300000, 0x00000000b9400000, 0x00000000b9400000|100%| E|CS|TAMS 0x00000000b9300000, 0x00000000b9300000| Complete 
| 916|0x00000000b9400000, 0x00000000b9500000, 0x00000000b9500000|100%| E|  |TAMS 0x00000000b9400000, 0x00000000b9400000| Complete 
| 917|0x00000000b9500000, 0x00000000b9600000, 0x00000000b9600000|100%| E|CS|TAMS 0x00000000b9500000, 0x00000000b9500000| Complete 
| 918|0x00000000b9600000, 0x00000000b9700000, 0x00000000b9700000|100%| E|CS|TAMS 0x00000000b9600000, 0x00000000b9600000| Complete 
| 919|0x00000000b9700000, 0x00000000b9800000, 0x00000000b9800000|100%| E|CS|TAMS 0x00000000b9700000, 0x00000000b9700000| Complete 
| 920|0x00000000b9800000, 0x00000000b9900000, 0x00000000b9900000|100%| E|CS|TAMS 0x00000000b9800000, 0x00000000b9800000| Complete 
| 921|0x00000000b9900000, 0x00000000b9a00000, 0x00000000b9a00000|100%| E|CS|TAMS 0x00000000b9900000, 0x00000000b9900000| Complete 
| 922|0x00000000b9a00000, 0x00000000b9b00000, 0x00000000b9b00000|100%| E|CS|TAMS 0x00000000b9a00000, 0x00000000b9a00000| Complete 
| 923|0x00000000b9b00000, 0x00000000b9c00000, 0x00000000b9c00000|100%| E|CS|TAMS 0x00000000b9b00000, 0x00000000b9b00000| Complete 
| 924|0x00000000b9c00000, 0x00000000b9d00000, 0x00000000b9d00000|100%| E|CS|TAMS 0x00000000b9c00000, 0x00000000b9c00000| Complete 
| 925|0x00000000b9d00000, 0x00000000b9e00000, 0x00000000b9e00000|100%| E|CS|TAMS 0x00000000b9d00000, 0x00000000b9d00000| Complete 
| 926|0x00000000b9e00000, 0x00000000b9f00000, 0x00000000b9f00000|100%| E|CS|TAMS 0x00000000b9e00000, 0x00000000b9e00000| Complete 
| 927|0x00000000b9f00000, 0x00000000ba000000, 0x00000000ba000000|100%| E|CS|TAMS 0x00000000b9f00000, 0x00000000b9f00000| Complete 
| 928|0x00000000ba000000, 0x00000000ba100000, 0x00000000ba100000|100%| E|CS|TAMS 0x00000000ba000000, 0x00000000ba000000| Complete 
| 929|0x00000000ba100000, 0x00000000ba200000, 0x00000000ba200000|100%| E|CS|TAMS 0x00000000ba100000, 0x00000000ba100000| Complete 
| 930|0x00000000ba200000, 0x00000000ba300000, 0x00000000ba300000|100%| E|CS|TAMS 0x00000000ba200000, 0x00000000ba200000| Complete 
| 931|0x00000000ba300000, 0x00000000ba400000, 0x00000000ba400000|100%| E|CS|TAMS 0x00000000ba300000, 0x00000000ba300000| Complete 
| 932|0x00000000ba400000, 0x00000000ba500000, 0x00000000ba500000|100%| E|CS|TAMS 0x00000000ba400000, 0x00000000ba400000| Complete 
| 933|0x00000000ba500000, 0x00000000ba600000, 0x00000000ba600000|100%| E|CS|TAMS 0x00000000ba500000, 0x00000000ba500000| Complete 
| 934|0x00000000ba600000, 0x00000000ba700000, 0x00000000ba700000|100%| E|CS|TAMS 0x00000000ba600000, 0x00000000ba600000| Complete 
| 935|0x00000000ba700000, 0x00000000ba800000, 0x00000000ba800000|100%| E|CS|TAMS 0x00000000ba700000, 0x00000000ba700000| Complete 
| 936|0x00000000ba800000, 0x00000000ba900000, 0x00000000ba900000|100%| E|CS|TAMS 0x00000000ba800000, 0x00000000ba800000| Complete 
| 937|0x00000000ba900000, 0x00000000baa00000, 0x00000000baa00000|100%| E|CS|TAMS 0x00000000ba900000, 0x00000000ba900000| Complete 
| 938|0x00000000baa00000, 0x00000000bab00000, 0x00000000bab00000|100%| E|CS|TAMS 0x00000000baa00000, 0x00000000baa00000| Complete 
| 939|0x00000000bab00000, 0x00000000bac00000, 0x00000000bac00000|100%| E|CS|TAMS 0x00000000bab00000, 0x00000000bab00000| Complete 
| 940|0x00000000bac00000, 0x00000000bad00000, 0x00000000bad00000|100%| E|CS|TAMS 0x00000000bac00000, 0x00000000bac00000| Complete 
| 941|0x00000000bad00000, 0x00000000bae00000, 0x00000000bae00000|100%| E|CS|TAMS 0x00000000bad00000, 0x00000000bad00000| Complete 
| 942|0x00000000bae00000, 0x00000000baf00000, 0x00000000baf00000|100%| E|CS|TAMS 0x00000000bae00000, 0x00000000bae00000| Complete 
| 943|0x00000000baf00000, 0x00000000bb000000, 0x00000000bb000000|100%| E|CS|TAMS 0x00000000baf00000, 0x00000000baf00000| Complete 
| 944|0x00000000bb000000, 0x00000000bb100000, 0x00000000bb100000|100%| E|CS|TAMS 0x00000000bb000000, 0x00000000bb000000| Complete 
| 945|0x00000000bb100000, 0x00000000bb200000, 0x00000000bb200000|100%| E|CS|TAMS 0x00000000bb100000, 0x00000000bb100000| Complete 
| 946|0x00000000bb200000, 0x00000000bb300000, 0x00000000bb300000|100%| E|CS|TAMS 0x00000000bb200000, 0x00000000bb200000| Complete 
| 947|0x00000000bb300000, 0x00000000bb400000, 0x00000000bb400000|100%| E|CS|TAMS 0x00000000bb300000, 0x00000000bb300000| Complete 
| 948|0x00000000bb400000, 0x00000000bb500000, 0x00000000bb500000|100%| E|CS|TAMS 0x00000000bb400000, 0x00000000bb400000| Complete 
| 949|0x00000000bb500000, 0x00000000bb600000, 0x00000000bb600000|100%| E|CS|TAMS 0x00000000bb500000, 0x00000000bb500000| Complete 
| 950|0x00000000bb600000, 0x00000000bb700000, 0x00000000bb700000|100%| E|CS|TAMS 0x00000000bb600000, 0x00000000bb600000| Complete 
| 951|0x00000000bb700000, 0x00000000bb800000, 0x00000000bb800000|100%| E|CS|TAMS 0x00000000bb700000, 0x00000000bb700000| Complete 
| 952|0x00000000bb800000, 0x00000000bb900000, 0x00000000bb900000|100%| E|CS|TAMS 0x00000000bb800000, 0x00000000bb800000| Complete 
| 953|0x00000000bb900000, 0x00000000bba00000, 0x00000000bba00000|100%| E|CS|TAMS 0x00000000bb900000, 0x00000000bb900000| Complete 
| 954|0x00000000bba00000, 0x00000000bbb00000, 0x00000000bbb00000|100%| E|CS|TAMS 0x00000000bba00000, 0x00000000bba00000| Complete 
| 955|0x00000000bbb00000, 0x00000000bbc00000, 0x00000000bbc00000|100%| E|CS|TAMS 0x00000000bbb00000, 0x00000000bbb00000| Complete 
| 956|0x00000000bbc00000, 0x00000000bbd00000, 0x00000000bbd00000|100%| E|CS|TAMS 0x00000000bbc00000, 0x00000000bbc00000| Complete 
| 957|0x00000000bbd00000, 0x00000000bbe00000, 0x00000000bbe00000|100%| E|CS|TAMS 0x00000000bbd00000, 0x00000000bbd00000| Complete 
| 958|0x00000000bbe00000, 0x00000000bbf00000, 0x00000000bbf00000|100%| E|CS|TAMS 0x00000000bbe00000, 0x00000000bbe00000| Complete 
| 959|0x00000000bbf00000, 0x00000000bc000000, 0x00000000bc000000|100%| E|CS|TAMS 0x00000000bbf00000, 0x00000000bbf00000| Complete 
| 960|0x00000000bc000000, 0x00000000bc100000, 0x00000000bc100000|100%| E|CS|TAMS 0x00000000bc000000, 0x00000000bc000000| Complete 
| 961|0x00000000bc100000, 0x00000000bc200000, 0x00000000bc200000|100%| E|CS|TAMS 0x00000000bc100000, 0x00000000bc100000| Complete 
| 962|0x00000000bc200000, 0x00000000bc300000, 0x00000000bc300000|100%| E|CS|TAMS 0x00000000bc200000, 0x00000000bc200000| Complete 
| 963|0x00000000bc300000, 0x00000000bc400000, 0x00000000bc400000|100%| E|CS|TAMS 0x00000000bc300000, 0x00000000bc300000| Complete 
| 964|0x00000000bc400000, 0x00000000bc500000, 0x00000000bc500000|100%| E|CS|TAMS 0x00000000bc400000, 0x00000000bc400000| Complete 
| 965|0x00000000bc500000, 0x00000000bc600000, 0x00000000bc600000|100%| E|CS|TAMS 0x00000000bc500000, 0x00000000bc500000| Complete 
| 966|0x00000000bc600000, 0x00000000bc700000, 0x00000000bc700000|100%| E|CS|TAMS 0x00000000bc600000, 0x00000000bc600000| Complete 
| 967|0x00000000bc700000, 0x00000000bc800000, 0x00000000bc800000|100%| E|CS|TAMS 0x00000000bc700000, 0x00000000bc700000| Complete 
| 968|0x00000000bc800000, 0x00000000bc900000, 0x00000000bc900000|100%| E|CS|TAMS 0x00000000bc800000, 0x00000000bc800000| Complete 
| 969|0x00000000bc900000, 0x00000000bca00000, 0x00000000bca00000|100%| E|CS|TAMS 0x00000000bc900000, 0x00000000bc900000| Complete 
| 970|0x00000000bca00000, 0x00000000bcb00000, 0x00000000bcb00000|100%| E|CS|TAMS 0x00000000bca00000, 0x00000000bca00000| Complete 
| 971|0x00000000bcb00000, 0x00000000bcc00000, 0x00000000bcc00000|100%| E|CS|TAMS 0x00000000bcb00000, 0x00000000bcb00000| Complete 
| 972|0x00000000bcc00000, 0x00000000bcd00000, 0x00000000bcd00000|100%| E|CS|TAMS 0x00000000bcc00000, 0x00000000bcc00000| Complete 
| 973|0x00000000bcd00000, 0x00000000bce00000, 0x00000000bce00000|100%| E|CS|TAMS 0x00000000bcd00000, 0x00000000bcd00000| Complete 
| 974|0x00000000bce00000, 0x00000000bcf00000, 0x00000000bcf00000|100%| E|CS|TAMS 0x00000000bce00000, 0x00000000bce00000| Complete 
| 975|0x00000000bcf00000, 0x00000000bd000000, 0x00000000bd000000|100%| E|CS|TAMS 0x00000000bcf00000, 0x00000000bcf00000| Complete 
| 976|0x00000000bd000000, 0x00000000bd100000, 0x00000000bd100000|100%| E|CS|TAMS 0x00000000bd000000, 0x00000000bd000000| Complete 
| 977|0x00000000bd100000, 0x00000000bd200000, 0x00000000bd200000|100%| E|CS|TAMS 0x00000000bd100000, 0x00000000bd100000| Complete 
| 978|0x00000000bd200000, 0x00000000bd300000, 0x00000000bd300000|100%| E|CS|TAMS 0x00000000bd200000, 0x00000000bd200000| Complete 
| 979|0x00000000bd300000, 0x00000000bd400000, 0x00000000bd400000|100%| E|CS|TAMS 0x00000000bd300000, 0x00000000bd300000| Complete 
| 980|0x00000000bd400000, 0x00000000bd500000, 0x00000000bd500000|100%| E|CS|TAMS 0x00000000bd400000, 0x00000000bd400000| Complete 
| 981|0x00000000bd500000, 0x00000000bd600000, 0x00000000bd600000|100%| E|CS|TAMS 0x00000000bd500000, 0x00000000bd500000| Complete 
| 982|0x00000000bd600000, 0x00000000bd700000, 0x00000000bd700000|100%| E|CS|TAMS 0x00000000bd600000, 0x00000000bd600000| Complete 
| 983|0x00000000bd700000, 0x00000000bd800000, 0x00000000bd800000|100%| E|CS|TAMS 0x00000000bd700000, 0x00000000bd700000| Complete 
| 984|0x00000000bd800000, 0x00000000bd900000, 0x00000000bd900000|100%| E|CS|TAMS 0x00000000bd800000, 0x00000000bd800000| Complete 
| 985|0x00000000bd900000, 0x00000000bda00000, 0x00000000bda00000|100%| E|CS|TAMS 0x00000000bd900000, 0x00000000bd900000| Complete 
| 986|0x00000000bda00000, 0x00000000bdb00000, 0x00000000bdb00000|100%| E|CS|TAMS 0x00000000bda00000, 0x00000000bda00000| Complete 
| 987|0x00000000bdb00000, 0x00000000bdc00000, 0x00000000bdc00000|100%| E|CS|TAMS 0x00000000bdb00000, 0x00000000bdb00000| Complete 
| 988|0x00000000bdc00000, 0x00000000bdd00000, 0x00000000bdd00000|100%| E|CS|TAMS 0x00000000bdc00000, 0x00000000bdc00000| Complete 
| 989|0x00000000bdd00000, 0x00000000bde00000, 0x00000000bde00000|100%| E|CS|TAMS 0x00000000bdd00000, 0x00000000bdd00000| Complete 
| 990|0x00000000bde00000, 0x00000000bdf00000, 0x00000000bdf00000|100%| E|CS|TAMS 0x00000000bde00000, 0x00000000bde00000| Complete 
| 991|0x00000000bdf00000, 0x00000000be000000, 0x00000000be000000|100%| E|CS|TAMS 0x00000000bdf00000, 0x00000000bdf00000| Complete 
| 992|0x00000000be000000, 0x00000000be100000, 0x00000000be100000|100%| E|CS|TAMS 0x00000000be000000, 0x00000000be000000| Complete 
| 993|0x00000000be100000, 0x00000000be200000, 0x00000000be200000|100%| E|CS|TAMS 0x00000000be100000, 0x00000000be100000| Complete 
| 994|0x00000000be200000, 0x00000000be300000, 0x00000000be300000|100%| E|CS|TAMS 0x00000000be200000, 0x00000000be200000| Complete 
| 995|0x00000000be300000, 0x00000000be400000, 0x00000000be400000|100%| E|CS|TAMS 0x00000000be300000, 0x00000000be300000| Complete 
| 996|0x00000000be400000, 0x00000000be500000, 0x00000000be500000|100%| E|CS|TAMS 0x00000000be400000, 0x00000000be400000| Complete 
| 997|0x00000000be500000, 0x00000000be600000, 0x00000000be600000|100%| E|CS|TAMS 0x00000000be500000, 0x00000000be500000| Complete 
| 998|0x00000000be600000, 0x00000000be700000, 0x00000000be700000|100%| E|CS|TAMS 0x00000000be600000, 0x00000000be600000| Complete 
| 999|0x00000000be700000, 0x00000000be800000, 0x00000000be800000|100%| E|CS|TAMS 0x00000000be700000, 0x00000000be700000| Complete 
|1000|0x00000000be800000, 0x00000000be900000, 0x00000000be900000|100%| E|CS|TAMS 0x00000000be800000, 0x00000000be800000| Complete 
|1001|0x00000000be900000, 0x00000000bea00000, 0x00000000bea00000|100%| E|CS|TAMS 0x00000000be900000, 0x00000000be900000| Complete 
|1002|0x00000000bea00000, 0x00000000beb00000, 0x00000000beb00000|100%| E|CS|TAMS 0x00000000bea00000, 0x00000000bea00000| Complete 
|1003|0x00000000beb00000, 0x00000000bec00000, 0x00000000bec00000|100%| E|CS|TAMS 0x00000000beb00000, 0x00000000beb00000| Complete 
|1004|0x00000000bec00000, 0x00000000bed00000, 0x00000000bed00000|100%| E|CS|TAMS 0x00000000bec00000, 0x00000000bec00000| Complete 
|1005|0x00000000bed00000, 0x00000000bee00000, 0x00000000bee00000|100%| E|CS|TAMS 0x00000000bed00000, 0x00000000bed00000| Complete 
|1006|0x00000000bee00000, 0x00000000bef00000, 0x00000000bef00000|100%| E|CS|TAMS 0x00000000bee00000, 0x00000000bee00000| Complete 
|1007|0x00000000bef00000, 0x00000000bf000000, 0x00000000bf000000|100%| E|CS|TAMS 0x00000000bef00000, 0x00000000bef00000| Complete 
|1008|0x00000000bf000000, 0x00000000bf100000, 0x00000000bf100000|100%| E|CS|TAMS 0x00000000bf000000, 0x00000000bf000000| Complete 
|1009|0x00000000bf100000, 0x00000000bf200000, 0x00000000bf200000|100%| E|CS|TAMS 0x00000000bf100000, 0x00000000bf100000| Complete 
|1010|0x00000000bf200000, 0x00000000bf300000, 0x00000000bf300000|100%| E|CS|TAMS 0x00000000bf200000, 0x00000000bf200000| Complete 
|1011|0x00000000bf300000, 0x00000000bf400000, 0x00000000bf400000|100%| E|CS|TAMS 0x00000000bf300000, 0x00000000bf300000| Complete 

Card table byte_map: [0x0000019f460c0000,0x0000019f464c0000] _byte_map_base: 0x0000019f45cc0000

Marking Bits (Prev, Next): (CMBitMap*) 0x0000019f2cd87a60, (CMBitMap*) 0x0000019f2cd87a20
 Prev Bits: [0x0000019f488c0000, 0x0000019f4a8c0000)
 Next Bits: [0x0000019f468c0000, 0x0000019f488c0000)

Polling page: 0x0000019f2cdd0000

Metaspace:

Usage:
  Non-class:    256.17 MB used.
      Class:     36.67 MB used.
       Both:    292.84 MB used.

Virtual space:
  Non-class space:      320.00 MB reserved,     257.62 MB ( 81%) committed,  5 nodes.
      Class space:        1.00 GB reserved,      38.12 MB (  4%) committed,  1 nodes.
             Both:        1.31 GB reserved,     295.75 MB ( 22%) committed. 

Chunk freelists:
   Non-Class:  13.88 MB
       Class:  9.92 MB
        Both:  23.80 MB

MaxMetaspaceSize: unlimited
CompressedClassSpaceSize: 1.00 GB
Initial GC threshold: 21.00 MB
Current GC threshold: 454.50 MB
CDS: on
MetaspaceReclaimPolicy: balanced
 - commit_granule_bytes: 65536.
 - commit_granule_words: 8192.
 - virtual_space_node_default_size: 8388608.
 - enlarge_chunks_in_place: 1.
 - new_chunks_are_fully_committed: 0.
 - uncommit_free_chunks: 1.
 - use_allocation_guard: 0.
 - handle_deallocations: 1.


Internal statistics:

num_allocs_failed_limit: 12.
num_arena_births: 4844.
num_arena_deaths: 4.
num_vsnodes_births: 6.
num_vsnodes_deaths: 0.
num_space_committed: 4726.
num_space_uncommitted: 0.
num_chunks_returned_to_freelist: 18.
num_chunks_taken_from_freelist: 17925.
num_chunk_merges: 13.
num_chunk_splits: 11839.
num_chunks_enlarged: 7709.
num_inconsistent_stats: 0.

CodeHeap 'non-profiled nmethods': size=120000Kb used=39617Kb max_used=39617Kb free=80382Kb
 bounds [0x0000019f3db10000, 0x0000019f401d0000, 0x0000019f45040000]
CodeHeap 'profiled nmethods': size=120000Kb used=92725Kb max_used=92725Kb free=27274Kb
 bounds [0x0000019f36040000, 0x0000019f3bad0000, 0x0000019f3d570000]
CodeHeap 'non-nmethods': size=5760Kb used=2745Kb max_used=2875Kb free=3014Kb
 bounds [0x0000019f3d570000, 0x0000019f3d860000, 0x0000019f3db10000]
 total_blobs=44044 nmethods=42729 adapters=1222
 compilation: enabled
              stopped_count=0, restarted_count=0
 full_count=0

Compilation events (20 events):
Event: 871.213 Thread 0x0000019f4d70dd10 55064       3       jdk.xml.internal.XMLSecurityManager::getLimit (10 bytes)
Event: 871.213 Thread 0x0000019f4d70dd10 nmethod 55064 0x0000019f3baa4190 code [0x0000019f3baa4320, 0x0000019f3baa4478]
Event: 871.213 Thread 0x0000019f4d70dd10 55065       3       com.sun.org.apache.xpath.internal.compiler.Lexer::addToTokenQueue (12 bytes)
Event: 871.213 Thread 0x0000019f4d70dd10 nmethod 55065 0x0000019f3baa4590 code [0x0000019f3baa4740, 0x0000019f3baa4928]
Event: 871.213 Thread 0x0000019f4d70dd10 55066       3       com.sun.org.apache.xml.internal.utils.ObjectVector::addElement (76 bytes)
Event: 871.213 Thread 0x0000019f4d70dd10 nmethod 55066 0x0000019f3baa4a10 code [0x0000019f3baa4be0, 0x0000019f3baa50c8]
Event: 871.213 Thread 0x0000019f4d70dd10 55067       3       com.sun.org.apache.xpath.internal.compiler.Compiler::compile (459 bytes)
Event: 871.215 Thread 0x0000019f4d70dd10 nmethod 55067 0x0000019f3baa5210 code [0x0000019f3baa5940, 0x0000019f3baa8e28]
Event: 871.215 Thread 0x0000019f4d70dd10 55068       3       com.sun.org.apache.xpath.internal.axes.NodeSequence::runTo (125 bytes)
Event: 871.216 Thread 0x0000019f4d70dd10 nmethod 55068 0x0000019f3baaa010 code [0x0000019f3baaa260, 0x0000019f3baaaf28]
Event: 871.216 Thread 0x0000019f4d70dd10 55069       3       android.databinding.tool.util.RelativizableFile$Companion::fromAbsoluteFile (162 bytes)
Event: 871.217 Thread 0x0000019f4d70dd10 nmethod 55069 0x0000019f3baab210 code [0x0000019f3baab5a0, 0x0000019f3baacbb8]
Event: 871.217 Thread 0x0000019f4d70dd10 55070       3       android.databinding.tool.util.RelativizableFile::<init> (163 bytes)
Event: 871.218 Thread 0x0000019f4d70dd10 nmethod 55070 0x0000019f3baad390 code [0x0000019f3baad640, 0x0000019f3baae618]
Event: 871.218 Thread 0x0000019f4d70dd10 55071       3       android.databinding.tool.processing.Scope::enter (28 bytes)
Event: 871.218 Thread 0x0000019f4d70dd10 nmethod 55071 0x0000019f3baaea90 code [0x0000019f3baaec60, 0x0000019f3baaf1b8]
Event: 871.218 Thread 0x0000019f4d70dd10 55072       3       android.databinding.tool.processing.Scope::exit (31 bytes)
Event: 871.218 Thread 0x0000019f4d70dd10 nmethod 55072 0x0000019f3baaf390 code [0x0000019f3baaf640, 0x0000019f3bab0388]
Event: 871.261 Thread 0x0000019f4d70dd10 55073       3       java.io.PrintWriter::<init> (26 bytes)
Event: 871.261 Thread 0x0000019f4d70dd10 nmethod 55073 0x0000019f3bab0810 code [0x0000019f3bab09e0, 0x0000019f3bab0da8]

GC Heap History (20 events):
Event: 803.154 GC heap before
{Heap before GC invocations=152 (full 0):
 garbage-first heap   total 1036288K, used 868578K [0x0000000080000000, 0x0000000100000000)
  region size 1024K, 393 young (402432K), 18 survivors (18432K)
 Metaspace       used 277073K, committed 279744K, reserved 1310720K
  class space    used 35076K, committed 36352K, reserved 1048576K
}
Event: 803.162 GC heap after
{Heap after GC invocations=153 (full 0):
 garbage-first heap   total 1036288K, used 484281K [0x0000000080000000, 0x0000000100000000)
  region size 1024K, 20 young (20480K), 20 survivors (20480K)
 Metaspace       used 277073K, committed 279744K, reserved 1310720K
  class space    used 35076K, committed 36352K, reserved 1048576K
}
Event: 803.228 GC heap before
{Heap before GC invocations=153 (full 0):
 garbage-first heap   total 1036288K, used 515001K [0x0000000080000000, 0x0000000100000000)
  region size 1024K, 50 young (51200K), 20 survivors (20480K)
 Metaspace       used 277073K, committed 279744K, reserved 1310720K
  class space    used 35076K, committed 36352K, reserved 1048576K
}
Event: 803.245 GC heap after
{Heap after GC invocations=154 (full 0):
 garbage-first heap   total 1036288K, used 477015K [0x0000000080000000, 0x0000000100000000)
  region size 1024K, 3 young (3072K), 3 survivors (3072K)
 Metaspace       used 277073K, committed 279744K, reserved 1310720K
  class space    used 35076K, committed 36352K, reserved 1048576K
}
Event: 810.958 GC heap before
{Heap before GC invocations=154 (full 0):
 garbage-first heap   total 1036288K, used 876375K [0x0000000080000000, 0x0000000100000000)
  region size 1024K, 394 young (403456K), 3 survivors (3072K)
 Metaspace       used 278763K, committed 281472K, reserved 1310720K
  class space    used 35268K, committed 36608K, reserved 1048576K
}
Event: 810.968 GC heap after
{Heap after GC invocations=155 (full 0):
 garbage-first heap   total 1036288K, used 487108K [0x0000000080000000, 0x0000000100000000)
  region size 1024K, 15 young (15360K), 15 survivors (15360K)
 Metaspace       used 278763K, committed 281472K, reserved 1310720K
  class space    used 35268K, committed 36608K, reserved 1048576K
}
Event: 829.681 GC heap before
{Heap before GC invocations=155 (full 0):
 garbage-first heap   total 1036288K, used 876228K [0x0000000080000000, 0x0000000100000000)
  region size 1024K, 396 young (405504K), 15 survivors (15360K)
 Metaspace       used 280495K, committed 283264K, reserved 1310720K
  class space    used 35474K, committed 36800K, reserved 1048576K
}
Event: 829.694 GC heap after
{Heap after GC invocations=156 (full 0):
 garbage-first heap   total 1036288K, used 507044K [0x0000000080000000, 0x0000000100000000)
  region size 1024K, 34 young (34816K), 34 survivors (34816K)
 Metaspace       used 280495K, committed 283264K, reserved 1310720K
  class space    used 35474K, committed 36800K, reserved 1048576K
}
Event: 863.789 GC heap before
{Heap before GC invocations=156 (full 0):
 garbage-first heap   total 1036288K, used 870564K [0x0000000080000000, 0x0000000100000000)
  region size 1024K, 389 young (398336K), 34 survivors (34816K)
 Metaspace       used 288093K, committed 290880K, reserved 1310720K
  class space    used 36268K, committed 37632K, reserved 1048576K
}
Event: 863.815 GC heap after
{Heap after GC invocations=157 (full 0):
 garbage-first heap   total 1036288K, used 535236K [0x0000000080000000, 0x0000000100000000)
  region size 1024K, 49 young (50176K), 49 survivors (50176K)
 Metaspace       used 288093K, committed 290880K, reserved 1310720K
  class space    used 36268K, committed 37632K, reserved 1048576K
}
Event: 865.892 GC heap before
{Heap before GC invocations=157 (full 0):
 garbage-first heap   total 1036288K, used 861892K [0x0000000080000000, 0x0000000100000000)
  region size 1024K, 367 young (375808K), 49 survivors (50176K)
 Metaspace       used 294371K, committed 297344K, reserved 1310720K
  class space    used 36971K, committed 38400K, reserved 1048576K
}
Event: 865.916 GC heap after
{Heap after GC invocations=158 (full 0):
 garbage-first heap   total 1036288K, used 549648K [0x0000000080000000, 0x0000000100000000)
  region size 1024K, 16 young (16384K), 16 survivors (16384K)
 Metaspace       used 294371K, committed 297344K, reserved 1310720K
  class space    used 36971K, committed 38400K, reserved 1048576K
}
Event: 866.372 GC heap before
{Heap before GC invocations=158 (full 0):
 garbage-first heap   total 1036288K, used 870160K [0x0000000080000000, 0x0000000100000000)
  region size 1024K, 326 young (333824K), 16 survivors (16384K)
 Metaspace       used 295719K, committed 298688K, reserved 1310720K
  class space    used 37084K, committed 38528K, reserved 1048576K
}
Event: 866.381 GC heap after
{Heap after GC invocations=159 (full 0):
 garbage-first heap   total 1036288K, used 559888K [0x0000000080000000, 0x0000000100000000)
  region size 1024K, 23 young (23552K), 23 survivors (23552K)
 Metaspace       used 295719K, committed 298688K, reserved 1310720K
  class space    used 37084K, committed 38528K, reserved 1048576K
}
Event: 866.681 GC heap before
{Heap before GC invocations=159 (full 0):
 garbage-first heap   total 1036288K, used 872208K [0x0000000080000000, 0x0000000100000000)
  region size 1024K, 329 young (336896K), 23 survivors (23552K)
 Metaspace       used 295809K, committed 298752K, reserved 1310720K
  class space    used 37084K, committed 38528K, reserved 1048576K
}
Event: 866.691 GC heap after
{Heap after GC invocations=160 (full 0):
 garbage-first heap   total 1036288K, used 566871K [0x0000000080000000, 0x0000000100000000)
  region size 1024K, 31 young (31744K), 31 survivors (31744K)
 Metaspace       used 295809K, committed 298752K, reserved 1310720K
  class space    used 37084K, committed 38528K, reserved 1048576K
}
Event: 867.603 GC heap before
{Heap before GC invocations=160 (full 0):
 garbage-first heap   total 1036288K, used 877143K [0x0000000080000000, 0x0000000100000000)
  region size 1024K, 335 young (343040K), 31 survivors (31744K)
 Metaspace       used 295966K, committed 298944K, reserved 1310720K
  class space    used 37089K, committed 38528K, reserved 1048576K
}
Event: 867.622 GC heap after
{Heap after GC invocations=161 (full 0):
 garbage-first heap   total 1036288K, used 584914K [0x0000000080000000, 0x0000000100000000)
  region size 1024K, 42 young (43008K), 42 survivors (43008K)
 Metaspace       used 295966K, committed 298944K, reserved 1310720K
  class space    used 37089K, committed 38528K, reserved 1048576K
}
Event: 868.388 GC heap before
{Heap before GC invocations=161 (full 0):
 garbage-first heap   total 1036288K, used 870610K [0x0000000080000000, 0x0000000100000000)
  region size 1024K, 321 young (328704K), 42 survivors (43008K)
 Metaspace       used 298415K, committed 301376K, reserved 1376256K
  class space    used 37356K, committed 38784K, reserved 1048576K
}
Event: 868.402 GC heap after
{Heap after GC invocations=162 (full 0):
 garbage-first heap   total 1036288K, used 589200K [0x0000000080000000, 0x0000000100000000)
  region size 1024K, 6 young (6144K), 6 survivors (6144K)
 Metaspace       used 298415K, committed 301376K, reserved 1376256K
  class space    used 37356K, committed 38784K, reserved 1048576K
}

Dll operation events (17 events):
Event: 0.039 Loaded shared library C:\Users\namsu\.jdks\corretto-17.0.14\bin\java.dll
Event: 0.054 Loaded shared library C:\Users\namsu\.jdks\corretto-17.0.14\bin\jsvml.dll
Event: 0.092 Loaded shared library C:\Users\namsu\.jdks\corretto-17.0.14\bin\zip.dll
Event: 0.094 Loaded shared library C:\Users\namsu\.jdks\corretto-17.0.14\bin\instrument.dll
Event: 0.100 Loaded shared library C:\Users\namsu\.jdks\corretto-17.0.14\bin\net.dll
Event: 0.105 Loaded shared library C:\Users\namsu\.jdks\corretto-17.0.14\bin\nio.dll
Event: 0.119 Loaded shared library C:\Users\namsu\.jdks\corretto-17.0.14\bin\zip.dll
Event: 3.044 Loaded shared library C:\Users\namsu\.jdks\corretto-17.0.14\bin\jimage.dll
Event: 4.086 Loaded shared library C:\Users\namsu\.jdks\corretto-17.0.14\bin\verify.dll
Event: 6.217 Loaded shared library C:\Users\namsu\.gradle\native\68d5fa5c4cc2d200863cafc0d521ce42e7d3e7ee720ec0a83991735586a16f82\windows-amd64\native-platform.dll
Event: 6.221 Loaded shared library C:\Users\namsu\.gradle\native\e376f236ea51e6404a007f0833ffe2c6e607c4080706a723a18a27aeea778392\windows-amd64\native-platform-file-events.dll
Event: 11.264 Loaded shared library C:\Users\namsu\.jdks\corretto-17.0.14\bin\management.dll
Event: 11.269 Loaded shared library C:\Users\namsu\.jdks\corretto-17.0.14\bin\management_ext.dll
Event: 11.439 Loaded shared library C:\Users\namsu\.jdks\corretto-17.0.14\bin\extnet.dll
Event: 11.635 Loaded shared library C:\Users\namsu\.jdks\corretto-17.0.14\bin\sunmscapi.dll
Event: 95.760 Loaded shared library C:\Users\namsu\.jdks\corretto-17.0.14\bin\rmi.dll
Event: 868.921 Loaded shared library C:\Users\namsu\AppData\Local\Temp\native-platform14359096224214559116dir\native-platform.dll

Deoptimization events (20 events):
Event: 870.937 Thread 0x0000019fafd5af50 DEOPT PACKING pc=0x0000019f4014ee20 sp=0x0000000ae07fa620
Event: 870.937 Thread 0x0000019fafd5af50 DEOPT UNPACKING pc=0x0000019f3d5c69a3 sp=0x0000000ae07fa5e0 mode 2
Event: 870.977 Thread 0x0000019fafd5af50 Uncommon trap: trap_request=0xffffff45 fr.pc=0x0000019f401b2400 relative=0x0000000000002d60
Event: 870.977 Thread 0x0000019fafd5af50 Uncommon trap: reason=unstable_if action=reinterpret pc=0x0000019f401b2400 method=com.sun.org.apache.xml.internal.dtm.ref.dom2dtm.DOM2DTM.nextNode()Z @ 230 c2
Event: 870.977 Thread 0x0000019fafd5af50 DEOPT PACKING pc=0x0000019f401b2400 sp=0x0000000ae07f9ee0
Event: 870.977 Thread 0x0000019fafd5af50 DEOPT UNPACKING pc=0x0000019f3d5c69a3 sp=0x0000000ae07f9eb8 mode 2
Event: 870.989 Thread 0x0000019fafd5af50 DEOPT PACKING pc=0x0000019f3ba8f417 sp=0x0000000ae07fa5c0
Event: 870.989 Thread 0x0000019fafd5af50 DEOPT UNPACKING pc=0x0000019f3d5c7143 sp=0x0000000ae07f9ad8 mode 0
Event: 871.039 Thread 0x0000019fafd5af50 DEOPT PACKING pc=0x0000019f3ba8f417 sp=0x0000000ae07fa5c0
Event: 871.039 Thread 0x0000019fafd5af50 DEOPT UNPACKING pc=0x0000019f3d5c7143 sp=0x0000000ae07f9ad8 mode 0
Event: 871.072 Thread 0x0000019fafd5af50 DEOPT PACKING pc=0x0000019f3ba8f417 sp=0x0000000ae07fa5c0
Event: 871.072 Thread 0x0000019fafd5af50 DEOPT UNPACKING pc=0x0000019f3d5c7143 sp=0x0000000ae07f9ad8 mode 0
Event: 871.101 Thread 0x0000019fafd5af50 DEOPT PACKING pc=0x0000019f3ba8f417 sp=0x0000000ae07fa5c0
Event: 871.101 Thread 0x0000019fafd5af50 DEOPT UNPACKING pc=0x0000019f3d5c7143 sp=0x0000000ae07f9ad8 mode 0
Event: 871.144 Thread 0x0000019fafd5af50 DEOPT PACKING pc=0x0000019f3ba8f417 sp=0x0000000ae07fa5c0
Event: 871.144 Thread 0x0000019fafd5af50 DEOPT UNPACKING pc=0x0000019f3d5c7143 sp=0x0000000ae07f9ad8 mode 0
Event: 871.203 Thread 0x0000019fafd5af50 DEOPT PACKING pc=0x0000019f3ba8f417 sp=0x0000000ae07fa5c0
Event: 871.203 Thread 0x0000019fafd5af50 DEOPT UNPACKING pc=0x0000019f3d5c7143 sp=0x0000000ae07f9ad8 mode 0
Event: 871.245 Thread 0x0000019fafd5af50 DEOPT PACKING pc=0x0000019f3ba8f417 sp=0x0000000ae07fa5c0
Event: 871.245 Thread 0x0000019fafd5af50 DEOPT UNPACKING pc=0x0000019f3d5c7143 sp=0x0000000ae07f9ad8 mode 0

Classes loaded (20 events):
Event: 867.708 Loading class com/sun/org/apache/xml/internal/dtm/ref/DTMDefaultBaseTraversers$AllFromRootTraverser done
Event: 867.708 Loading class com/sun/org/apache/xml/internal/dtm/ref/DTMDefaultBaseTraversers$RootTraverser done
Event: 867.708 Loading class com/sun/org/apache/xml/internal/dtm/ref/DTMNodeList
Event: 867.708 Loading class com/sun/org/apache/xml/internal/dtm/ref/DTMNodeListBase
Event: 867.708 Loading class com/sun/org/apache/xml/internal/dtm/ref/DTMNodeListBase done
Event: 867.708 Loading class com/sun/org/apache/xml/internal/dtm/ref/DTMNodeList done
Event: 867.708 Loading class com/sun/org/apache/xpath/internal/axes/NodeSequence$IteratorCache
Event: 867.708 Loading class com/sun/org/apache/xpath/internal/axes/NodeSequence$IteratorCache done
Event: 867.708 Loading class com/sun/org/apache/xml/internal/dtm/ref/DTMDefaultBaseTraversers$ChildTraverser
Event: 867.708 Loading class com/sun/org/apache/xml/internal/dtm/ref/DTMDefaultBaseTraversers$ChildTraverser done
Event: 867.709 Loading class com/sun/org/apache/xml/internal/utils/XMLCharacterRecognizer
Event: 867.709 Loading class com/sun/org/apache/xml/internal/utils/XMLCharacterRecognizer done
Event: 868.935 Loading class java/lang/ProcessBuilder$NullInputStream
Event: 868.935 Loading class java/lang/ProcessBuilder$NullInputStream done
Event: 868.935 Loading class java/util/concurrent/Semaphore$NonfairSync
Event: 868.935 Loading class java/util/concurrent/Semaphore$Sync
Event: 868.936 Loading class java/util/concurrent/Semaphore$Sync done
Event: 868.936 Loading class java/util/concurrent/Semaphore$NonfairSync done
Event: 870.145 Loading class sun/net/ConnectionResetException
Event: 870.145 Loading class sun/net/ConnectionResetException done

Classes unloaded (2 events):
Event: 94.820 Thread 0x0000019f4d5b73c0 Unloading class 0x0000019f4ff89000 'java/lang/invoke/LambdaForm$DMH+0x0000019f4ff89000'
Event: 94.820 Thread 0x0000019f4d5b73c0 Unloading class 0x0000019f4ff88c00 'java/lang/invoke/LambdaForm$DMH+0x0000019f4ff88c00'

Classes redefined (0 events):
No events

Internal exceptions (20 events):
Event: 871.192 Thread 0x0000019fafd5af50 Exception <a 'sun/nio/fs/WindowsException'{0x00000000b32c3a60}> (0x00000000b32c3a60) 
thrown [s\src\hotspot\share\prims\jni.cpp, line 516]
Event: 871.207 Thread 0x0000019fafd5af50 Exception <a 'sun/nio/fs/WindowsException'{0x00000000b31453b0}> (0x00000000b31453b0) 
thrown [s\src\hotspot\share\prims\jni.cpp, line 516]
Event: 871.208 Thread 0x0000019fafd5af50 Exception <a 'sun/nio/fs/WindowsException'{0x00000000b3146750}> (0x00000000b3146750) 
thrown [s\src\hotspot\share\prims\jni.cpp, line 516]
Event: 871.209 Thread 0x0000019fafd5af50 Exception <a 'sun/nio/fs/WindowsException'{0x00000000b3147ad0}> (0x00000000b3147ad0) 
thrown [s\src\hotspot\share\prims\jni.cpp, line 516]
Event: 871.216 Thread 0x0000019fafd5af50 Exception <a 'sun/nio/fs/WindowsException'{0x00000000b31f54d0}> (0x00000000b31f54d0) 
thrown [s\src\hotspot\share\prims\jni.cpp, line 516]
Event: 871.230 Thread 0x0000019fafd5af50 Exception <a 'sun/nio/fs/WindowsException'{0x00000000b307ddb8}> (0x00000000b307ddb8) 
thrown [s\src\hotspot\share\prims\jni.cpp, line 516]
Event: 871.231 Thread 0x0000019fafd5af50 Exception <a 'sun/nio/fs/WindowsException'{0x00000000b307f188}> (0x00000000b307f188) 
thrown [s\src\hotspot\share\prims\jni.cpp, line 516]
Event: 871.232 Thread 0x0000019fafd5af50 Exception <a 'sun/nio/fs/WindowsException'{0x00000000b3080418}> (0x00000000b3080418) 
thrown [s\src\hotspot\share\prims\jni.cpp, line 516]
Event: 871.233 Thread 0x0000019fafd5af50 Exception <a 'sun/nio/fs/WindowsException'{0x00000000b3081700}> (0x00000000b3081700) 
thrown [s\src\hotspot\share\prims\jni.cpp, line 516]
Event: 871.235 Thread 0x0000019fafd5af50 Exception <a 'sun/nio/fs/WindowsException'{0x00000000b3087808}> (0x00000000b3087808) 
thrown [s\src\hotspot\share\prims\jni.cpp, line 516]
Event: 871.251 Thread 0x0000019fafd5af50 Exception <a 'sun/nio/fs/WindowsException'{0x00000000b2f2fab8}> (0x00000000b2f2fab8) 
thrown [s\src\hotspot\share\prims\jni.cpp, line 516]
Event: 871.264 Thread 0x0000019fafd5af50 Exception <a 'sun/nio/fs/WindowsException'{0x00000000b2fbb588}> (0x00000000b2fbb588) 
thrown [s\src\hotspot\share\prims\jni.cpp, line 516]
Event: 871.265 Thread 0x0000019fafd5af50 Exception <a 'sun/nio/fs/WindowsException'{0x00000000b2fbc9f8}> (0x00000000b2fbc9f8) 
thrown [s\src\hotspot\share\prims\jni.cpp, line 516]
Event: 871.266 Thread 0x0000019fafd5af50 Exception <a 'sun/nio/fs/WindowsException'{0x00000000b2fbdc90}> (0x00000000b2fbdc90) 
thrown [s\src\hotspot\share\prims\jni.cpp, line 516]
Event: 871.267 Thread 0x0000019fafd5af50 Exception <a 'sun/nio/fs/WindowsException'{0x00000000b2fbeef0}> (0x00000000b2fbeef0) 
thrown [s\src\hotspot\share\prims\jni.cpp, line 516]
Event: 871.268 Thread 0x0000019fafd5af50 Exception <a 'sun/nio/fs/WindowsException'{0x00000000b2fc0198}> (0x00000000b2fc0198) 
thrown [s\src\hotspot\share\prims\jni.cpp, line 516]
Event: 871.269 Thread 0x0000019fafd5af50 Exception <a 'sun/nio/fs/WindowsException'{0x00000000b2fc1530}> (0x00000000b2fc1530) 
thrown [s\src\hotspot\share\prims\jni.cpp, line 516]
Event: 871.283 Thread 0x0000019fafd5af50 Exception <a 'sun/nio/fs/WindowsException'{0x00000000b2e67048}> (0x00000000b2e67048) 
thrown [s\src\hotspot\share\prims\jni.cpp, line 516]
Event: 871.284 Thread 0x0000019fafd5af50 Exception <a 'sun/nio/fs/WindowsException'{0x00000000b2e684e8}> (0x00000000b2e684e8) 
thrown [s\src\hotspot\share\prims\jni.cpp, line 516]
Event: 871.285 Thread 0x0000019fafd5af50 Exception <a 'sun/nio/fs/WindowsException'{0x00000000b2e69798}> (0x00000000b2e69798) 
thrown [s\src\hotspot\share\prims\jni.cpp, line 516]

VM Operations (20 events):
Event: 866.448 Executing VM operation: HandshakeAllThreads
Event: 866.449 Executing VM operation: HandshakeAllThreads done
Event: 866.539 Executing VM operation: ICBufferFull
Event: 866.540 Executing VM operation: ICBufferFull done
Event: 866.543 Executing VM operation: HandshakeAllThreads
Event: 866.543 Executing VM operation: HandshakeAllThreads done
Event: 866.681 Executing VM operation: G1CollectForAllocation
Event: 866.691 Executing VM operation: G1CollectForAllocation done
Event: 866.867 Executing VM operation: HandshakeAllThreads
Event: 866.867 Executing VM operation: HandshakeAllThreads done
Event: 867.419 Executing VM operation: ICBufferFull
Event: 867.419 Executing VM operation: ICBufferFull done
Event: 867.603 Executing VM operation: G1CollectForAllocation
Event: 867.622 Executing VM operation: G1CollectForAllocation done
Event: 868.388 Executing VM operation: G1CollectForAllocation
Event: 868.402 Executing VM operation: G1CollectForAllocation done
Event: 869.576 Executing VM operation: HandshakeAllThreads
Event: 869.576 Executing VM operation: HandshakeAllThreads done
Event: 869.576 Executing VM operation: Cleanup
Event: 869.576 Executing VM operation: Cleanup done

Memory protections (0 events):
No events

Nmethod flushes (20 events):
Event: 869.660 Thread 0x0000019f4d70e620 flushing  nmethod 0x0000019f3b7ab490
Event: 869.660 Thread 0x0000019f4d70e620 flushing  nmethod 0x0000019f3b858e10
Event: 869.660 Thread 0x0000019f4d70e620 flushing  nmethod 0x0000019f3b86f190
Event: 869.661 Thread 0x0000019f4d70e620 flushing  nmethod 0x0000019f3b8a0890
Event: 869.661 Thread 0x0000019f4d70e620 flushing  nmethod 0x0000019f3b8a9310
Event: 869.661 Thread 0x0000019f4d70e620 flushing  nmethod 0x0000019f3b8a9d10
Event: 869.661 Thread 0x0000019f4d70e620 flushing  nmethod 0x0000019f3b8b0990
Event: 869.661 Thread 0x0000019f4d70e620 flushing  nmethod 0x0000019f3b8c0a90
Event: 869.661 Thread 0x0000019f4d70e620 flushing  nmethod 0x0000019f3b8c6990
Event: 869.661 Thread 0x0000019f4d70e620 flushing  nmethod 0x0000019f3b91f110
Event: 869.661 Thread 0x0000019f4d70e620 flushing  nmethod 0x0000019f3b926e10
Event: 869.661 Thread 0x0000019f4d70e620 flushing  nmethod 0x0000019f3b954090
Event: 869.661 Thread 0x0000019f4d70e620 flushing  nmethod 0x0000019f3b958790
Event: 869.661 Thread 0x0000019f4d70e620 flushing  nmethod 0x0000019f3b960e10
Event: 869.661 Thread 0x0000019f4d70e620 flushing  nmethod 0x0000019f3b961310
Event: 869.661 Thread 0x0000019f4d70e620 flushing  nmethod 0x0000019f3b966f90
Event: 869.661 Thread 0x0000019f4d70e620 flushing  nmethod 0x0000019f3b969610
Event: 869.661 Thread 0x0000019f4d70e620 flushing  nmethod 0x0000019f3b969990
Event: 869.661 Thread 0x0000019f4d70e620 flushing  nmethod 0x0000019f3b979010
Event: 869.661 Thread 0x0000019f4d70e620 flushing  nmethod 0x0000019f3b9c3b90

Events (20 events):
Event: 865.744 Thread 0x0000019fa31ece00 Thread added: 0x0000019f98e50be0
Event: 865.776 Thread 0x0000019f4d70dd10 Thread added: 0x0000019fb6ca8800
Event: 865.819 Thread 0x0000019f4d70dd10 Thread added: 0x0000019fb6ca6d70
Event: 866.761 Thread 0x0000019fafd66fb0 Thread exited: 0x0000019fafd66fb0
Event: 866.761 Thread 0x0000019fafd66080 Thread exited: 0x0000019fafd66080
Event: 866.884 Thread 0x0000019fa31ece00 Thread added: 0x0000019f98e552c0
Event: 866.884 Thread 0x0000019fa31ece00 Thread added: 0x0000019fa0753df0
Event: 868.563 Thread 0x0000019fb6ca6d70 Thread exited: 0x0000019fb6ca6d70
Event: 868.874 Thread 0x0000019fb6ca8800 Thread exited: 0x0000019fb6ca8800
Event: 868.937 Thread 0x0000019fafd62de0 Thread added: 0x0000019fa0754810
Event: 869.445 Thread 0x0000019fa0754810 Thread exited: 0x0000019fa0754810
Event: 869.484 Thread 0x0000019fafd62de0 Thread added: 0x0000019fa07529b0
Event: 869.522 Thread 0x0000019f4d70dd10 Thread added: 0x0000019fb6cab280
Event: 869.522 Thread 0x0000019fafd62de0 Thread added: 0x0000019fa0754810
Event: 870.069 Thread 0x0000019fb6cab280 Thread exited: 0x0000019fb6cab280
Event: 870.196 Thread 0x0000019f4d70dd10 Thread added: 0x0000019fb6cab280
Event: 870.212 Thread 0x0000019fafd62de0 Thread added: 0x0000019fa07538e0
Event: 870.216 Thread 0x0000019f4d70dd10 Thread added: 0x0000019fb6ca8800
Event: 870.381 Thread 0x0000019fb6ca8800 Thread exited: 0x0000019fb6ca8800
Event: 870.381 Thread 0x0000019fb6cab280 Thread exited: 0x0000019fb6cab280


Dynamic libraries:
0x00007ff61c8a0000 - 0x00007ff61c8ae000 	C:\Users\namsu\.jdks\corretto-17.0.14\bin\java.exe
0x00007ff93ace0000 - 0x00007ff93af43000 	C:\WINDOWS\SYSTEM32\ntdll.dll
0x00007ff939af0000 - 0x00007ff939bb7000 	C:\WINDOWS\System32\KERNEL32.DLL
0x00007ff9385c0000 - 0x00007ff938989000 	C:\WINDOWS\System32\KERNELBASE.dll
0x00007ff935030000 - 0x00007ff9350cc000 	C:\WINDOWS\SYSTEM32\apphelp.dll
0x00007ff937fa0000 - 0x00007ff9380ec000 	C:\WINDOWS\System32\ucrtbase.dll
0x00007ff915e40000 - 0x00007ff915e5b000 	C:\Users\namsu\.jdks\corretto-17.0.14\bin\VCRUNTIME140.dll
0x00007ff904d30000 - 0x00007ff904d47000 	C:\Users\namsu\.jdks\corretto-17.0.14\bin\jli.dll
0x00007ff939360000 - 0x00007ff93952a000 	C:\WINDOWS\System32\USER32.dll
0x00007ff938ad0000 - 0x00007ff938af7000 	C:\WINDOWS\System32\win32u.dll
0x00007ff925080000 - 0x00007ff925310000 	C:\WINDOWS\WinSxS\amd64_microsoft.windows.common-controls_6595b64144ccf1df_6.0.26100.3323_none_3e088096e3344490\COMCTL32.dll
0x00007ff939100000 - 0x00007ff9391a9000 	C:\WINDOWS\System32\msvcrt.dll
0x00007ff939850000 - 0x00007ff93987a000 	C:\WINDOWS\System32\GDI32.dll
0x00007ff938990000 - 0x00007ff938ac1000 	C:\WINDOWS\System32\gdi32full.dll
0x00007ff9383e0000 - 0x00007ff938483000 	C:\WINDOWS\System32\msvcp_win.dll
0x00007ff939a90000 - 0x00007ff939abf000 	C:\WINDOWS\System32\IMM32.DLL
0x00007ff927bd0000 - 0x00007ff927bdc000 	C:\Users\namsu\.jdks\corretto-17.0.14\bin\vcruntime140_1.dll
0x00007ff8ec460000 - 0x00007ff8ec4ed000 	C:\Users\namsu\.jdks\corretto-17.0.14\bin\msvcp140.dll
0x00007ff8b0cf0000 - 0x00007ff8b195c000 	C:\Users\namsu\.jdks\corretto-17.0.14\bin\server\jvm.dll
0x00007ff9391b0000 - 0x00007ff939262000 	C:\WINDOWS\System32\ADVAPI32.dll
0x00007ff93a700000 - 0x00007ff93a7a6000 	C:\WINDOWS\System32\sechost.dll
0x00007ff939880000 - 0x00007ff939996000 	C:\WINDOWS\System32\RPCRT4.dll
0x00007ff9395b0000 - 0x00007ff939624000 	C:\WINDOWS\System32\WS2_32.dll
0x00007ff937d70000 - 0x00007ff937dbe000 	C:\WINDOWS\SYSTEM32\POWRPROF.dll
0x00007ff933b90000 - 0x00007ff933b9b000 	C:\WINDOWS\SYSTEM32\VERSION.dll
0x00007ff928ec0000 - 0x00007ff928ef6000 	C:\WINDOWS\SYSTEM32\WINMM.dll
0x00007ff937d50000 - 0x00007ff937d64000 	C:\WINDOWS\SYSTEM32\UMPDC.dll
0x00007ff936d00000 - 0x00007ff936d1a000 	C:\WINDOWS\SYSTEM32\kernel.appcore.dll
0x00007ff926a80000 - 0x00007ff926a8a000 	C:\Users\namsu\.jdks\corretto-17.0.14\bin\jimage.dll
0x00007ff927ee0000 - 0x00007ff928121000 	C:\WINDOWS\SYSTEM32\DBGHELP.DLL
0x00007ff93a7b0000 - 0x00007ff93ab32000 	C:\WINDOWS\System32\combase.dll
0x00007ff939270000 - 0x00007ff939346000 	C:\WINDOWS\System32\OLEAUT32.dll
0x00007ff8f5390000 - 0x00007ff8f53c9000 	C:\WINDOWS\SYSTEM32\dbgcore.DLL
0x00007ff938490000 - 0x00007ff938529000 	C:\WINDOWS\System32\bcryptPrimitives.dll
0x00007ff9236a0000 - 0x00007ff9236ae000 	C:\Users\namsu\.jdks\corretto-17.0.14\bin\instrument.dll
0x00007ff8f7680000 - 0x00007ff8f76a5000 	C:\Users\namsu\.jdks\corretto-17.0.14\bin\java.dll
0x00007ff8dbde0000 - 0x00007ff8dbeb7000 	C:\Users\namsu\.jdks\corretto-17.0.14\bin\jsvml.dll
0x00007ff939cb0000 - 0x00007ff93a3c5000 	C:\WINDOWS\System32\SHELL32.dll
0x00007ff9380f0000 - 0x00007ff938258000 	C:\WINDOWS\System32\wintypes.dll
0x00007ff935c00000 - 0x00007ff936445000 	C:\WINDOWS\SYSTEM32\windows.storage.dll
0x00007ff939bc0000 - 0x00007ff939cab000 	C:\WINDOWS\System32\SHCORE.dll
0x00007ff9399a0000 - 0x00007ff9399fd000 	C:\WINDOWS\System32\shlwapi.dll
0x00007ff937df0000 - 0x00007ff937e1f000 	C:\WINDOWS\SYSTEM32\profapi.dll
0x00007ff8ff5a0000 - 0x00007ff8ff5b8000 	C:\Users\namsu\.jdks\corretto-17.0.14\bin\zip.dll
0x00007ff8f9eb0000 - 0x00007ff8f9ec9000 	C:\Users\namsu\.jdks\corretto-17.0.14\bin\net.dll
0x00007ff9319f0000 - 0x00007ff931b0e000 	C:\WINDOWS\SYSTEM32\WINHTTP.dll
0x00007ff937220000 - 0x00007ff93728a000 	C:\WINDOWS\system32\mswsock.dll
0x00007ff8f9010000 - 0x00007ff8f9026000 	C:\Users\namsu\.jdks\corretto-17.0.14\bin\nio.dll
0x00007ff922d90000 - 0x00007ff922da0000 	C:\Users\namsu\.jdks\corretto-17.0.14\bin\verify.dll
0x00007ff90f800000 - 0x00007ff90f827000 	C:\Users\namsu\.gradle\native\68d5fa5c4cc2d200863cafc0d521ce42e7d3e7ee720ec0a83991735586a16f82\windows-amd64\native-platform.dll
0x00007ff8c4170000 - 0x00007ff8c42b4000 	C:\Users\namsu\.gradle\native\e376f236ea51e6404a007f0833ffe2c6e607c4080706a723a18a27aeea778392\windows-amd64\native-platform-file-events.dll
0x00007ff921b60000 - 0x00007ff921b69000 	C:\Users\namsu\.jdks\corretto-17.0.14\bin\management.dll
0x00007ff91ca20000 - 0x00007ff91ca2b000 	C:\Users\namsu\.jdks\corretto-17.0.14\bin\management_ext.dll
0x00007ff9390f0000 - 0x00007ff9390f8000 	C:\WINDOWS\System32\PSAPI.DLL
0x00007ff9374c0000 - 0x00007ff9374dc000 	C:\WINDOWS\SYSTEM32\CRYPTSP.dll
0x00007ff936c60000 - 0x00007ff936c9a000 	C:\WINDOWS\system32\rsaenh.dll
0x00007ff9372c0000 - 0x00007ff9372eb000 	C:\WINDOWS\SYSTEM32\USERENV.dll
0x00007ff937700000 - 0x00007ff937726000 	C:\WINDOWS\SYSTEM32\bcrypt.dll
0x00007ff9374e0000 - 0x00007ff9374ec000 	C:\WINDOWS\SYSTEM32\CRYPTBASE.dll
0x00007ff936740000 - 0x00007ff936773000 	C:\WINDOWS\SYSTEM32\IPHLPAPI.DLL
0x00007ff93a480000 - 0x00007ff93a48a000 	C:\WINDOWS\System32\NSI.dll
0x00007ff931b60000 - 0x00007ff931b7f000 	C:\WINDOWS\SYSTEM32\dhcpcsvc6.DLL
0x00007ff931b30000 - 0x00007ff931b55000 	C:\WINDOWS\SYSTEM32\dhcpcsvc.DLL
0x00007ff9367d0000 - 0x00007ff9368f5000 	C:\WINDOWS\SYSTEM32\DNSAPI.dll
0x00007ff91b2b0000 - 0x00007ff91b2b9000 	C:\Users\namsu\.jdks\corretto-17.0.14\bin\extnet.dll
0x00007ff916070000 - 0x00007ff91607e000 	C:\Users\namsu\.jdks\corretto-17.0.14\bin\sunmscapi.dll
0x00007ff938260000 - 0x00007ff9383d7000 	C:\WINDOWS\System32\CRYPT32.dll
0x00007ff9376c0000 - 0x00007ff9376f0000 	C:\WINDOWS\SYSTEM32\ncrypt.dll
0x00007ff937670000 - 0x00007ff9376af000 	C:\WINDOWS\SYSTEM32\NTASN1.dll
0x00007ff926bb0000 - 0x00007ff926bb8000 	C:\WINDOWS\system32\wshunix.dll
0x00007ff91cac0000 - 0x00007ff91cad8000 	C:\WINDOWS\system32\napinsp.dll
0x00007ff917450000 - 0x00007ff917462000 	C:\WINDOWS\System32\winrnr.dll
0x00007ff917070000 - 0x00007ff917092000 	C:\WINDOWS\system32\nlansp_c.dll
0x00007ff904600000 - 0x00007ff904616000 	C:\WINDOWS\system32\wshbth.dll
0x00007ff931b20000 - 0x00007ff931b2b000 	C:\Windows\System32\rasadhlp.dll
0x00007ff930e20000 - 0x00007ff930ea5000 	C:\WINDOWS\System32\fwpuclnt.dll
0x00007ff934480000 - 0x00007ff934487000 	C:\Users\namsu\.jdks\corretto-17.0.14\bin\rmi.dll
0x00007ff936e20000 - 0x00007ff936e55000 	C:\WINDOWS\SYSTEM32\ntmarta.dll
0x00007ff926870000 - 0x00007ff92688e000 	C:\Users\namsu\AppData\Local\Temp\native-platform14359096224214559116dir\native-platform.dll

dbghelp: loaded successfully - version: 4.0.5 - missing functions: none
symbol engine: initialized successfully - sym options: 0x614 - pdb path: .;C:\Users\namsu\.jdks\corretto-17.0.14\bin;C:\WINDOWS\SYSTEM32;C:\WINDOWS\WinSxS\amd64_microsoft.windows.common-controls_6595b64144ccf1df_6.0.26100.3323_none_3e088096e3344490;C:\Users\namsu\.jdks\corretto-17.0.14\bin\server;C:\Users\namsu\.gradle\native\68d5fa5c4cc2d200863cafc0d521ce42e7d3e7ee720ec0a83991735586a16f82\windows-amd64;C:\Users\namsu\.gradle\native\e376f236ea51e6404a007f0833ffe2c6e607c4080706a723a18a27aeea778392\windows-amd64;C:\Users\namsu\AppData\Local\Temp\native-platform14359096224214559116dir

VM Arguments:
jvm_args: --add-opens=java.base/java.util=ALL-UNNAMED --add-opens=java.base/java.lang=ALL-UNNAMED --add-opens=java.base/java.lang.invoke=ALL-UNNAMED --add-opens=java.prefs/java.util.prefs=ALL-UNNAMED --add-opens=java.base/java.nio.charset=ALL-UNNAMED --add-opens=java.base/java.net=ALL-UNNAMED --add-opens=java.base/java.util.concurrent.atomic=ALL-UNNAMED -Xmx2048m -Dfile.encoding=UTF-8 -Duser.country=US -Duser.language=en -Duser.variant -javaagent:C:\Users\namsu\.gradle\wrapper\dists\gradle-8.2-bin\bbg7u40eoinfdyxsxr3z4i7ta\gradle-8.2\lib\agents\gradle-instrumentation-agent-8.2.jar 
java_command: org.gradle.launcher.daemon.bootstrap.GradleDaemon 8.2
java_class_path (initial): C:\Users\namsu\.gradle\wrapper\dists\gradle-8.2-bin\bbg7u40eoinfdyxsxr3z4i7ta\gradle-8.2\lib\gradle-launcher-8.2.jar
Launcher Type: SUN_STANDARD

[Global flags]
     intx CICompilerCount                          = 4                                         {product} {ergonomic}
     uint ConcGCThreads                            = 3                                         {product} {ergonomic}
     uint G1ConcRefinementThreads                  = 10                                        {product} {ergonomic}
   size_t G1HeapRegionSize                         = 1048576                                   {product} {ergonomic}
    uintx GCDrainStackTargetSize                   = 64                                        {product} {ergonomic}
   size_t InitialHeapSize                          = 534773760                                 {product} {ergonomic}
   size_t MarkStackSize                            = 4194304                                   {product} {ergonomic}
   size_t MaxHeapSize                              = 2147483648                                {product} {command line}
   size_t MaxNewSize                               = 1287651328                                {product} {ergonomic}
   size_t MinHeapDeltaBytes                        = 1048576                                   {product} {ergonomic}
   size_t MinHeapSize                              = 8388608                                   {product} {ergonomic}
    uintx NonNMethodCodeHeapSize                   = 5839372                                {pd product} {ergonomic}
    uintx NonProfiledCodeHeapSize                  = 122909434                              {pd product} {ergonomic}
    uintx ProfiledCodeHeapSize                     = 122909434                              {pd product} {ergonomic}
    uintx ReservedCodeCacheSize                    = 251658240                              {pd product} {ergonomic}
     bool SegmentedCodeCache                       = true                                      {product} {ergonomic}
   size_t SoftMaxHeapSize                          = 2147483648                             {manageable} {ergonomic}
     bool UseCompressedClassPointers               = true                           {product lp64_product} {ergonomic}
     bool UseCompressedOops                        = true                           {product lp64_product} {ergonomic}
     bool UseG1GC                                  = true                                      {product} {ergonomic}
     bool UseLargePagesIndividualAllocation        = false                                  {pd product} {ergonomic}

Logging:
Log output configuration:
 #0: stdout all=warning uptime,level,tags
 #1: stderr all=off uptime,level,tags

Environment Variables:
PATH=C:\Program Files (x86)\Common Files\Oracle\Java\javapath;C:\Program Files\Common Files\Oracle\Java\javapath;C:\WINDOWS\system32;C:\WINDOWS;C:\WINDOWS\System32\Wbem;C:\WINDOWS\System32\WindowsPowerShell\v1.0\;C:\WINDOWS\System32\OpenSSH\;C:\Program Files\Git\cmd;D:\Program Files\nodejs\;C:\Program Files (x86)\NVIDIA Corporation\PhysX\Common;C:\Program Files\NVIDIA Corporation\NVIDIA NvDLISR;C:\Users\namsu\AppData\Local\Android\Sdk\platform-tools;C:\Users\namsu\AppData\Local\Android\Sdk\tools;C:\Users\namsu\AppData\Local\Android\Sdk\bin;C:\xampp\php;D:\composer;C:\Program Files\Java\jdk1.8.0_202\bin;C:\Program Files\dotnet\;C:\Program Files (x86)\Windows Kits\10\Windows Performance Toolkit\;D:\Program Files\OpenSSL-Win64\bin;D:\Program Files\CMake\bin;D:\Program Files\protoc-28.3-win64\bin;C:\Users\namsu\AppData\Local\Programs\Python\Python312\Scripts\;C:\Users\namsu\AppData\Local\Programs\Python\Python312\;C:\Users\namsu\AppData\Local\Microsoft\WindowsApps;C:\Users\namsu\AppData\Local\JetBrains\Toolbox\scripts;C:\Users\namsu\AppData\Roaming\npm;D:\Users\namsu\AppData\Local\Programs\Microsoft VS Code\bin;D:\Program Files\JetBrains\IntelliJ IDEA Community Edition 2023.3.2\bin;;C:\PATH_Program;C:\Users\namsu\Downloads\ffmpeg-2024-03-04-git-e30369bc1c-full_build\bin;D:\Program Files\OpenSSL-Win64\bin;C:\Users\namsu\AppData\Roaming\Composer\vendor\bin;C:\Users\namsu\.dotnet\tools;D:\Program Files\mitmproxy\bin;C:\Users\namsu\AppData\Local\Microsoft\WindowsApps;
USERNAME=Minh
OS=Windows_NT
PROCESSOR_IDENTIFIER=Intel64 Family 6 Model 158 Stepping 10, GenuineIntel
TMP=C:\Users\namsu\AppData\Local\Temp
TEMP=C:\Users\namsu\AppData\Local\Temp



Periodic native trim disabled


---------------  S Y S T E M  ---------------

OS:
 Windows 11 , 64 bit Build 26100 (10.0.26100.3323)
OS uptime: 1 days 6:15 hours

CPU: total 12 (initial active 12) (6 cores per cpu, 2 threads per core) family 6 model 158 stepping 10 microcode 0xde, cx8, cmov, fxsr, ht, mmx, 3dnowpref, sse, sse2, sse3, ssse3, sse4.1, sse4.2, popcnt, lzcnt, tsc, tscinvbit, avx, avx2, aes, erms, clmul, bmi1, bmi2, rtm, adx, fma, vzeroupper, clflush, clflushopt
Processor Information for all 12 processors :
  Max Mhz: 3696, Current Mhz: 3696, Mhz Limit: 3696

Memory: 4k page, system-wide physical 32620M (4284M free)
TotalPageFile size 36267M (AvailPageFile size 657M)
current process WorkingSet (physical memory assigned to process): 1743M, peak: 1756M
current process commit charge ("private bytes"): 1789M, peak: 1802M

vm_info: OpenJDK 64-Bit Server VM (17.0.14+7-LTS) for windows-amd64 JRE (17.0.14+7-LTS), built on Jan  7 2025 20:14:24 by "Administrator" with MS VC++ 16.10 / 16.11 (VS2019)

END.
