#
# There is insufficient memory for the Java Runtime Environment to continue.
# Native memory allocation (malloc) failed to allocate 1902928 bytes. Error detail: Chunk::new
# Possible reasons:
#   The system is out of physical RAM or swap space
#   This process is running with CompressedOops enabled, and the Java Heap may be blocking the growth of the native heap
# Possible solutions:
#   Reduce memory load on the system
#   Increase physical memory or swap space
#   Check if swap backing store is full
#   Decrease Java heap size (-Xmx/-Xms)
#   Decrease number of Java threads
#   Decrease Java thread stack sizes (-Xss)
#   Set larger code cache with -XX:ReservedCodeCacheSize=
#   JVM is running with Unscaled Compressed Oops mode in which the Java heap is
#     placed in the first 4GB address space. The Java Heap base address is the
#     maximum limit for the native heap growth. Please use -XX:HeapBaseMinAddress
#     to set the Java Heap base and to place the Java Heap above 4GB virtual address.
# This output file may be truncated or incomplete.
#
#  Out of Memory Error (arena.cpp:191), pid=6160, tid=20180
#
# JRE version: OpenJDK Runtime Environment Corretto-17.0.14.7.1 (17.0.14+7) (build 17.0.14+7-LTS)
# Java VM: OpenJDK 64-Bit Server VM Corretto-17.0.14.7.1 (17.0.14+7-LTS, mixed mode, sharing, tiered, compressed oops, compressed class ptrs, g1 gc, windows-amd64)
# No core dump will be written. Minidumps are not enabled by default on client versions of Windows
#

---------------  S U M M A R Y ------------

Command Line: --add-opens=java.base/java.util=ALL-UNNAMED --add-opens=java.base/java.lang=ALL-UNNAMED --add-opens=java.base/java.lang.invoke=ALL-UNNAMED --add-opens=java.prefs/java.util.prefs=ALL-UNNAMED --add-opens=java.base/java.nio.charset=ALL-UNNAMED --add-opens=java.base/java.net=ALL-UNNAMED --add-opens=java.base/java.util.concurrent.atomic=ALL-UNNAMED -Xmx2048m -Dfile.encoding=UTF-8 -Duser.country=US -Duser.language=en -Duser.variant -javaagent:C:\Users\namsu\.gradle\wrapper\dists\gradle-8.2-bin\bbg7u40eoinfdyxsxr3z4i7ta\gradle-8.2\lib\agents\gradle-instrumentation-agent-8.2.jar org.gradle.launcher.daemon.bootstrap.GradleDaemon 8.2

Host: Intel(R) Core(TM) i7-8700K CPU @ 3.70GHz, 12 cores, 31G,  Windows 11 , 64 bit Build 26100 (10.0.26100.3323)
Time: Tue Mar 18 15:17:24 2025 SE Asia Standard Time elapsed time: 38.938379 seconds (0d 0h 0m 38s)

---------------  T H R E A D  ---------------

Current thread (0x00000175fc887b00):  JavaThread "C2 CompilerThread2" daemon [_thread_in_native, id=20180, stack(0x0000000868500000,0x0000000868600000)]


Current CompileTask:
C2:  38938 26661 %     4       com.android.tools.r8.internal.Ia::a @ 2443 (4479 bytes)

Stack: [0x0000000868500000,0x0000000868600000]
Native frames: (J=compiled Java code, j=interpreted, Vv=VM code, C=native code)
V  [jvm.dll+0x681069]
V  [jvm.dll+0x838cca]
V  [jvm.dll+0x83a78e]
V  [jvm.dll+0x83adf3]
V  [jvm.dll+0x24826f]
V  [jvm.dll+0xac9f4]
V  [jvm.dll+0xad03c]
V  [jvm.dll+0x367937]
V  [jvm.dll+0x1bd472]
V  [jvm.dll+0x21a909]
V  [jvm.dll+0x219bf1]
V  [jvm.dll+0x1a599d]
V  [jvm.dll+0x22994d]
V  [jvm.dll+0x227adc]
V  [jvm.dll+0x7edb77]
V  [jvm.dll+0x7e7f6c]
V  [jvm.dll+0x67ff37]
C  [ucrtbase.dll+0x37b0]
C  [KERNEL32.DLL+0x2e8d7]
C  [ntdll.dll+0xbbf6c]


---------------  P R O C E S S  ---------------

Threads class SMR info:
_java_thread_list=0x00000175fe98add0, length=218, elements={
0x00000175d42204d0, 0x00000175f2b085d0, 0x00000175f2b090a0, 0x00000175f2b2be20,
0x00000175f2b2c6f0, 0x00000175f2b2cfc0, 0x00000175f2b2d890, 0x00000175f2b2e490,
0x00000175f2c3cfd0, 0x00000175f2c3d8e0, 0x00000175f2d4a8e0, 0x00000175f2e2eba0,
0x00000175f9b7f5d0, 0x00000175f8184d70, 0x00000175f93a4240, 0x00000175f8f44020,
0x00000175f9624f10, 0x00000175f8064370, 0x00000175f80639c0, 0x00000175f8a234e0,
0x00000175f8a23f00, 0x00000175f8a24e30, 0x00000175f8a24410, 0x00000175f8a225b0,
0x00000175f8a24920, 0x00000175f8a21b90, 0x00000175f8a220a0, 0x00000175f8a239f0,
0x00000175f8a22ac0, 0x00000175f8a22fd0, 0x00000175fa888870, 0x00000175fa887e50,
0x00000175fa889290, 0x00000175fa888360, 0x00000175fa886a10, 0x00000175fa887940,
0x00000175fa888d80, 0x00000175fa887430, 0x00000175fa8897a0, 0x00000175fa88a6d0,
0x00000175fa886f20, 0x00000175fa88abe0, 0x00000175fa88b0f0, 0x00000175fa88d460,
0x00000175fa88b600, 0x00000175fa88c020, 0x00000175fa889cb0, 0x00000175fa88ca40,
0x00000175fa88d970, 0x00000175fa88cf50, 0x00000175fa88bb10, 0x00000175fa88e390,
0x00000175fa88de80, 0x00000175fa88c530, 0x00000175fb9f94c0, 0x00000175fb9f7b70,
0x00000175fb9f9ee0, 0x00000175fb9f8aa0, 0x00000175fb9f8590, 0x00000175fb9fa3f0,
0x00000175fb9fa900, 0x00000175fb9f8080, 0x00000175fb9f7660, 0x00000175fb9fae10,
0x00000175fb9fb320, 0x00000175fb9fb830, 0x00000175fb9f8fb0, 0x00000175fb9fbd40,
0x00000175fb9fc250, 0x00000175fb9fead0, 0x00000175fb9fd180, 0x00000175fb9fefe0,
0x00000175fb9fe0b0, 0x00000175fd1146e0, 0x00000175fd114bf0, 0x00000175fc614ab0,
0x00000175fcca5300, 0x00000175fcca5d20, 0x00000175fcca6230, 0x00000175fcca2a80,
0x00000175fcca6c50, 0x00000175fcca85a0, 0x00000175fcca7160, 0x00000175fcca6740,
0x00000175fcca7670, 0x00000175fcca7b80, 0x00000175fcca8090, 0x00000175fb85c6d0,
0x00000175fd1132a0, 0x00000175fd1137b0, 0x00000175fd113cc0, 0x00000175fd1141d0,
0x00000175fe37a7c0, 0x00000175fe37c110, 0x00000175fe379380, 0x00000175fe37acd0,
0x00000175fe37b1e0, 0x00000175f99ec610, 0x00000175f99ecb20, 0x00000175fe064e80,
0x00000175f9ee4330, 0x00000175fe064970, 0x00000175fcca8ab0, 0x00000175fc613b80,
0x00000175c12f6ea0, 0x00000175f99ed030, 0x00000175f99ed540, 0x00000175fd821cd0,
0x00000175f9ee3910, 0x00000175f9ee4840, 0x00000175fd8226f0, 0x00000175fd822c00,
0x00000175fe092e00, 0x00000175fe094750, 0x00000175fe093310, 0x00000175fe093d30,
0x00000175fe093820, 0x00000175fe094240, 0x00000175c1722b50, 0x00000175c1723060,
0x00000175c1722640, 0x00000175fe067400, 0x00000175fe93e300, 0x00000175fe93d8e0,
0x00000175fe93b060, 0x00000175fe93e810, 0x00000175fe93b570, 0x00000175fe93bf90,
0x00000175fe93ddf0, 0x00000175f9ee3400, 0x00000175f9ee2ef0, 0x00000175c1284e60,
0x00000175c12871d0, 0x00000175c1284440, 0x00000175c1285370, 0x00000175fc613160,
0x00000175fc614090, 0x00000175fe37a2b0, 0x00000175fe379890, 0x00000175fe37b6f0,
0x00000175fec69360, 0x00000175fec69870, 0x00000175c1721c20, 0x00000175c1723a80,
0x00000175fd5ed500, 0x00000175fcca8fc0, 0x00000175fe379da0, 0x00000175fe37c620,
0x00000175fe37bc00, 0x00000175fe4fb090, 0x00000175fe4fa160, 0x00000175fe4fb5a0,
0x00000175fd823110, 0x00000175fd5ee940, 0x00000175fd5eda10, 0x00000175fe93c4a0,
0x00000175fe237510, 0x00000175fe238440, 0x00000175c17207e0, 0x00000175fef72380,
0x00000175fd5ec0c0, 0x00000175fd5ec5d0, 0x00000175fd5ef360, 0x00000175fd5eee50,
0x00000175fd5ef870, 0x00000175fd5ee430, 0x00000175fd5edf20, 0x00000175fd5ecae0,
0x00000175fd5ecff0, 0x00000175fdccc7d0, 0x00000175fdccfa70, 0x00000175fef72890,
0x00000175fe692f10, 0x00000175fe6924f0, 0x00000175fe691fe0, 0x00000175fe6910b0,
0x00000175fe693420, 0x00000175fe693e40, 0x00000175fe694350, 0x00000175fe693930,
0x00000175fe694860, 0x00000175fe6915c0, 0x00000175fe692a00, 0x00000175fd0a37c0,
0x00000175fc887b00, 0x00000175fe4fbab0, 0x00000175fe4fa670, 0x00000175fe4fab80,
0x00000175fe37cb30, 0x00000175f94592d0, 0x00000175f945b640, 0x00000175f945ac20,
0x00000175f945bb50, 0x00000175c1723570, 0x00000175c1722130, 0x00000175c17202d0,
0x00000175c12876e0, 0x00000175c1286cc0, 0x00000175c1283f30, 0x00000175c1284950,
0x00000175c1285d90, 0x00000175c12867b0, 0x00000175c12862a0, 0x00000175c1720cf0,
0x00000175c1721200, 0x00000175c1721710, 0x00000175c115bd90, 0x00000175fef74c00,
0x00000175f945c060, 0x00000175f94588b0, 0x00000175fef72da0, 0x00000175fef741e0,
0x00000175fef73cd0, 0x00000175fef732b0, 0x00000175fef737c0, 0x00000175fef746f0,
0x00000175fef75620, 0x00000175fcff14e0
}

Java Threads: ( => current thread )
  0x00000175d42204d0 JavaThread "main" [_thread_blocked, id=5660, stack(0x000000085bd00000,0x000000085be00000)]
  0x00000175f2b085d0 JavaThread "Reference Handler" daemon [_thread_blocked, id=8548, stack(0x000000085c400000,0x000000085c500000)]
  0x00000175f2b090a0 JavaThread "Finalizer" daemon [_thread_blocked, id=17068, stack(0x000000085c500000,0x000000085c600000)]
  0x00000175f2b2be20 JavaThread "Signal Dispatcher" daemon [_thread_blocked, id=17972, stack(0x000000085c600000,0x000000085c700000)]
  0x00000175f2b2c6f0 JavaThread "Attach Listener" daemon [_thread_blocked, id=16456, stack(0x000000085c700000,0x000000085c800000)]
  0x00000175f2b2cfc0 JavaThread "Service Thread" daemon [_thread_blocked, id=13436, stack(0x000000085c800000,0x000000085c900000)]
  0x00000175f2b2d890 JavaThread "Monitor Deflation Thread" daemon [_thread_blocked, id=15444, stack(0x000000085c900000,0x000000085ca00000)]
  0x00000175f2b2e490 JavaThread "C2 CompilerThread0" daemon [_thread_in_native, id=25240, stack(0x000000085ca00000,0x000000085cb00000)]
  0x00000175f2c3cfd0 JavaThread "C1 CompilerThread0" daemon [_thread_in_vm, id=24828, stack(0x000000085cb00000,0x000000085cc00000)]
  0x00000175f2c3d8e0 JavaThread "Sweeper thread" daemon [_thread_blocked, id=11468, stack(0x000000085cc00000,0x000000085cd00000)]
  0x00000175f2d4a8e0 JavaThread "Common-Cleaner" daemon [_thread_blocked, id=15284, stack(0x000000085cd00000,0x000000085ce00000)]
  0x00000175f2e2eba0 JavaThread "Notification Thread" daemon [_thread_blocked, id=19428, stack(0x000000085ce00000,0x000000085cf00000)]
  0x00000175f9b7f5d0 JavaThread "Daemon health stats" [_thread_blocked, id=21216, stack(0x000000085db00000,0x000000085dc00000)]
  0x00000175f8184d70 JavaThread "Incoming local TCP Connector on port 55582" [_thread_in_native, id=16668, stack(0x000000085dc00000,0x000000085dd00000)]
  0x00000175f93a4240 JavaThread "Daemon periodic checks" [_thread_blocked, id=4668, stack(0x000000085dd00000,0x000000085de00000)]
  0x00000175f8f44020 JavaThread "Daemon" [_thread_blocked, id=24548, stack(0x000000085de00000,0x000000085df00000)]
  0x00000175f9624f10 JavaThread "Handler for socket connection from /127.0.0.1:55582 to /127.0.0.1:55583" [_thread_in_native, id=4940, stack(0x000000085df00000,0x000000085e000000)]
  0x00000175f8064370 JavaThread "Cancel handler" [_thread_blocked, id=21760, stack(0x000000085e000000,0x000000085e100000)]
  0x00000175f80639c0 JavaThread "Daemon worker" [_thread_blocked, id=18072, stack(0x000000085e100000,0x000000085e200000)]
  0x00000175f8a234e0 JavaThread "Asynchronous log dispatcher for DefaultDaemonConnection: socket connection from /127.0.0.1:55582 to /127.0.0.1:55583" [_thread_blocked, id=14052, stack(0x000000085e200000,0x000000085e300000)]
  0x00000175f8a23f00 JavaThread "Stdin handler" [_thread_blocked, id=3716, stack(0x000000085e300000,0x000000085e400000)]
  0x00000175f8a24e30 JavaThread "Daemon client event forwarder" [_thread_blocked, id=14776, stack(0x000000085e400000,0x000000085e500000)]
  0x00000175f8a24410 JavaThread "Cache worker for journal cache (C:\Users\namsu\.gradle\caches\journal-1)" [_thread_blocked, id=7268, stack(0x000000085e500000,0x000000085e600000)]
  0x00000175f8a225b0 JavaThread "File lock request listener" [_thread_in_native, id=11608, stack(0x000000085e600000,0x000000085e700000)]
  0x00000175f8a24920 JavaThread "Cache worker for file hash cache (C:\Users\namsu\.gradle\caches\8.2\fileHashes)" [_thread_blocked, id=9288, stack(0x000000085e700000,0x000000085e800000)]
  0x00000175f8a21b90 JavaThread "File watcher server" daemon [_thread_in_native, id=24560, stack(0x000000085e800000,0x000000085e900000)]
  0x00000175f8a220a0 JavaThread "File watcher consumer" daemon [_thread_blocked, id=12384, stack(0x000000085e900000,0x000000085ea00000)]
  0x00000175f8a239f0 JavaThread "Cache worker for checksums cache (C:\Users\namsu\AndroidStudioProjects\RetroMusic\.gradle\8.2\checksums)" [_thread_blocked, id=11684, stack(0x000000085ea00000,0x000000085eb00000)]
  0x00000175f8a22ac0 JavaThread "Cache worker for cache directory md-rule (C:\Users\namsu\.gradle\caches\8.2\md-rule)" [_thread_blocked, id=20616, stack(0x000000085eb00000,0x000000085ec00000)]
  0x00000175f8a22fd0 JavaThread "Cache worker for file content cache (C:\Users\namsu\.gradle\caches\8.2\fileContent)" [_thread_blocked, id=6876, stack(0x000000085ec00000,0x000000085ed00000)]
  0x00000175fa888870 JavaThread "Cache worker for file hash cache (C:\Users\namsu\AndroidStudioProjects\RetroMusic\.gradle\8.2\fileHashes)" [_thread_blocked, id=13592, stack(0x000000085ef00000,0x000000085f000000)]
  0x00000175fa887e50 JavaThread "Cache worker for cache directory md-supplier (C:\Users\namsu\.gradle\caches\8.2\md-supplier)" [_thread_blocked, id=9412, stack(0x000000085f000000,0x000000085f100000)]
  0x00000175fa889290 JavaThread "Cache worker for execution history cache (C:\Users\namsu\.gradle\caches\8.2\executionHistory)" [_thread_blocked, id=14460, stack(0x000000085f100000,0x000000085f200000)]
  0x00000175fa888360 JavaThread "Cache worker for kotlin-dsl (C:\Users\namsu\.gradle\caches\8.2\kotlin-dsl)" [_thread_blocked, id=8272, stack(0x000000085f200000,0x000000085f300000)]
  0x00000175fa886a10 JavaThread "jar transforms" [_thread_blocked, id=15400, stack(0x000000085f300000,0x000000085f400000)]
  0x00000175fa887940 JavaThread "jar transforms Thread 2" [_thread_blocked, id=18792, stack(0x000000085f400000,0x000000085f500000)]
  0x00000175fa888d80 JavaThread "jar transforms Thread 3" [_thread_blocked, id=1752, stack(0x000000085f500000,0x000000085f600000)]
  0x00000175fa887430 JavaThread "jar transforms Thread 4" [_thread_blocked, id=13300, stack(0x000000085f600000,0x000000085f700000)]
  0x00000175fa8897a0 JavaThread "Cache worker for dependencies-accessors (C:\Users\namsu\AndroidStudioProjects\RetroMusic\.gradle\8.2\dependencies-accessors)" [_thread_blocked, id=2944, stack(0x000000085f700000,0x000000085f800000)]
  0x00000175fa88a6d0 JavaThread "Cache worker for Build Output Cleanup Cache (C:\Users\namsu\AndroidStudioProjects\RetroMusic\.gradle\buildOutputCleanup)" [_thread_blocked, id=2420, stack(0x000000085f800000,0x000000085f900000)]
  0x00000175fa886f20 JavaThread "jar transforms Thread 5" [_thread_blocked, id=2908, stack(0x000000085f900000,0x000000085fa00000)]
  0x00000175fa88abe0 JavaThread "jar transforms Thread 6" [_thread_blocked, id=19580, stack(0x000000085fa00000,0x000000085fb00000)]
  0x00000175fa88b0f0 JavaThread "Unconstrained build operations" [_thread_blocked, id=17460, stack(0x000000085fb00000,0x000000085fc00000)]
  0x00000175fa88d460 JavaThread "Unconstrained build operations Thread 2" [_thread_blocked, id=14132, stack(0x000000085fc00000,0x000000085fd00000)]
  0x00000175fa88b600 JavaThread "Unconstrained build operations Thread 3" [_thread_blocked, id=18380, stack(0x000000085fd00000,0x000000085fe00000)]
  0x00000175fa88c020 JavaThread "Unconstrained build operations Thread 4" [_thread_blocked, id=2380, stack(0x000000085fe00000,0x000000085ff00000)]
  0x00000175fa889cb0 JavaThread "Unconstrained build operations Thread 5" [_thread_blocked, id=5920, stack(0x000000085ff00000,0x0000000860000000)]
  0x00000175fa88ca40 JavaThread "Unconstrained build operations Thread 6" [_thread_blocked, id=11112, stack(0x0000000860000000,0x0000000860100000)]
  0x00000175fa88d970 JavaThread "Unconstrained build operations Thread 7" [_thread_blocked, id=15136, stack(0x0000000860100000,0x0000000860200000)]
  0x00000175fa88cf50 JavaThread "Unconstrained build operations Thread 8" [_thread_blocked, id=16260, stack(0x0000000860200000,0x0000000860300000)]
  0x00000175fa88bb10 JavaThread "Unconstrained build operations Thread 9" [_thread_blocked, id=6656, stack(0x0000000860300000,0x0000000860400000)]
  0x00000175fa88e390 JavaThread "Unconstrained build operations Thread 10" [_thread_blocked, id=7784, stack(0x0000000860400000,0x0000000860500000)]
  0x00000175fa88de80 JavaThread "Unconstrained build operations Thread 11" [_thread_blocked, id=17940, stack(0x0000000860500000,0x0000000860600000)]
  0x00000175fa88c530 JavaThread "jar transforms Thread 7" [_thread_blocked, id=19196, stack(0x0000000860600000,0x0000000860700000)]
  0x00000175fb9f94c0 JavaThread "jar transforms Thread 8" [_thread_blocked, id=24744, stack(0x0000000860700000,0x0000000860800000)]
  0x00000175fb9f7b70 JavaThread "jar transforms Thread 9" [_thread_blocked, id=8172, stack(0x0000000860800000,0x0000000860900000)]
  0x00000175fb9f9ee0 JavaThread "jar transforms Thread 10" [_thread_blocked, id=25000, stack(0x0000000860900000,0x0000000860a00000)]
  0x00000175fb9f8aa0 JavaThread "jar transforms Thread 11" [_thread_blocked, id=12348, stack(0x0000000860a00000,0x0000000860b00000)]
  0x00000175fb9f8590 JavaThread "jar transforms Thread 12" [_thread_blocked, id=18688, stack(0x0000000860b00000,0x0000000860c00000)]
  0x00000175fb9fa3f0 JavaThread "Unconstrained build operations Thread 12" [_thread_blocked, id=10180, stack(0x0000000860c00000,0x0000000860d00000)]
  0x00000175fb9fa900 JavaThread "Unconstrained build operations Thread 13" [_thread_blocked, id=24972, stack(0x0000000860d00000,0x0000000860e00000)]
  0x00000175fb9f8080 JavaThread "Unconstrained build operations Thread 14" [_thread_blocked, id=14716, stack(0x0000000860e00000,0x0000000860f00000)]
  0x00000175fb9f7660 JavaThread "Unconstrained build operations Thread 15" [_thread_blocked, id=18592, stack(0x0000000860f00000,0x0000000861000000)]
  0x00000175fb9fae10 JavaThread "Unconstrained build operations Thread 16" [_thread_blocked, id=7064, stack(0x0000000861000000,0x0000000861100000)]
  0x00000175fb9fb320 JavaThread "Unconstrained build operations Thread 17" [_thread_blocked, id=1124, stack(0x0000000861100000,0x0000000861200000)]
  0x00000175fb9fb830 JavaThread "Unconstrained build operations Thread 18" [_thread_blocked, id=10484, stack(0x0000000861200000,0x0000000861300000)]
  0x00000175fb9f8fb0 JavaThread "Unconstrained build operations Thread 19" [_thread_blocked, id=4684, stack(0x0000000861300000,0x0000000861400000)]
  0x00000175fb9fbd40 JavaThread "Unconstrained build operations Thread 20" [_thread_blocked, id=13416, stack(0x0000000861400000,0x0000000861500000)]
  0x00000175fb9fc250 JavaThread "Unconstrained build operations Thread 21" [_thread_blocked, id=15100, stack(0x0000000861500000,0x0000000861600000)]
  0x00000175fb9fead0 JavaThread "Unconstrained build operations Thread 22" [_thread_blocked, id=5812, stack(0x0000000861600000,0x0000000861700000)]
  0x00000175fb9fd180 JavaThread "build event listener" [_thread_blocked, id=19420, stack(0x0000000861c00000,0x0000000861d00000)]
  0x00000175fb9fefe0 JavaThread "Memory manager" [_thread_blocked, id=15868, stack(0x0000000861d00000,0x0000000861e00000)]
  0x00000175fb9fe0b0 JavaThread "build event listener" [_thread_blocked, id=7120, stack(0x0000000861e00000,0x0000000861f00000)]
  0x00000175fd1146e0 JavaThread "pool-3-thread-1" [_thread_blocked, id=14644, stack(0x0000000861f00000,0x0000000862000000)]
  0x00000175fd114bf0 JavaThread "build event listener" [_thread_blocked, id=2992, stack(0x0000000862000000,0x0000000862100000)]
  0x00000175fc614ab0 JavaThread "included builds" [_thread_blocked, id=15448, stack(0x0000000862100000,0x0000000862200000)]
  0x00000175fcca5300 JavaThread "Execution worker" [_thread_blocked, id=23856, stack(0x0000000862200000,0x0000000862300000)]
  0x00000175fcca5d20 JavaThread "Execution worker Thread 2" [_thread_blocked, id=11348, stack(0x0000000862300000,0x0000000862400000)]
  0x00000175fcca6230 JavaThread "Execution worker Thread 3" [_thread_blocked, id=17360, stack(0x0000000862400000,0x0000000862500000)]
  0x00000175fcca2a80 JavaThread "Execution worker Thread 4" [_thread_blocked, id=22480, stack(0x0000000862500000,0x0000000862600000)]
  0x00000175fcca6c50 JavaThread "Execution worker Thread 5" [_thread_blocked, id=12484, stack(0x0000000862600000,0x0000000862700000)]
  0x00000175fcca85a0 JavaThread "Execution worker Thread 6" [_thread_blocked, id=6516, stack(0x0000000862700000,0x0000000862800000)]
  0x00000175fcca7160 JavaThread "Execution worker Thread 7" [_thread_blocked, id=2372, stack(0x0000000862800000,0x0000000862900000)]
  0x00000175fcca6740 JavaThread "Execution worker Thread 8" [_thread_blocked, id=23580, stack(0x0000000862900000,0x0000000862a00000)]
  0x00000175fcca7670 JavaThread "Execution worker Thread 9" [_thread_blocked, id=25012, stack(0x0000000862a00000,0x0000000862b00000)]
  0x00000175fcca7b80 JavaThread "Execution worker Thread 10" [_thread_in_Java, id=10664, stack(0x0000000862b00000,0x0000000862c00000)]
  0x00000175fcca8090 JavaThread "Execution worker Thread 11" [_thread_blocked, id=22896, stack(0x0000000862c00000,0x0000000862d00000)]
  0x00000175fb85c6d0 JavaThread "Cache worker for execution history cache (C:\Users\namsu\AndroidStudioProjects\RetroMusic\.gradle\8.2\executionHistory)" [_thread_blocked, id=19208, stack(0x0000000862d00000,0x0000000862e00000)]
  0x00000175fd1132a0 JavaThread "Unconstrained build operations Thread 23" [_thread_blocked, id=1148, stack(0x0000000862e00000,0x0000000862f00000)]
  0x00000175fd1137b0 JavaThread "Unconstrained build operations Thread 24" [_thread_blocked, id=9716, stack(0x0000000862f00000,0x0000000863000000)]
  0x00000175fd113cc0 JavaThread "Unconstrained build operations Thread 25" [_thread_blocked, id=19884, stack(0x0000000863000000,0x0000000863100000)]
  0x00000175fd1141d0 JavaThread "Unconstrained build operations Thread 26" [_thread_blocked, id=16348, stack(0x0000000863100000,0x0000000863200000)]
  0x00000175fe37a7c0 JavaThread "Unconstrained build operations Thread 27" [_thread_blocked, id=5520, stack(0x0000000863200000,0x0000000863300000)]
  0x00000175fe37c110 JavaThread "Unconstrained build operations Thread 28" [_thread_blocked, id=20720, stack(0x0000000863300000,0x0000000863400000)]
  0x00000175fe379380 JavaThread "Unconstrained build operations Thread 29" [_thread_blocked, id=23076, stack(0x0000000863400000,0x0000000863500000)]
  0x00000175fe37acd0 JavaThread "Unconstrained build operations Thread 30" [_thread_blocked, id=22792, stack(0x0000000863500000,0x0000000863600000)]
  0x00000175fe37b1e0 JavaThread "Unconstrained build operations Thread 31" [_thread_blocked, id=25404, stack(0x0000000863600000,0x0000000863700000)]
  0x00000175f99ec610 JavaThread "Unconstrained build operations Thread 32" [_thread_blocked, id=22300, stack(0x0000000863700000,0x0000000863800000)]
  0x00000175f99ecb20 JavaThread "Unconstrained build operations Thread 33" [_thread_blocked, id=14124, stack(0x0000000863800000,0x0000000863900000)]
  0x00000175fe064e80 JavaThread "Unconstrained build operations Thread 34" [_thread_blocked, id=22052, stack(0x0000000863900000,0x0000000863a00000)]
  0x00000175f9ee4330 JavaThread "WorkerExecutor Queue Thread 2" [_thread_blocked, id=20976, stack(0x0000000863b00000,0x0000000863c00000)]
  0x00000175fe064970 JavaThread "WorkerExecutor Queue Thread 3" [_thread_blocked, id=412, stack(0x0000000863c00000,0x0000000863d00000)]
  0x00000175fcca8ab0 JavaThread "Unconstrained build operations Thread 35" [_thread_blocked, id=13008, stack(0x0000000863d00000,0x0000000863e00000)]
  0x00000175fc613b80 JavaThread "WorkerExecutor Queue Thread 4" [_thread_blocked, id=23640, stack(0x0000000863e00000,0x0000000863f00000)]
  0x00000175c12f6ea0 JavaThread "WorkerExecutor Queue Thread 5" [_thread_blocked, id=2784, stack(0x0000000863f00000,0x0000000864000000)]
  0x00000175f99ed030 JavaThread "WorkerExecutor Queue Thread 6" [_thread_blocked, id=11672, stack(0x0000000864000000,0x0000000864100000)]
  0x00000175f99ed540 JavaThread "WorkerExecutor Queue Thread 7" [_thread_blocked, id=10764, stack(0x0000000864100000,0x0000000864200000)]
  0x00000175fd821cd0 JavaThread "WorkerExecutor Queue Thread 8" [_thread_blocked, id=1720, stack(0x0000000864200000,0x0000000864300000)]
  0x00000175f9ee3910 JavaThread "WorkerExecutor Queue Thread 9" [_thread_blocked, id=1820, stack(0x0000000864300000,0x0000000864400000)]
  0x00000175f9ee4840 JavaThread "WorkerExecutor Queue Thread 11" [_thread_blocked, id=9776, stack(0x0000000864500000,0x0000000864600000)]
  0x00000175fd8226f0 JavaThread "WorkerExecutor Queue Thread 12" [_thread_blocked, id=13120, stack(0x0000000864600000,0x0000000864700000)]
  0x00000175fd822c00 JavaThread "WorkerExecutor Queue Thread 13" [_thread_blocked, id=12572, stack(0x0000000864700000,0x0000000864800000)]
  0x00000175fe092e00 JavaThread "Unconstrained build operations Thread 36" [_thread_blocked, id=25424, stack(0x0000000864800000,0x0000000864900000)]
  0x00000175fe094750 JavaThread "Unconstrained build operations Thread 37" [_thread_blocked, id=18668, stack(0x0000000864900000,0x0000000864a00000)]
  0x00000175fe093310 JavaThread "Unconstrained build operations Thread 38" [_thread_blocked, id=5040, stack(0x0000000864a00000,0x0000000864b00000)]
  0x00000175fe093d30 JavaThread "Unconstrained build operations Thread 39" [_thread_blocked, id=22128, stack(0x0000000864b00000,0x0000000864c00000)]
  0x00000175fe093820 JavaThread "Unconstrained build operations Thread 40" [_thread_blocked, id=11144, stack(0x0000000864c00000,0x0000000864d00000)]
  0x00000175fe094240 JavaThread "Unconstrained build operations Thread 41" [_thread_blocked, id=4416, stack(0x0000000864d00000,0x0000000864e00000)]
  0x00000175c1722b50 JavaThread "Unconstrained build operations Thread 42" [_thread_blocked, id=20816, stack(0x0000000864e00000,0x0000000864f00000)]
  0x00000175c1723060 JavaThread "Unconstrained build operations Thread 43" [_thread_blocked, id=19228, stack(0x0000000864f00000,0x0000000865000000)]
  0x00000175c1722640 JavaThread "Unconstrained build operations Thread 44" [_thread_blocked, id=15204, stack(0x0000000865000000,0x0000000865100000)]
  0x00000175fe067400 JavaThread "Unconstrained build operations Thread 45" [_thread_blocked, id=15156, stack(0x0000000865100000,0x0000000865200000)]
  0x00000175fe93e300 JavaThread "Unconstrained build operations Thread 46" [_thread_blocked, id=12836, stack(0x0000000865200000,0x0000000865300000)]
  0x00000175fe93d8e0 JavaThread "Unconstrained build operations Thread 47" [_thread_blocked, id=4440, stack(0x0000000865300000,0x0000000865400000)]
  0x00000175fe93b060 JavaThread "Unconstrained build operations Thread 48" [_thread_blocked, id=944, stack(0x0000000865400000,0x0000000865500000)]
  0x00000175fe93e810 JavaThread "Unconstrained build operations Thread 49" [_thread_blocked, id=11000, stack(0x0000000865500000,0x0000000865600000)]
  0x00000175fe93b570 JavaThread "Unconstrained build operations Thread 50" [_thread_blocked, id=24788, stack(0x0000000865600000,0x0000000865700000)]
  0x00000175fe93bf90 JavaThread "Unconstrained build operations Thread 51" [_thread_blocked, id=5828, stack(0x0000000865700000,0x0000000865800000)]
  0x00000175fe93ddf0 JavaThread "Unconstrained build operations Thread 52" [_thread_blocked, id=6500, stack(0x0000000865800000,0x0000000865900000)]
  0x00000175f9ee3400 JavaThread "Unconstrained build operations Thread 53" [_thread_in_Java, id=13896, stack(0x0000000865900000,0x0000000865a00000)]
  0x00000175f9ee2ef0 JavaThread "Unconstrained build operations Thread 54" [_thread_blocked, id=13220, stack(0x0000000865a00000,0x0000000865b00000)]
  0x00000175c1284e60 JavaThread "Unconstrained build operations Thread 55" [_thread_in_Java, id=13908, stack(0x0000000865b00000,0x0000000865c00000)]
  0x00000175c12871d0 JavaThread "Unconstrained build operations Thread 56" [_thread_in_Java, id=13144, stack(0x0000000865c00000,0x0000000865d00000)]
  0x00000175c1284440 JavaThread "Unconstrained build operations Thread 57" [_thread_blocked, id=15568, stack(0x0000000865d00000,0x0000000865e00000)]
  0x00000175c1285370 JavaThread "Unconstrained build operations Thread 58" [_thread_in_Java, id=3592, stack(0x0000000865e00000,0x0000000865f00000)]
  0x00000175fc613160 JavaThread "Unconstrained build operations Thread 59" [_thread_blocked, id=8128, stack(0x0000000865f00000,0x0000000866000000)]
  0x00000175fc614090 JavaThread "Unconstrained build operations Thread 60" [_thread_blocked, id=9816, stack(0x0000000866000000,0x0000000866100000)]
  0x00000175fe37a2b0 JavaThread "Unconstrained build operations Thread 61" [_thread_in_vm, id=19408, stack(0x0000000866100000,0x0000000866200000)]
  0x00000175fe379890 JavaThread "Unconstrained build operations Thread 62" [_thread_in_native, id=13672, stack(0x0000000866200000,0x0000000866300000)]
  0x00000175fe37b6f0 JavaThread "Unconstrained build operations Thread 63" [_thread_blocked, id=9592, stack(0x0000000866300000,0x0000000866400000)]
  0x00000175fec69360 JavaThread "Unconstrained build operations Thread 64" [_thread_in_Java, id=2828, stack(0x0000000866400000,0x0000000866500000)]
  0x00000175fec69870 JavaThread "Unconstrained build operations Thread 65" [_thread_in_Java, id=15824, stack(0x0000000866500000,0x0000000866600000)]
  0x00000175c1721c20 JavaThread "RMI Scheduler(0)" daemon [_thread_blocked, id=9924, stack(0x0000000866600000,0x0000000866700000)]
  0x00000175c1723a80 JavaThread "RMI RenewClean-[127.0.0.1:17652,org.jetbrains.kotlin.daemon.common.LoopbackNetworkInterface$ClientLoopbackSocketFactory@16013004]" daemon [_thread_blocked, id=17232, stack(0x0000000866700000,0x0000000866800000)]
  0x00000175fd5ed500 JavaThread "RMI GC Daemon" daemon [_thread_blocked, id=14212, stack(0x0000000866800000,0x0000000866900000)]
  0x00000175fcca8fc0 JavaThread "Unconstrained build operations Thread 66" [_thread_blocked, id=14424, stack(0x0000000866900000,0x0000000866a00000)]
  0x00000175fe379da0 JavaThread "Unconstrained build operations Thread 67" [_thread_blocked, id=6428, stack(0x0000000866a00000,0x0000000866b00000)]
  0x00000175fe37c620 JavaThread "Unconstrained build operations Thread 68" [_thread_blocked, id=23636, stack(0x0000000866b00000,0x0000000866c00000)]
  0x00000175fe37bc00 JavaThread "Unconstrained build operations Thread 69" [_thread_blocked, id=24900, stack(0x0000000866c00000,0x0000000866d00000)]
  0x00000175fe4fb090 JavaThread "Unconstrained build operations Thread 70" [_thread_blocked, id=13720, stack(0x0000000866d00000,0x0000000866e00000)]
  0x00000175fe4fa160 JavaThread "Unconstrained build operations Thread 71" [_thread_blocked, id=18828, stack(0x0000000866e00000,0x0000000866f00000)]
  0x00000175fe4fb5a0 JavaThread "Unconstrained build operations Thread 72" [_thread_blocked, id=24872, stack(0x0000000866f00000,0x0000000867000000)]
  0x00000175fd823110 JavaThread "Unconstrained build operations Thread 73" [_thread_blocked, id=812, stack(0x0000000867000000,0x0000000867100000)]
  0x00000175fd5ee940 JavaThread "Unconstrained build operations Thread 74" [_thread_blocked, id=25152, stack(0x0000000867100000,0x0000000867200000)]
  0x00000175fd5eda10 JavaThread "Unconstrained build operations Thread 75" [_thread_blocked, id=22684, stack(0x0000000867200000,0x0000000867300000)]
  0x00000175fe93c4a0 JavaThread "Unconstrained build operations Thread 76" [_thread_in_Java, id=15668, stack(0x0000000867300000,0x0000000867400000)]
  0x00000175fe237510 JavaThread "RMI TCP Accept-0" daemon [_thread_in_native, id=23756, stack(0x0000000867400000,0x0000000867500000)]
  0x00000175fe238440 JavaThread "RMI Reaper" [_thread_blocked, id=12252, stack(0x0000000867500000,0x0000000867600000)]
  0x00000175c17207e0 JavaThread "RMI TCP Connection(1)-127.0.0.1" daemon [_thread_in_native, id=19940, stack(0x0000000867600000,0x0000000867700000)]
  0x00000175fef72380 JavaThread "Cache worker for Java compile cache (C:\Users\namsu\.gradle\caches\8.2\javaCompile)" [_thread_blocked, id=22952, stack(0x0000000867900000,0x0000000867a00000)]
  0x00000175fd5ec0c0 JavaThread "Build operations" [_thread_blocked, id=22776, stack(0x0000000867a00000,0x0000000867b00000)]
  0x00000175fd5ec5d0 JavaThread "Build operations Thread 2" [_thread_blocked, id=21528, stack(0x0000000867b00000,0x0000000867c00000)]
  0x00000175fd5ef360 JavaThread "Build operations Thread 3" [_thread_blocked, id=14340, stack(0x0000000867c00000,0x0000000867d00000)]
  0x00000175fd5eee50 JavaThread "Build operations Thread 4" [_thread_blocked, id=14528, stack(0x0000000867d00000,0x0000000867e00000)]
  0x00000175fd5ef870 JavaThread "Build operations Thread 5" [_thread_blocked, id=14936, stack(0x0000000867e00000,0x0000000867f00000)]
  0x00000175fd5ee430 JavaThread "Build operations Thread 6" [_thread_blocked, id=16900, stack(0x0000000867f00000,0x0000000868000000)]
  0x00000175fd5edf20 JavaThread "Build operations Thread 7" [_thread_blocked, id=12528, stack(0x0000000868000000,0x0000000868100000)]
  0x00000175fd5ecae0 JavaThread "Build operations Thread 8" [_thread_blocked, id=4324, stack(0x0000000868100000,0x0000000868200000)]
  0x00000175fd5ecff0 JavaThread "Build operations Thread 9" [_thread_blocked, id=24240, stack(0x0000000868200000,0x0000000868300000)]
  0x00000175fdccc7d0 JavaThread "Build operations Thread 10" [_thread_blocked, id=1680, stack(0x0000000868300000,0x0000000868400000)]
  0x00000175fdccfa70 JavaThread "Build operations Thread 11" [_thread_blocked, id=14568, stack(0x0000000868400000,0x0000000868500000)]
  0x00000175fef72890 JavaThread "Unconstrained build operations Thread 77" [_thread_blocked, id=11020, stack(0x000000085d100000,0x000000085d200000)]
  0x00000175fe692f10 JavaThread "Unconstrained build operations Thread 78" [_thread_blocked, id=5940, stack(0x0000000868600000,0x0000000868700000)]
  0x00000175fe6924f0 JavaThread "Unconstrained build operations Thread 79" [_thread_blocked, id=20900, stack(0x0000000868700000,0x0000000868800000)]
  0x00000175fe691fe0 JavaThread "Unconstrained build operations Thread 80" [_thread_blocked, id=1048, stack(0x0000000868800000,0x0000000868900000)]
  0x00000175fe6910b0 JavaThread "Unconstrained build operations Thread 81" [_thread_blocked, id=13824, stack(0x0000000868900000,0x0000000868a00000)]
  0x00000175fe693420 JavaThread "Unconstrained build operations Thread 82" [_thread_blocked, id=14720, stack(0x0000000868a00000,0x0000000868b00000)]
  0x00000175fe693e40 JavaThread "Unconstrained build operations Thread 83" [_thread_blocked, id=10056, stack(0x0000000868b00000,0x0000000868c00000)]
  0x00000175fe694350 JavaThread "Unconstrained build operations Thread 84" [_thread_blocked, id=9952, stack(0x0000000868c00000,0x0000000868d00000)]
  0x00000175fe693930 JavaThread "Unconstrained build operations Thread 85" [_thread_blocked, id=14112, stack(0x0000000868d00000,0x0000000868e00000)]
  0x00000175fe694860 JavaThread "Unconstrained build operations Thread 86" [_thread_blocked, id=25396, stack(0x0000000868e00000,0x0000000868f00000)]
  0x00000175fe6915c0 JavaThread "Unconstrained build operations Thread 87" [_thread_blocked, id=8680, stack(0x0000000868f00000,0x0000000869000000)]
  0x00000175fe692a00 JavaThread "Unconstrained build operations Thread 88" [_thread_blocked, id=10172, stack(0x0000000869000000,0x0000000869100000)]
  0x00000175fd0a37c0 JavaThread "C2 CompilerThread1" daemon [_thread_in_native, id=19968, stack(0x000000085d000000,0x000000085d100000)]
=>0x00000175fc887b00 JavaThread "C2 CompilerThread2" daemon [_thread_in_native, id=20180, stack(0x0000000868500000,0x0000000868600000)]
  0x00000175fe4fbab0 JavaThread "Unconstrained build operations Thread 89" [_thread_blocked, id=9848, stack(0x0000000869300000,0x0000000869400000)]
  0x00000175fe4fa670 JavaThread "Unconstrained build operations Thread 90" [_thread_blocked, id=11876, stack(0x0000000869400000,0x0000000869500000)]
  0x00000175fe4fab80 JavaThread "Unconstrained build operations Thread 91" [_thread_blocked, id=10500, stack(0x0000000869500000,0x0000000869600000)]
  0x00000175fe37cb30 JavaThread "Unconstrained build operations Thread 92" [_thread_blocked, id=13540, stack(0x0000000869600000,0x0000000869700000)]
  0x00000175f94592d0 JavaThread "Unconstrained build operations Thread 93" [_thread_blocked, id=24296, stack(0x0000000869700000,0x0000000869800000)]
  0x00000175f945b640 JavaThread "Unconstrained build operations Thread 94" [_thread_blocked, id=132, stack(0x0000000869800000,0x0000000869900000)]
  0x00000175f945ac20 JavaThread "Unconstrained build operations Thread 95" [_thread_blocked, id=18528, stack(0x0000000869900000,0x0000000869a00000)]
  0x00000175f945bb50 JavaThread "Unconstrained build operations Thread 96" [_thread_blocked, id=14484, stack(0x0000000869a00000,0x0000000869b00000)]
  0x00000175c1723570 JavaThread "Unconstrained build operations Thread 97" [_thread_blocked, id=14504, stack(0x0000000869b00000,0x0000000869c00000)]
  0x00000175c1722130 JavaThread "Unconstrained build operations Thread 98" [_thread_blocked, id=10616, stack(0x0000000869c00000,0x0000000869d00000)]
  0x00000175c17202d0 JavaThread "Unconstrained build operations Thread 99" [_thread_blocked, id=24940, stack(0x0000000869d00000,0x0000000869e00000)]
  0x00000175c12876e0 JavaThread "Unconstrained build operations Thread 100" [_thread_blocked, id=11008, stack(0x0000000869e00000,0x0000000869f00000)]
  0x00000175c1286cc0 JavaThread "Unconstrained build operations Thread 101" [_thread_blocked, id=13764, stack(0x0000000869f00000,0x000000086a000000)]
  0x00000175c1283f30 JavaThread "Unconstrained build operations Thread 102" [_thread_blocked, id=8480, stack(0x000000086a000000,0x000000086a100000)]
  0x00000175c1284950 JavaThread "Unconstrained build operations Thread 103" [_thread_blocked, id=24820, stack(0x000000086a100000,0x000000086a200000)]
  0x00000175c1285d90 JavaThread "Unconstrained build operations Thread 104" [_thread_blocked, id=6928, stack(0x000000086a200000,0x000000086a300000)]
  0x00000175c12867b0 JavaThread "Unconstrained build operations Thread 105" [_thread_blocked, id=1748, stack(0x000000086a300000,0x000000086a400000)]
  0x00000175c12862a0 JavaThread "Unconstrained build operations Thread 106" [_thread_blocked, id=8488, stack(0x000000086a400000,0x000000086a500000)]
  0x00000175c1720cf0 JavaThread "Unconstrained build operations Thread 107" [_thread_blocked, id=14400, stack(0x000000086a500000,0x000000086a600000)]
  0x00000175c1721200 JavaThread "Unconstrained build operations Thread 108" [_thread_blocked, id=8760, stack(0x000000086a600000,0x000000086a700000)]
  0x00000175c1721710 JavaThread "Unconstrained build operations Thread 109" [_thread_blocked, id=1384, stack(0x000000086a700000,0x000000086a800000)]
  0x00000175c115bd90 JavaThread "Unconstrained build operations Thread 110" [_thread_blocked, id=18172, stack(0x000000086a800000,0x000000086a900000)]
  0x00000175fef74c00 JavaThread "Unconstrained build operations Thread 111" [_thread_blocked, id=20608, stack(0x000000086a900000,0x000000086aa00000)]
  0x00000175f945c060 JavaThread "Unconstrained build operations Thread 112" [_thread_blocked, id=13388, stack(0x000000086aa00000,0x000000086ab00000)]
  0x00000175f94588b0 JavaThread "Unconstrained build operations Thread 113" [_thread_blocked, id=25392, stack(0x000000086ab00000,0x000000086ac00000)]
  0x00000175fef72da0 JavaThread "Unconstrained build operations Thread 114" [_thread_blocked, id=7284, stack(0x000000086ac00000,0x000000086ad00000)]
  0x00000175fef741e0 JavaThread "Unconstrained build operations Thread 115" [_thread_blocked, id=23500, stack(0x000000086ad00000,0x000000086ae00000)]
  0x00000175fef73cd0 JavaThread "Unconstrained build operations Thread 116" [_thread_blocked, id=10412, stack(0x000000086ae00000,0x000000086af00000)]
  0x00000175fef732b0 JavaThread "Unconstrained build operations Thread 117" [_thread_blocked, id=24392, stack(0x000000086af00000,0x000000086b000000)]
  0x00000175fef737c0 JavaThread "Unconstrained build operations Thread 118" [_thread_blocked, id=5972, stack(0x000000086b000000,0x000000086b100000)]
  0x00000175fef746f0 JavaThread "Unconstrained build operations Thread 119" [_thread_blocked, id=4752, stack(0x000000086b100000,0x000000086b200000)]
  0x00000175fef75620 JavaThread "Unconstrained build operations Thread 120" [_thread_blocked, id=8496, stack(0x000000086b200000,0x000000086b300000)]
  0x00000175fcff14e0 JavaThread "WorkerExecutor Queue Thread 14" [_thread_blocked, id=13280, stack(0x000000086b300000,0x000000086b400000)]

Other Threads:
  0x00000175f2b00d40 VMThread "VM Thread" [stack: 0x000000085c300000,0x000000085c400000] [id=6952]
  0x00000175f2e65e40 WatcherThread [stack: 0x000000085cf00000,0x000000085d000000] [id=9624]
  0x00000175d427daa0 GCTaskThread "GC Thread#0" [stack: 0x000000085be00000,0x000000085bf00000] [id=22292]
  0x00000175f7da7e40 GCTaskThread "GC Thread#1" [stack: 0x000000085d200000,0x000000085d300000] [id=4124]
  0x00000175f75bc060 GCTaskThread "GC Thread#2" [stack: 0x000000085d300000,0x000000085d400000] [id=16240]
  0x00000175f75bc930 GCTaskThread "GC Thread#3" [stack: 0x000000085d400000,0x000000085d500000] [id=7936]
  0x00000175f75bcbf0 GCTaskThread "GC Thread#4" [stack: 0x000000085d500000,0x000000085d600000] [id=20576]
  0x00000175f737f0a0 GCTaskThread "GC Thread#5" [stack: 0x000000085d600000,0x000000085d700000] [id=20468]
  0x00000175f737f360 GCTaskThread "GC Thread#6" [stack: 0x000000085d700000,0x000000085d800000] [id=24656]
  0x00000175f777b2f0 GCTaskThread "GC Thread#7" [stack: 0x000000085d800000,0x000000085d900000] [id=23724]
  0x00000175f777b5b0 GCTaskThread "GC Thread#8" [stack: 0x000000085d900000,0x000000085da00000] [id=23504]
  0x00000175f777b870 GCTaskThread "GC Thread#9" [stack: 0x000000085da00000,0x000000085db00000] [id=22036]
  0x00000175d428ef10 ConcurrentGCThread "G1 Main Marker" [stack: 0x000000085bf00000,0x000000085c000000] [id=7076]
  0x00000175d428ffe0 ConcurrentGCThread "G1 Conc#0" [stack: 0x000000085c000000,0x000000085c100000] [id=23920]
  0x00000175fb5ff660 ConcurrentGCThread "G1 Conc#1" [stack: 0x000000085ed00000,0x000000085ee00000] [id=3960]
  0x00000175fb5fe8a0 ConcurrentGCThread "G1 Conc#2" [stack: 0x000000085ee00000,0x000000085ef00000] [id=23144]
  0x00000175f2a8bfd0 ConcurrentGCThread "G1 Refine#0" [stack: 0x000000085c100000,0x000000085c200000] [id=20284]
  0x00000175fb126f30 ConcurrentGCThread "G1 Refine#1" [stack: 0x0000000861700000,0x0000000861800000] [id=24276]
  0x00000175fb1283c0 ConcurrentGCThread "G1 Refine#2" [stack: 0x0000000861800000,0x0000000861900000] [id=20224]
  0x00000175fb127af0 ConcurrentGCThread "G1 Refine#3" [stack: 0x0000000861900000,0x0000000861a00000] [id=14972]
  0x00000175fb126370 ConcurrentGCThread "G1 Refine#4" [stack: 0x0000000861a00000,0x0000000861b00000] [id=9628]
  0x00000175fb1286b0 ConcurrentGCThread "G1 Refine#5" [stack: 0x0000000861b00000,0x0000000861c00000] [id=10688]
  0x00000175fbefd850 ConcurrentGCThread "G1 Refine#6" [stack: 0x0000000864400000,0x0000000864500000] [id=12552]
  0x00000175fcd00d30 ConcurrentGCThread "G1 Refine#7" [stack: 0x0000000867700000,0x0000000867800000] [id=13916]
  0x00000175fef66b50 ConcurrentGCThread "G1 Refine#8" [stack: 0x0000000867800000,0x0000000867900000] [id=18420]
  0x00000175f2a8d6c0 ConcurrentGCThread "G1 Service" [stack: 0x000000085c200000,0x000000085c300000] [id=11496]

Threads with active compile tasks:
C2 CompilerThread0    38978 26995 %     4       com.android.tools.r8.internal.Ia::a @ 5218 (6329 bytes)
C1 CompilerThread0    38979 29342       2       com.android.tools.r8.ir.regalloc.b::c (4041 bytes)
C2 CompilerThread1    38979 29352       4       java.util.stream.SortedOps$AbstractRefSortingSink::cancellationRequested (7 bytes)
C2 CompilerThread2    38979 26661 %     4       com.android.tools.r8.internal.Ia::a @ 2443 (4479 bytes)

VM state: not at safepoint (normal execution)

VM Mutex/Monitor currently owned by a thread: None

Heap address: 0x0000000080000000, size: 2048 MB, Compressed Oops mode: 32-bit

CDS archive(s) mapped at: [0x0000017580000000-0x0000017580bb0000-0x0000017580bb0000), size 12255232, SharedBaseAddress: 0x0000017580000000, ArchiveRelocationMode: 1.
Compressed class space mapped at: 0x0000017581000000-0x00000175c1000000, reserved size: 1073741824
Narrow klass base: 0x0000017580000000, Narrow klass shift: 0, Narrow klass range: 0x100000000

GC Precious Log:
 CPUs: 12 total, 12 available
 Memory: 32620M
 Large Page Support: Disabled
 NUMA Support: Disabled
 Compressed Oops: Enabled (32-bit)
 Heap Region Size: 1M
 Heap Min Capacity: 8M
 Heap Initial Capacity: 510M
 Heap Max Capacity: 2G
 Pre-touch: Disabled
 Parallel Workers: 10
 Concurrent Workers: 3
 Concurrent Refinement Workers: 10
 Periodic GC: Disabled

Heap:
 garbage-first heap   total 745472K, used 576872K [0x0000000080000000, 0x0000000100000000)
  region size 1024K, 31 young (31744K), 3 survivors (3072K)
 Metaspace       used 155968K, committed 157504K, reserved 1245184K
  class space    used 21084K, committed 21760K, reserved 1048576K

Heap Regions: E=young(eden), S=young(survivor), O=old, HS=humongous(starts), HC=humongous(continues), CS=collection set, F=free, OA=open archive, CA=closed archive, TAMS=top-at-mark-start (previous, next)
|   0|0x0000000080000000, 0x0000000080100000, 0x0000000080100000|100%|HS|  |TAMS 0x0000000080100000, 0x0000000080000000| Complete 
|   1|0x0000000080100000, 0x0000000080200000, 0x0000000080200000|100%|HC|  |TAMS 0x0000000080200000, 0x0000000080100000| Complete 
|   2|0x0000000080200000, 0x0000000080300000, 0x0000000080300000|100%|HC|  |TAMS 0x0000000080300000, 0x0000000080200000| Complete 
|   3|0x0000000080300000, 0x0000000080400000, 0x0000000080400000|100%|HC|  |TAMS 0x0000000080400000, 0x0000000080300000| Complete 
|   4|0x0000000080400000, 0x0000000080500000, 0x0000000080500000|100%| O|  |TAMS 0x0000000080500000, 0x0000000080400000| Untracked 
|   5|0x0000000080500000, 0x0000000080600000, 0x0000000080600000|100%| O|  |TAMS 0x0000000080600000, 0x0000000080500000| Untracked 
|   6|0x0000000080600000, 0x0000000080700000, 0x0000000080700000|100%| O|  |TAMS 0x0000000080700000, 0x0000000080600000| Untracked 
|   7|0x0000000080700000, 0x0000000080800000, 0x0000000080800000|100%| O|  |TAMS 0x0000000080800000, 0x0000000080700000| Untracked 
|   8|0x0000000080800000, 0x0000000080900000, 0x0000000080900000|100%| O|  |TAMS 0x0000000080900000, 0x0000000080800000| Untracked 
|   9|0x0000000080900000, 0x0000000080a00000, 0x0000000080a00000|100%| O|  |TAMS 0x0000000080a00000, 0x0000000080900000| Untracked 
|  10|0x0000000080a00000, 0x0000000080b00000, 0x0000000080b00000|100%| O|  |TAMS 0x0000000080b00000, 0x0000000080a00000| Untracked 
|  11|0x0000000080b00000, 0x0000000080b83200, 0x0000000080c00000| 51%| O|  |TAMS 0x0000000080b83200, 0x0000000080b00000| Untracked 
|  12|0x0000000080c00000, 0x0000000080d00000, 0x0000000080d00000|100%| O|  |TAMS 0x0000000080d00000, 0x0000000080c00000| Untracked 
|  13|0x0000000080d00000, 0x0000000080e00000, 0x0000000080e00000|100%| O|  |TAMS 0x0000000080e00000, 0x0000000080d00000| Untracked 
|  14|0x0000000080e00000, 0x0000000080f00000, 0x0000000080f00000|100%| O|  |TAMS 0x0000000080f00000, 0x0000000080e00000| Untracked 
|  15|0x0000000080f00000, 0x0000000081000000, 0x0000000081000000|100%| O|  |TAMS 0x0000000081000000, 0x0000000080f00000| Untracked 
|  16|0x0000000081000000, 0x0000000081100000, 0x0000000081100000|100%| O|  |TAMS 0x0000000081100000, 0x0000000081000000| Untracked 
|  17|0x0000000081100000, 0x0000000081200000, 0x0000000081200000|100%| O|  |TAMS 0x0000000081200000, 0x0000000081100000| Untracked 
|  18|0x0000000081200000, 0x0000000081300000, 0x0000000081300000|100%| O|  |TAMS 0x0000000081300000, 0x0000000081200000| Untracked 
|  19|0x0000000081300000, 0x0000000081400000, 0x0000000081400000|100%| O|  |TAMS 0x0000000081400000, 0x0000000081300000| Untracked 
|  20|0x0000000081400000, 0x0000000081500000, 0x0000000081500000|100%| O|  |TAMS 0x0000000081500000, 0x0000000081400000| Untracked 
|  21|0x0000000081500000, 0x0000000081600000, 0x0000000081600000|100%| O|  |TAMS 0x0000000081600000, 0x0000000081500000| Untracked 
|  22|0x0000000081600000, 0x0000000081700000, 0x0000000081700000|100%| O|  |TAMS 0x0000000081700000, 0x0000000081600000| Untracked 
|  23|0x0000000081700000, 0x0000000081800000, 0x0000000081800000|100%| O|  |TAMS 0x0000000081800000, 0x0000000081700000| Untracked 
|  24|0x0000000081800000, 0x0000000081900000, 0x0000000081900000|100%| O|  |TAMS 0x0000000081900000, 0x0000000081800000| Untracked 
|  25|0x0000000081900000, 0x0000000081a00000, 0x0000000081a00000|100%| O|  |TAMS 0x0000000081a00000, 0x0000000081900000| Untracked 
|  26|0x0000000081a00000, 0x0000000081b00000, 0x0000000081b00000|100%| O|  |TAMS 0x0000000081b00000, 0x0000000081a00000| Untracked 
|  27|0x0000000081b00000, 0x0000000081c00000, 0x0000000081c00000|100%| O|  |TAMS 0x0000000081c00000, 0x0000000081b00000| Untracked 
|  28|0x0000000081c00000, 0x0000000081d00000, 0x0000000081d00000|100%| O|  |TAMS 0x0000000081d00000, 0x0000000081c00000| Untracked 
|  29|0x0000000081d00000, 0x0000000081e00000, 0x0000000081e00000|100%| O|  |TAMS 0x0000000081e00000, 0x0000000081d00000| Untracked 
|  30|0x0000000081e00000, 0x0000000081f00000, 0x0000000081f00000|100%|HS|  |TAMS 0x0000000081f00000, 0x0000000081e00000| Complete 
|  31|0x0000000081f00000, 0x0000000082000000, 0x0000000082000000|100%|HS|  |TAMS 0x0000000082000000, 0x0000000081f00000| Complete 
|  32|0x0000000082000000, 0x0000000082100000, 0x0000000082100000|100%|HS|  |TAMS 0x0000000082100000, 0x0000000082000000| Complete 
|  33|0x0000000082100000, 0x0000000082200000, 0x0000000082200000|100%|HC|  |TAMS 0x0000000082200000, 0x0000000082100000| Complete 
|  34|0x0000000082200000, 0x0000000082300000, 0x0000000082300000|100%|HS|  |TAMS 0x0000000082300000, 0x0000000082200000| Complete 
|  35|0x0000000082300000, 0x0000000082400000, 0x0000000082400000|100%|HS|  |TAMS 0x0000000082400000, 0x0000000082300000| Complete 
|  36|0x0000000082400000, 0x0000000082500000, 0x0000000082500000|100%|HC|  |TAMS 0x0000000082500000, 0x0000000082400000| Complete 
|  37|0x0000000082500000, 0x0000000082600000, 0x0000000082600000|100%|HC|  |TAMS 0x0000000082600000, 0x0000000082500000| Complete 
|  38|0x0000000082600000, 0x0000000082700000, 0x0000000082700000|100%|HC|  |TAMS 0x0000000082700000, 0x0000000082600000| Complete 
|  39|0x0000000082700000, 0x0000000082800000, 0x0000000082800000|100%|HS|  |TAMS 0x0000000082800000, 0x0000000082700000| Complete 
|  40|0x0000000082800000, 0x0000000082900000, 0x0000000082900000|100%|HC|  |TAMS 0x0000000082900000, 0x0000000082800000| Complete 
|  41|0x0000000082900000, 0x0000000082a00000, 0x0000000082a00000|100%|HC|  |TAMS 0x0000000082a00000, 0x0000000082900000| Complete 
|  42|0x0000000082a00000, 0x0000000082b00000, 0x0000000082b00000|100%|HC|  |TAMS 0x0000000082b00000, 0x0000000082a00000| Complete 
|  43|0x0000000082b00000, 0x0000000082c00000, 0x0000000082c00000|100%|HS|  |TAMS 0x0000000082c00000, 0x0000000082b00000| Complete 
|  44|0x0000000082c00000, 0x0000000082d00000, 0x0000000082d00000|100%|HS|  |TAMS 0x0000000082d00000, 0x0000000082c00000| Complete 
|  45|0x0000000082d00000, 0x0000000082e00000, 0x0000000082e00000|100%|HS|  |TAMS 0x0000000082e00000, 0x0000000082d00000| Complete 
|  46|0x0000000082e00000, 0x0000000082f00000, 0x0000000082f00000|100%|HC|  |TAMS 0x0000000082f00000, 0x0000000082e00000| Complete 
|  47|0x0000000082f00000, 0x0000000083000000, 0x0000000083000000|100%|HS|  |TAMS 0x0000000083000000, 0x0000000082f00000| Complete 
|  48|0x0000000083000000, 0x0000000083100000, 0x0000000083100000|100%| O|  |TAMS 0x0000000083100000, 0x0000000083000000| Untracked 
|  49|0x0000000083100000, 0x0000000083200000, 0x0000000083200000|100%| O|  |TAMS 0x0000000083200000, 0x0000000083100000| Untracked 
|  50|0x0000000083200000, 0x0000000083300000, 0x0000000083300000|100%| O|  |TAMS 0x0000000083300000, 0x0000000083200000| Untracked 
|  51|0x0000000083300000, 0x0000000083400000, 0x0000000083400000|100%| O|  |TAMS 0x0000000083400000, 0x0000000083300000| Untracked 
|  52|0x0000000083400000, 0x0000000083500000, 0x0000000083500000|100%| O|  |TAMS 0x0000000083500000, 0x0000000083400000| Untracked 
|  53|0x0000000083500000, 0x0000000083600000, 0x0000000083600000|100%| O|  |TAMS 0x0000000083600000, 0x0000000083500000| Untracked 
|  54|0x0000000083600000, 0x0000000083700000, 0x0000000083700000|100%| O|  |TAMS 0x0000000083700000, 0x0000000083600000| Untracked 
|  55|0x0000000083700000, 0x0000000083800000, 0x0000000083800000|100%| O|  |TAMS 0x0000000083800000, 0x0000000083700000| Untracked 
|  56|0x0000000083800000, 0x0000000083900000, 0x0000000083900000|100%| O|  |TAMS 0x0000000083900000, 0x0000000083800000| Untracked 
|  57|0x0000000083900000, 0x0000000083a00000, 0x0000000083a00000|100%| O|  |TAMS 0x0000000083a00000, 0x0000000083900000| Untracked 
|  58|0x0000000083a00000, 0x0000000083b00000, 0x0000000083b00000|100%| O|  |TAMS 0x0000000083b00000, 0x0000000083a00000| Untracked 
|  59|0x0000000083b00000, 0x0000000083c00000, 0x0000000083c00000|100%| O|  |TAMS 0x0000000083c00000, 0x0000000083b00000| Untracked 
|  60|0x0000000083c00000, 0x0000000083d00000, 0x0000000083d00000|100%| O|  |TAMS 0x0000000083d00000, 0x0000000083c00000| Untracked 
|  61|0x0000000083d00000, 0x0000000083e00000, 0x0000000083e00000|100%| O|  |TAMS 0x0000000083e00000, 0x0000000083d00000| Untracked 
|  62|0x0000000083e00000, 0x0000000083f00000, 0x0000000083f00000|100%| O|  |TAMS 0x0000000083f00000, 0x0000000083e00000| Untracked 
|  63|0x0000000083f00000, 0x0000000084000000, 0x0000000084000000|100%| O|  |TAMS 0x0000000084000000, 0x0000000083f00000| Untracked 
|  64|0x0000000084000000, 0x0000000084100000, 0x0000000084100000|100%| O|  |TAMS 0x0000000084100000, 0x0000000084000000| Untracked 
|  65|0x0000000084100000, 0x0000000084200000, 0x0000000084200000|100%| O|  |TAMS 0x0000000084200000, 0x0000000084100000| Untracked 
|  66|0x0000000084200000, 0x0000000084300000, 0x0000000084300000|100%| O|  |TAMS 0x0000000084300000, 0x0000000084200000| Untracked 
|  67|0x0000000084300000, 0x0000000084400000, 0x0000000084400000|100%| O|  |TAMS 0x0000000084400000, 0x0000000084300000| Untracked 
|  68|0x0000000084400000, 0x0000000084500000, 0x0000000084500000|100%| O|  |TAMS 0x0000000084500000, 0x0000000084400000| Untracked 
|  69|0x0000000084500000, 0x0000000084600000, 0x0000000084600000|100%| O|  |TAMS 0x0000000084600000, 0x0000000084500000| Untracked 
|  70|0x0000000084600000, 0x0000000084700000, 0x0000000084700000|100%| O|  |TAMS 0x0000000084700000, 0x0000000084600000| Untracked 
|  71|0x0000000084700000, 0x0000000084800000, 0x0000000084800000|100%| O|  |TAMS 0x0000000084800000, 0x0000000084700000| Untracked 
|  72|0x0000000084800000, 0x0000000084900000, 0x0000000084900000|100%| O|  |TAMS 0x0000000084800000, 0x0000000084800000| Untracked 
|  73|0x0000000084900000, 0x0000000084a00000, 0x0000000084a00000|100%| O|  |TAMS 0x0000000084a00000, 0x0000000084900000| Untracked 
|  74|0x0000000084a00000, 0x0000000084b00000, 0x0000000084b00000|100%| O|  |TAMS 0x0000000084b00000, 0x0000000084a00000| Untracked 
|  75|0x0000000084b00000, 0x0000000084c00000, 0x0000000084c00000|100%| O|  |TAMS 0x0000000084c00000, 0x0000000084b00000| Untracked 
|  76|0x0000000084c00000, 0x0000000084d00000, 0x0000000084d00000|100%|HS|  |TAMS 0x0000000084d00000, 0x0000000084c00000| Complete 
|  77|0x0000000084d00000, 0x0000000084e00000, 0x0000000084e00000|100%|HC|  |TAMS 0x0000000084e00000, 0x0000000084d00000| Complete 
|  78|0x0000000084e00000, 0x0000000084f00000, 0x0000000084f00000|100%|HS|  |TAMS 0x0000000084f00000, 0x0000000084e00000| Complete 
|  79|0x0000000084f00000, 0x0000000085000000, 0x0000000085000000|100%|HC|  |TAMS 0x0000000085000000, 0x0000000084f00000| Complete 
|  80|0x0000000085000000, 0x0000000085100000, 0x0000000085100000|100%|HC|  |TAMS 0x0000000085100000, 0x0000000085000000| Complete 
|  81|0x0000000085100000, 0x0000000085200000, 0x0000000085200000|100%|HC|  |TAMS 0x0000000085200000, 0x0000000085100000| Complete 
|  82|0x0000000085200000, 0x0000000085300000, 0x0000000085300000|100%| O|  |TAMS 0x0000000085300000, 0x0000000085200000| Untracked 
|  83|0x0000000085300000, 0x0000000085400000, 0x0000000085400000|100%|HS|  |TAMS 0x0000000085400000, 0x0000000085300000| Complete 
|  84|0x0000000085400000, 0x0000000085500000, 0x0000000085500000|100%|HC|  |TAMS 0x0000000085500000, 0x0000000085400000| Complete 
|  85|0x0000000085500000, 0x0000000085600000, 0x0000000085600000|100%| O|  |TAMS 0x0000000085600000, 0x0000000085500000| Untracked 
|  86|0x0000000085600000, 0x0000000085700000, 0x0000000085700000|100%| O|  |TAMS 0x0000000085700000, 0x0000000085600000| Untracked 
|  87|0x0000000085700000, 0x0000000085800000, 0x0000000085800000|100%| O|  |TAMS 0x0000000085800000, 0x0000000085700000| Untracked 
|  88|0x0000000085800000, 0x0000000085900000, 0x0000000085900000|100%| O|  |TAMS 0x0000000085900000, 0x0000000085800000| Untracked 
|  89|0x0000000085900000, 0x0000000085a00000, 0x0000000085a00000|100%| O|  |TAMS 0x0000000085a00000, 0x0000000085900000| Untracked 
|  90|0x0000000085a00000, 0x0000000085b00000, 0x0000000085b00000|100%| O|  |TAMS 0x0000000085b00000, 0x0000000085a00000| Untracked 
|  91|0x0000000085b00000, 0x0000000085c00000, 0x0000000085c00000|100%| O|  |TAMS 0x0000000085c00000, 0x0000000085b00000| Untracked 
|  92|0x0000000085c00000, 0x0000000085d00000, 0x0000000085d00000|100%| O|  |TAMS 0x0000000085d00000, 0x0000000085c00000| Untracked 
|  93|0x0000000085d00000, 0x0000000085e00000, 0x0000000085e00000|100%| O|  |TAMS 0x0000000085e00000, 0x0000000085d00000| Untracked 
|  94|0x0000000085e00000, 0x0000000085f00000, 0x0000000085f00000|100%| O|  |TAMS 0x0000000085f00000, 0x0000000085e00000| Untracked 
|  95|0x0000000085f00000, 0x0000000086000000, 0x0000000086000000|100%| O|  |TAMS 0x0000000086000000, 0x0000000085f00000| Untracked 
|  96|0x0000000086000000, 0x0000000086100000, 0x0000000086100000|100%| O|  |TAMS 0x0000000086100000, 0x0000000086000000| Untracked 
|  97|0x0000000086100000, 0x0000000086200000, 0x0000000086200000|100%| O|  |TAMS 0x0000000086200000, 0x0000000086100000| Untracked 
|  98|0x0000000086200000, 0x0000000086300000, 0x0000000086300000|100%| O|  |TAMS 0x0000000086300000, 0x0000000086200000| Untracked 
|  99|0x0000000086300000, 0x0000000086400000, 0x0000000086400000|100%| O|  |TAMS 0x0000000086400000, 0x0000000086300000| Untracked 
| 100|0x0000000086400000, 0x0000000086500000, 0x0000000086500000|100%| O|  |TAMS 0x0000000086500000, 0x0000000086400000| Untracked 
| 101|0x0000000086500000, 0x0000000086600000, 0x0000000086600000|100%| O|  |TAMS 0x0000000086600000, 0x0000000086500000| Untracked 
| 102|0x0000000086600000, 0x0000000086700000, 0x0000000086700000|100%| O|  |TAMS 0x0000000086700000, 0x0000000086600000| Untracked 
| 103|0x0000000086700000, 0x0000000086800000, 0x0000000086800000|100%| O|  |TAMS 0x0000000086800000, 0x0000000086700000| Untracked 
| 104|0x0000000086800000, 0x0000000086900000, 0x0000000086900000|100%| O|  |TAMS 0x0000000086900000, 0x0000000086800000| Untracked 
| 105|0x0000000086900000, 0x0000000086a00000, 0x0000000086a00000|100%| O|  |TAMS 0x0000000086a00000, 0x0000000086900000| Untracked 
| 106|0x0000000086a00000, 0x0000000086b00000, 0x0000000086b00000|100%| O|  |TAMS 0x0000000086b00000, 0x0000000086a00000| Untracked 
| 107|0x0000000086b00000, 0x0000000086c00000, 0x0000000086c00000|100%| O|  |TAMS 0x0000000086c00000, 0x0000000086b00000| Untracked 
| 108|0x0000000086c00000, 0x0000000086d00000, 0x0000000086d00000|100%| O|  |TAMS 0x0000000086d00000, 0x0000000086c00000| Untracked 
| 109|0x0000000086d00000, 0x0000000086e00000, 0x0000000086e00000|100%| O|  |TAMS 0x0000000086e00000, 0x0000000086d00000| Untracked 
| 110|0x0000000086e00000, 0x0000000086f00000, 0x0000000086f00000|100%| O|  |TAMS 0x0000000086f00000, 0x0000000086e00000| Untracked 
| 111|0x0000000086f00000, 0x0000000087000000, 0x0000000087000000|100%| O|  |TAMS 0x0000000087000000, 0x0000000086f00000| Untracked 
| 112|0x0000000087000000, 0x0000000087100000, 0x0000000087100000|100%| O|  |TAMS 0x0000000087100000, 0x0000000087000000| Untracked 
| 113|0x0000000087100000, 0x0000000087200000, 0x0000000087200000|100%| O|  |TAMS 0x0000000087200000, 0x0000000087100000| Untracked 
| 114|0x0000000087200000, 0x0000000087300000, 0x0000000087300000|100%|HS|  |TAMS 0x0000000087200000, 0x0000000087200000| Complete 
| 115|0x0000000087300000, 0x0000000087400000, 0x0000000087400000|100%| O|  |TAMS 0x0000000087300000, 0x0000000087300000| Untracked 
| 116|0x0000000087400000, 0x0000000087500000, 0x0000000087500000|100%| O|  |TAMS 0x0000000087500000, 0x0000000087400000| Untracked 
| 117|0x0000000087500000, 0x0000000087600000, 0x0000000087600000|100%| O|  |TAMS 0x0000000087600000, 0x0000000087500000| Untracked 
| 118|0x0000000087600000, 0x0000000087700000, 0x0000000087700000|100%| O|  |TAMS 0x0000000087700000, 0x0000000087600000| Untracked 
| 119|0x0000000087700000, 0x0000000087800000, 0x0000000087800000|100%| O|  |TAMS 0x0000000087800000, 0x0000000087700000| Untracked 
| 120|0x0000000087800000, 0x0000000087900000, 0x0000000087900000|100%| O|  |TAMS 0x0000000087900000, 0x0000000087800000| Untracked 
| 121|0x0000000087900000, 0x0000000087a00000, 0x0000000087a00000|100%|HS|  |TAMS 0x0000000087900000, 0x0000000087900000| Complete 
| 122|0x0000000087a00000, 0x0000000087b00000, 0x0000000087b00000|100%| O|  |TAMS 0x0000000087b00000, 0x0000000087a00000| Untracked 
| 123|0x0000000087b00000, 0x0000000087c00000, 0x0000000087c00000|100%| O|  |TAMS 0x0000000087c00000, 0x0000000087b00000| Untracked 
| 124|0x0000000087c00000, 0x0000000087d00000, 0x0000000087d00000|100%|HS|  |TAMS 0x0000000087c00000, 0x0000000087c00000| Complete 
| 125|0x0000000087d00000, 0x0000000087e00000, 0x0000000087e00000|100%| O|  |TAMS 0x0000000087d00000, 0x0000000087d00000| Untracked 
| 126|0x0000000087e00000, 0x0000000087f00000, 0x0000000087f00000|100%| O|  |TAMS 0x0000000087f00000, 0x0000000087e00000| Untracked 
| 127|0x0000000087f00000, 0x0000000088000000, 0x0000000088000000|100%| O|  |TAMS 0x0000000088000000, 0x0000000087f00000| Untracked 
| 128|0x0000000088000000, 0x0000000088100000, 0x0000000088100000|100%| O|  |TAMS 0x0000000088100000, 0x0000000088000000| Untracked 
| 129|0x0000000088100000, 0x0000000088200000, 0x0000000088200000|100%| O|  |TAMS 0x0000000088200000, 0x0000000088100000| Untracked 
| 130|0x0000000088200000, 0x0000000088300000, 0x0000000088300000|100%| O|  |TAMS 0x0000000088300000, 0x0000000088200000| Untracked 
| 131|0x0000000088300000, 0x0000000088400000, 0x0000000088400000|100%| O|  |TAMS 0x0000000088400000, 0x0000000088300000| Untracked 
| 132|0x0000000088400000, 0x0000000088500000, 0x0000000088500000|100%| O|  |TAMS 0x0000000088500000, 0x0000000088400000| Untracked 
| 133|0x0000000088500000, 0x0000000088600000, 0x0000000088600000|100%| O|  |TAMS 0x0000000088600000, 0x0000000088500000| Untracked 
| 134|0x0000000088600000, 0x0000000088700000, 0x0000000088700000|100%| O|  |TAMS 0x0000000088700000, 0x0000000088600000| Untracked 
| 135|0x0000000088700000, 0x0000000088800000, 0x0000000088800000|100%| O|  |TAMS 0x0000000088800000, 0x0000000088700000| Untracked 
| 136|0x0000000088800000, 0x0000000088900000, 0x0000000088900000|100%| O|  |TAMS 0x0000000088900000, 0x0000000088800000| Untracked 
| 137|0x0000000088900000, 0x0000000088a00000, 0x0000000088a00000|100%| O|  |TAMS 0x0000000088a00000, 0x0000000088900000| Untracked 
| 138|0x0000000088a00000, 0x0000000088b00000, 0x0000000088b00000|100%| O|  |TAMS 0x0000000088b00000, 0x0000000088a00000| Untracked 
| 139|0x0000000088b00000, 0x0000000088c00000, 0x0000000088c00000|100%| O|  |TAMS 0x0000000088c00000, 0x0000000088b00000| Untracked 
| 140|0x0000000088c00000, 0x0000000088d00000, 0x0000000088d00000|100%| O|  |TAMS 0x0000000088d00000, 0x0000000088c00000| Untracked 
| 141|0x0000000088d00000, 0x0000000088e00000, 0x0000000088e00000|100%| O|  |TAMS 0x0000000088e00000, 0x0000000088d00000| Untracked 
| 142|0x0000000088e00000, 0x0000000088f00000, 0x0000000088f00000|100%| O|  |TAMS 0x0000000088f00000, 0x0000000088e00000| Untracked 
| 143|0x0000000088f00000, 0x0000000089000000, 0x0000000089000000|100%| O|  |TAMS 0x0000000089000000, 0x0000000088f00000| Untracked 
| 144|0x0000000089000000, 0x0000000089100000, 0x0000000089100000|100%| O|  |TAMS 0x0000000089100000, 0x0000000089000000| Untracked 
| 145|0x0000000089100000, 0x0000000089200000, 0x0000000089200000|100%| O|  |TAMS 0x0000000089200000, 0x0000000089100000| Untracked 
| 146|0x0000000089200000, 0x0000000089300000, 0x0000000089300000|100%| O|  |TAMS 0x0000000089300000, 0x0000000089200000| Untracked 
| 147|0x0000000089300000, 0x0000000089400000, 0x0000000089400000|100%| O|  |TAMS 0x0000000089400000, 0x0000000089300000| Untracked 
| 148|0x0000000089400000, 0x0000000089500000, 0x0000000089500000|100%| O|  |TAMS 0x0000000089500000, 0x0000000089400000| Untracked 
| 149|0x0000000089500000, 0x0000000089600000, 0x0000000089600000|100%| O|  |TAMS 0x0000000089600000, 0x0000000089500000| Untracked 
| 150|0x0000000089600000, 0x0000000089700000, 0x0000000089700000|100%| O|  |TAMS 0x0000000089700000, 0x0000000089600000| Untracked 
| 151|0x0000000089700000, 0x0000000089800000, 0x0000000089800000|100%| O|  |TAMS 0x0000000089800000, 0x0000000089700000| Untracked 
| 152|0x0000000089800000, 0x0000000089900000, 0x0000000089900000|100%| O|  |TAMS 0x0000000089900000, 0x0000000089800000| Untracked 
| 153|0x0000000089900000, 0x0000000089a00000, 0x0000000089a00000|100%| O|  |TAMS 0x0000000089a00000, 0x0000000089900000| Untracked 
| 154|0x0000000089a00000, 0x0000000089b00000, 0x0000000089b00000|100%| O|  |TAMS 0x0000000089b00000, 0x0000000089a00000| Untracked 
| 155|0x0000000089b00000, 0x0000000089c00000, 0x0000000089c00000|100%| O|  |TAMS 0x0000000089c00000, 0x0000000089b00000| Untracked 
| 156|0x0000000089c00000, 0x0000000089d00000, 0x0000000089d00000|100%| O|  |TAMS 0x0000000089d00000, 0x0000000089c00000| Untracked 
| 157|0x0000000089d00000, 0x0000000089e00000, 0x0000000089e00000|100%| O|  |TAMS 0x0000000089d00000, 0x0000000089d00000| Untracked 
| 158|0x0000000089e00000, 0x0000000089f00000, 0x0000000089f00000|100%| O|  |TAMS 0x0000000089f00000, 0x0000000089e00000| Untracked 
| 159|0x0000000089f00000, 0x000000008a000000, 0x000000008a000000|100%| O|  |TAMS 0x000000008a000000, 0x0000000089f00000| Untracked 
| 160|0x000000008a000000, 0x000000008a100000, 0x000000008a100000|100%| O|  |TAMS 0x000000008a100000, 0x000000008a000000| Untracked 
| 161|0x000000008a100000, 0x000000008a200000, 0x000000008a200000|100%| O|  |TAMS 0x000000008a200000, 0x000000008a100000| Untracked 
| 162|0x000000008a200000, 0x000000008a300000, 0x000000008a300000|100%| O|  |TAMS 0x000000008a300000, 0x000000008a200000| Untracked 
| 163|0x000000008a300000, 0x000000008a400000, 0x000000008a400000|100%| O|  |TAMS 0x000000008a400000, 0x000000008a300000| Untracked 
| 164|0x000000008a400000, 0x000000008a500000, 0x000000008a500000|100%| O|  |TAMS 0x000000008a500000, 0x000000008a400000| Untracked 
| 165|0x000000008a500000, 0x000000008a600000, 0x000000008a600000|100%| O|  |TAMS 0x000000008a600000, 0x000000008a500000| Untracked 
| 166|0x000000008a600000, 0x000000008a700000, 0x000000008a700000|100%| O|  |TAMS 0x000000008a700000, 0x000000008a600000| Untracked 
| 167|0x000000008a700000, 0x000000008a800000, 0x000000008a800000|100%| O|  |TAMS 0x000000008a7d2600, 0x000000008a700000| Untracked 
| 168|0x000000008a800000, 0x000000008a900000, 0x000000008a900000|100%| O|  |TAMS 0x000000008a800000, 0x000000008a800000| Untracked 
| 169|0x000000008a900000, 0x000000008aa00000, 0x000000008aa00000|100%| O|  |TAMS 0x000000008a900000, 0x000000008a900000| Untracked 
| 170|0x000000008aa00000, 0x000000008ab00000, 0x000000008ab00000|100%| O|  |TAMS 0x000000008aa00000, 0x000000008aa00000| Untracked 
| 171|0x000000008ab00000, 0x000000008ac00000, 0x000000008ac00000|100%| O|  |TAMS 0x000000008ab00000, 0x000000008ab00000| Untracked 
| 172|0x000000008ac00000, 0x000000008ad00000, 0x000000008ad00000|100%| O|  |TAMS 0x000000008ac00000, 0x000000008ac00000| Untracked 
| 173|0x000000008ad00000, 0x000000008ae00000, 0x000000008ae00000|100%| O|  |TAMS 0x000000008ad00000, 0x000000008ad00000| Untracked 
| 174|0x000000008ae00000, 0x000000008af00000, 0x000000008af00000|100%| O|  |TAMS 0x000000008ae00000, 0x000000008ae00000| Untracked 
| 175|0x000000008af00000, 0x000000008b000000, 0x000000008b000000|100%| O|  |TAMS 0x000000008af00000, 0x000000008af00000| Untracked 
| 176|0x000000008b000000, 0x000000008b100000, 0x000000008b100000|100%| O|  |TAMS 0x000000008b000000, 0x000000008b000000| Untracked 
| 177|0x000000008b100000, 0x000000008b200000, 0x000000008b200000|100%| O|  |TAMS 0x000000008b100000, 0x000000008b100000| Untracked 
| 178|0x000000008b200000, 0x000000008b300000, 0x000000008b300000|100%| O|  |TAMS 0x000000008b200000, 0x000000008b200000| Untracked 
| 179|0x000000008b300000, 0x000000008b400000, 0x000000008b400000|100%| O|  |TAMS 0x000000008b300000, 0x000000008b300000| Untracked 
| 180|0x000000008b400000, 0x000000008b500000, 0x000000008b500000|100%| O|  |TAMS 0x000000008b400000, 0x000000008b400000| Untracked 
| 181|0x000000008b500000, 0x000000008b600000, 0x000000008b600000|100%|HS|  |TAMS 0x000000008b500000, 0x000000008b500000| Complete 
| 182|0x000000008b600000, 0x000000008b700000, 0x000000008b700000|100%|HC|  |TAMS 0x000000008b600000, 0x000000008b600000| Complete 
| 183|0x000000008b700000, 0x000000008b800000, 0x000000008b800000|100%| O|  |TAMS 0x000000008b700000, 0x000000008b700000| Untracked 
| 184|0x000000008b800000, 0x000000008b900000, 0x000000008b900000|100%| O|  |TAMS 0x000000008b800000, 0x000000008b800000| Untracked 
| 185|0x000000008b900000, 0x000000008ba00000, 0x000000008ba00000|100%| O|  |TAMS 0x000000008b900000, 0x000000008b900000| Untracked 
| 186|0x000000008ba00000, 0x000000008bb00000, 0x000000008bb00000|100%| O|  |TAMS 0x000000008ba00000, 0x000000008ba00000| Untracked 
| 187|0x000000008bb00000, 0x000000008bc00000, 0x000000008bc00000|100%| O|  |TAMS 0x000000008bb00000, 0x000000008bb00000| Untracked 
| 188|0x000000008bc00000, 0x000000008bd00000, 0x000000008bd00000|100%| O|  |TAMS 0x000000008bc00000, 0x000000008bc00000| Untracked 
| 189|0x000000008bd00000, 0x000000008be00000, 0x000000008be00000|100%| O|  |TAMS 0x000000008bd00000, 0x000000008bd00000| Untracked 
| 190|0x000000008be00000, 0x000000008bf00000, 0x000000008bf00000|100%| O|  |TAMS 0x000000008be00000, 0x000000008be00000| Untracked 
| 191|0x000000008bf00000, 0x000000008c000000, 0x000000008c000000|100%| O|  |TAMS 0x000000008bf00000, 0x000000008bf00000| Untracked 
| 192|0x000000008c000000, 0x000000008c100000, 0x000000008c100000|100%| O|  |TAMS 0x000000008c000000, 0x000000008c000000| Untracked 
| 193|0x000000008c100000, 0x000000008c200000, 0x000000008c200000|100%| O|  |TAMS 0x000000008c100000, 0x000000008c100000| Untracked 
| 194|0x000000008c200000, 0x000000008c300000, 0x000000008c300000|100%| O|  |TAMS 0x000000008c200000, 0x000000008c200000| Untracked 
| 195|0x000000008c300000, 0x000000008c400000, 0x000000008c400000|100%| O|  |TAMS 0x000000008c300000, 0x000000008c300000| Untracked 
| 196|0x000000008c400000, 0x000000008c500000, 0x000000008c500000|100%| O|  |TAMS 0x000000008c400000, 0x000000008c400000| Untracked 
| 197|0x000000008c500000, 0x000000008c600000, 0x000000008c600000|100%| O|  |TAMS 0x000000008c500000, 0x000000008c500000| Untracked 
| 198|0x000000008c600000, 0x000000008c700000, 0x000000008c700000|100%| O|  |TAMS 0x000000008c600000, 0x000000008c600000| Untracked 
| 199|0x000000008c700000, 0x000000008c800000, 0x000000008c800000|100%| O|  |TAMS 0x000000008c700000, 0x000000008c700000| Untracked 
| 200|0x000000008c800000, 0x000000008c900000, 0x000000008c900000|100%| O|  |TAMS 0x000000008c800000, 0x000000008c800000| Untracked 
| 201|0x000000008c900000, 0x000000008ca00000, 0x000000008ca00000|100%| O|  |TAMS 0x000000008c900000, 0x000000008c900000| Untracked 
| 202|0x000000008ca00000, 0x000000008cb00000, 0x000000008cb00000|100%| O|  |TAMS 0x000000008ca00000, 0x000000008ca00000| Untracked 
| 203|0x000000008cb00000, 0x000000008cc00000, 0x000000008cc00000|100%| O|  |TAMS 0x000000008cb00000, 0x000000008cb00000| Untracked 
| 204|0x000000008cc00000, 0x000000008cd00000, 0x000000008cd00000|100%| O|  |TAMS 0x000000008cc00000, 0x000000008cc00000| Untracked 
| 205|0x000000008cd00000, 0x000000008ce00000, 0x000000008ce00000|100%| O|  |TAMS 0x000000008cd00000, 0x000000008cd00000| Untracked 
| 206|0x000000008ce00000, 0x000000008cf00000, 0x000000008cf00000|100%| O|  |TAMS 0x000000008ce00000, 0x000000008ce00000| Untracked 
| 207|0x000000008cf00000, 0x000000008d000000, 0x000000008d000000|100%| O|  |TAMS 0x000000008cf00000, 0x000000008cf00000| Untracked 
| 208|0x000000008d000000, 0x000000008d100000, 0x000000008d100000|100%| O|  |TAMS 0x000000008d000000, 0x000000008d000000| Untracked 
| 209|0x000000008d100000, 0x000000008d200000, 0x000000008d200000|100%| O|  |TAMS 0x000000008d100000, 0x000000008d100000| Untracked 
| 210|0x000000008d200000, 0x000000008d300000, 0x000000008d300000|100%| O|  |TAMS 0x000000008d200000, 0x000000008d200000| Untracked 
| 211|0x000000008d300000, 0x000000008d400000, 0x000000008d400000|100%| O|  |TAMS 0x000000008d300000, 0x000000008d300000| Untracked 
| 212|0x000000008d400000, 0x000000008d500000, 0x000000008d500000|100%| O|  |TAMS 0x000000008d400000, 0x000000008d400000| Untracked 
| 213|0x000000008d500000, 0x000000008d600000, 0x000000008d600000|100%| O|  |TAMS 0x000000008d500000, 0x000000008d500000| Untracked 
| 214|0x000000008d600000, 0x000000008d700000, 0x000000008d700000|100%| O|  |TAMS 0x000000008d600000, 0x000000008d600000| Untracked 
| 215|0x000000008d700000, 0x000000008d800000, 0x000000008d800000|100%| O|  |TAMS 0x000000008d700000, 0x000000008d700000| Untracked 
| 216|0x000000008d800000, 0x000000008d900000, 0x000000008d900000|100%| O|  |TAMS 0x000000008d800000, 0x000000008d800000| Untracked 
| 217|0x000000008d900000, 0x000000008da00000, 0x000000008da00000|100%| O|  |TAMS 0x000000008d900000, 0x000000008d900000| Untracked 
| 218|0x000000008da00000, 0x000000008db00000, 0x000000008db00000|100%| O|  |TAMS 0x000000008da00000, 0x000000008da00000| Untracked 
| 219|0x000000008db00000, 0x000000008dc00000, 0x000000008dc00000|100%| O|  |TAMS 0x000000008db00000, 0x000000008db00000| Untracked 
| 220|0x000000008dc00000, 0x000000008dd00000, 0x000000008dd00000|100%| O|  |TAMS 0x000000008dc00000, 0x000000008dc00000| Untracked 
| 221|0x000000008dd00000, 0x000000008de00000, 0x000000008de00000|100%| O|  |TAMS 0x000000008dd00000, 0x000000008dd00000| Untracked 
| 222|0x000000008de00000, 0x000000008df00000, 0x000000008df00000|100%| O|  |TAMS 0x000000008de00000, 0x000000008de00000| Untracked 
| 223|0x000000008df00000, 0x000000008e000000, 0x000000008e000000|100%| O|  |TAMS 0x000000008df00000, 0x000000008df00000| Untracked 
| 224|0x000000008e000000, 0x000000008e100000, 0x000000008e100000|100%| O|  |TAMS 0x000000008e000000, 0x000000008e000000| Untracked 
| 225|0x000000008e100000, 0x000000008e200000, 0x000000008e200000|100%| O|  |TAMS 0x000000008e100000, 0x000000008e100000| Untracked 
| 226|0x000000008e200000, 0x000000008e300000, 0x000000008e300000|100%| O|  |TAMS 0x000000008e200000, 0x000000008e200000| Untracked 
| 227|0x000000008e300000, 0x000000008e400000, 0x000000008e400000|100%| O|  |TAMS 0x000000008e300000, 0x000000008e300000| Untracked 
| 228|0x000000008e400000, 0x000000008e500000, 0x000000008e500000|100%| O|  |TAMS 0x000000008e400000, 0x000000008e400000| Untracked 
| 229|0x000000008e500000, 0x000000008e600000, 0x000000008e600000|100%| O|  |TAMS 0x000000008e500000, 0x000000008e500000| Untracked 
| 230|0x000000008e600000, 0x000000008e700000, 0x000000008e700000|100%| O|  |TAMS 0x000000008e600000, 0x000000008e600000| Untracked 
| 231|0x000000008e700000, 0x000000008e800000, 0x000000008e800000|100%| O|  |TAMS 0x000000008e700000, 0x000000008e700000| Untracked 
| 232|0x000000008e800000, 0x000000008e900000, 0x000000008e900000|100%| O|  |TAMS 0x000000008e800000, 0x000000008e800000| Untracked 
| 233|0x000000008e900000, 0x000000008ea00000, 0x000000008ea00000|100%| O|  |TAMS 0x000000008e900000, 0x000000008e900000| Untracked 
| 234|0x000000008ea00000, 0x000000008eb00000, 0x000000008eb00000|100%| O|  |TAMS 0x000000008ea00000, 0x000000008ea00000| Untracked 
| 235|0x000000008eb00000, 0x000000008ec00000, 0x000000008ec00000|100%| O|  |TAMS 0x000000008eb00000, 0x000000008eb00000| Untracked 
| 236|0x000000008ec00000, 0x000000008ed00000, 0x000000008ed00000|100%| O|  |TAMS 0x000000008ec00000, 0x000000008ec00000| Untracked 
| 237|0x000000008ed00000, 0x000000008ee00000, 0x000000008ee00000|100%| O|  |TAMS 0x000000008ed00000, 0x000000008ed00000| Untracked 
| 238|0x000000008ee00000, 0x000000008ef00000, 0x000000008ef00000|100%| O|  |TAMS 0x000000008ee00000, 0x000000008ee00000| Untracked 
| 239|0x000000008ef00000, 0x000000008f000000, 0x000000008f000000|100%| O|  |TAMS 0x000000008ef00000, 0x000000008ef00000| Untracked 
| 240|0x000000008f000000, 0x000000008f100000, 0x000000008f100000|100%| O|  |TAMS 0x000000008f000000, 0x000000008f000000| Untracked 
| 241|0x000000008f100000, 0x000000008f200000, 0x000000008f200000|100%| O|  |TAMS 0x000000008f100000, 0x000000008f100000| Untracked 
| 242|0x000000008f200000, 0x000000008f300000, 0x000000008f300000|100%| O|  |TAMS 0x000000008f200000, 0x000000008f200000| Untracked 
| 243|0x000000008f300000, 0x000000008f400000, 0x000000008f400000|100%| O|  |TAMS 0x000000008f300000, 0x000000008f300000| Untracked 
| 244|0x000000008f400000, 0x000000008f500000, 0x000000008f500000|100%| O|  |TAMS 0x000000008f400000, 0x000000008f400000| Untracked 
| 245|0x000000008f500000, 0x000000008f600000, 0x000000008f600000|100%| O|  |TAMS 0x000000008f500000, 0x000000008f500000| Untracked 
| 246|0x000000008f600000, 0x000000008f700000, 0x000000008f700000|100%| O|  |TAMS 0x000000008f600000, 0x000000008f600000| Untracked 
| 247|0x000000008f700000, 0x000000008f800000, 0x000000008f800000|100%| O|  |TAMS 0x000000008f700000, 0x000000008f700000| Untracked 
| 248|0x000000008f800000, 0x000000008f900000, 0x000000008f900000|100%| O|  |TAMS 0x000000008f800000, 0x000000008f800000| Untracked 
| 249|0x000000008f900000, 0x000000008fa00000, 0x000000008fa00000|100%| O|  |TAMS 0x000000008f900000, 0x000000008f900000| Untracked 
| 250|0x000000008fa00000, 0x000000008fb00000, 0x000000008fb00000|100%| O|  |TAMS 0x000000008fa00000, 0x000000008fa00000| Untracked 
| 251|0x000000008fb00000, 0x000000008fc00000, 0x000000008fc00000|100%| O|  |TAMS 0x000000008fb00000, 0x000000008fb00000| Untracked 
| 252|0x000000008fc00000, 0x000000008fd00000, 0x000000008fd00000|100%| O|  |TAMS 0x000000008fc00000, 0x000000008fc00000| Untracked 
| 253|0x000000008fd00000, 0x000000008fe00000, 0x000000008fe00000|100%| O|  |TAMS 0x000000008fd00000, 0x000000008fd00000| Untracked 
| 254|0x000000008fe00000, 0x000000008ff00000, 0x000000008ff00000|100%| O|  |TAMS 0x000000008fe00000, 0x000000008fe00000| Untracked 
| 255|0x000000008ff00000, 0x0000000090000000, 0x0000000090000000|100%| O|  |TAMS 0x000000008ff00000, 0x000000008ff00000| Untracked 
| 256|0x0000000090000000, 0x0000000090100000, 0x0000000090100000|100%| O|  |TAMS 0x0000000090000000, 0x0000000090000000| Untracked 
| 257|0x0000000090100000, 0x0000000090200000, 0x0000000090200000|100%| O|  |TAMS 0x0000000090100000, 0x0000000090100000| Untracked 
| 258|0x0000000090200000, 0x0000000090300000, 0x0000000090300000|100%| O|  |TAMS 0x0000000090200000, 0x0000000090200000| Untracked 
| 259|0x0000000090300000, 0x0000000090400000, 0x0000000090400000|100%| O|  |TAMS 0x0000000090300000, 0x0000000090300000| Untracked 
| 260|0x0000000090400000, 0x0000000090500000, 0x0000000090500000|100%| O|  |TAMS 0x0000000090400000, 0x0000000090400000| Untracked 
| 261|0x0000000090500000, 0x0000000090600000, 0x0000000090600000|100%| O|  |TAMS 0x0000000090500000, 0x0000000090500000| Untracked 
| 262|0x0000000090600000, 0x0000000090700000, 0x0000000090700000|100%| O|  |TAMS 0x0000000090600000, 0x0000000090600000| Untracked 
| 263|0x0000000090700000, 0x0000000090800000, 0x0000000090800000|100%| O|  |TAMS 0x0000000090700000, 0x0000000090700000| Untracked 
| 264|0x0000000090800000, 0x0000000090900000, 0x0000000090900000|100%| O|  |TAMS 0x0000000090800000, 0x0000000090800000| Untracked 
| 265|0x0000000090900000, 0x0000000090a00000, 0x0000000090a00000|100%| O|  |TAMS 0x0000000090900000, 0x0000000090900000| Untracked 
| 266|0x0000000090a00000, 0x0000000090b00000, 0x0000000090b00000|100%| O|  |TAMS 0x0000000090a00000, 0x0000000090a00000| Untracked 
| 267|0x0000000090b00000, 0x0000000090c00000, 0x0000000090c00000|100%| O|  |TAMS 0x0000000090b00000, 0x0000000090b00000| Untracked 
| 268|0x0000000090c00000, 0x0000000090d00000, 0x0000000090d00000|100%| O|  |TAMS 0x0000000090c00000, 0x0000000090c00000| Untracked 
| 269|0x0000000090d00000, 0x0000000090e00000, 0x0000000090e00000|100%| O|  |TAMS 0x0000000090d00000, 0x0000000090d00000| Untracked 
| 270|0x0000000090e00000, 0x0000000090f00000, 0x0000000090f00000|100%| O|  |TAMS 0x0000000090e00000, 0x0000000090e00000| Untracked 
| 271|0x0000000090f00000, 0x0000000091000000, 0x0000000091000000|100%| O|  |TAMS 0x0000000090f00000, 0x0000000090f00000| Untracked 
| 272|0x0000000091000000, 0x0000000091100000, 0x0000000091100000|100%| O|  |TAMS 0x0000000091000000, 0x0000000091000000| Untracked 
| 273|0x0000000091100000, 0x0000000091200000, 0x0000000091200000|100%| O|  |TAMS 0x0000000091100000, 0x0000000091100000| Untracked 
| 274|0x0000000091200000, 0x0000000091300000, 0x0000000091300000|100%| O|  |TAMS 0x0000000091200000, 0x0000000091200000| Untracked 
| 275|0x0000000091300000, 0x0000000091400000, 0x0000000091400000|100%| O|  |TAMS 0x0000000091300000, 0x0000000091300000| Untracked 
| 276|0x0000000091400000, 0x0000000091500000, 0x0000000091500000|100%| O|  |TAMS 0x0000000091400000, 0x0000000091400000| Untracked 
| 277|0x0000000091500000, 0x0000000091600000, 0x0000000091600000|100%| O|  |TAMS 0x0000000091500000, 0x0000000091500000| Untracked 
| 278|0x0000000091600000, 0x0000000091700000, 0x0000000091700000|100%| O|  |TAMS 0x0000000091600000, 0x0000000091600000| Untracked 
| 279|0x0000000091700000, 0x0000000091800000, 0x0000000091800000|100%| O|  |TAMS 0x0000000091700000, 0x0000000091700000| Untracked 
| 280|0x0000000091800000, 0x0000000091900000, 0x0000000091900000|100%| O|  |TAMS 0x0000000091800000, 0x0000000091800000| Untracked 
| 281|0x0000000091900000, 0x0000000091a00000, 0x0000000091a00000|100%| O|  |TAMS 0x0000000091900000, 0x0000000091900000| Untracked 
| 282|0x0000000091a00000, 0x0000000091b00000, 0x0000000091b00000|100%| O|  |TAMS 0x0000000091a00000, 0x0000000091a00000| Untracked 
| 283|0x0000000091b00000, 0x0000000091c00000, 0x0000000091c00000|100%| O|  |TAMS 0x0000000091b00000, 0x0000000091b00000| Untracked 
| 284|0x0000000091c00000, 0x0000000091d00000, 0x0000000091d00000|100%| O|  |TAMS 0x0000000091c00000, 0x0000000091c00000| Untracked 
| 285|0x0000000091d00000, 0x0000000091e00000, 0x0000000091e00000|100%| O|  |TAMS 0x0000000091d00000, 0x0000000091d00000| Untracked 
| 286|0x0000000091e00000, 0x0000000091f00000, 0x0000000091f00000|100%| O|  |TAMS 0x0000000091e00000, 0x0000000091e00000| Untracked 
| 287|0x0000000091f00000, 0x0000000092000000, 0x0000000092000000|100%| O|  |TAMS 0x0000000091f00000, 0x0000000091f00000| Untracked 
| 288|0x0000000092000000, 0x0000000092100000, 0x0000000092100000|100%| O|  |TAMS 0x0000000092000000, 0x0000000092000000| Untracked 
| 289|0x0000000092100000, 0x0000000092200000, 0x0000000092200000|100%| O|  |TAMS 0x0000000092100000, 0x0000000092100000| Untracked 
| 290|0x0000000092200000, 0x0000000092300000, 0x0000000092300000|100%| O|  |TAMS 0x0000000092200000, 0x0000000092200000| Untracked 
| 291|0x0000000092300000, 0x0000000092400000, 0x0000000092400000|100%| O|  |TAMS 0x0000000092300000, 0x0000000092300000| Untracked 
| 292|0x0000000092400000, 0x0000000092500000, 0x0000000092500000|100%| O|  |TAMS 0x0000000092400000, 0x0000000092400000| Untracked 
| 293|0x0000000092500000, 0x0000000092600000, 0x0000000092600000|100%| O|  |TAMS 0x0000000092500000, 0x0000000092500000| Untracked 
| 294|0x0000000092600000, 0x0000000092700000, 0x0000000092700000|100%| O|  |TAMS 0x0000000092600000, 0x0000000092600000| Untracked 
| 295|0x0000000092700000, 0x0000000092800000, 0x0000000092800000|100%| O|  |TAMS 0x0000000092700000, 0x0000000092700000| Untracked 
| 296|0x0000000092800000, 0x0000000092900000, 0x0000000092900000|100%| O|  |TAMS 0x0000000092800000, 0x0000000092800000| Untracked 
| 297|0x0000000092900000, 0x0000000092a00000, 0x0000000092a00000|100%| O|  |TAMS 0x0000000092900000, 0x0000000092900000| Untracked 
| 298|0x0000000092a00000, 0x0000000092b00000, 0x0000000092b00000|100%| O|  |TAMS 0x0000000092a00000, 0x0000000092a00000| Untracked 
| 299|0x0000000092b00000, 0x0000000092c00000, 0x0000000092c00000|100%| O|  |TAMS 0x0000000092b00000, 0x0000000092b00000| Untracked 
| 300|0x0000000092c00000, 0x0000000092d00000, 0x0000000092d00000|100%| O|  |TAMS 0x0000000092c00000, 0x0000000092c00000| Untracked 
| 301|0x0000000092d00000, 0x0000000092e00000, 0x0000000092e00000|100%| O|  |TAMS 0x0000000092d00000, 0x0000000092d00000| Untracked 
| 302|0x0000000092e00000, 0x0000000092f00000, 0x0000000092f00000|100%| O|  |TAMS 0x0000000092e00000, 0x0000000092e00000| Untracked 
| 303|0x0000000092f00000, 0x0000000093000000, 0x0000000093000000|100%| O|  |TAMS 0x0000000092f00000, 0x0000000092f00000| Untracked 
| 304|0x0000000093000000, 0x0000000093100000, 0x0000000093100000|100%| O|  |TAMS 0x0000000093000000, 0x0000000093000000| Untracked 
| 305|0x0000000093100000, 0x0000000093200000, 0x0000000093200000|100%| O|  |TAMS 0x0000000093100000, 0x0000000093100000| Untracked 
| 306|0x0000000093200000, 0x0000000093300000, 0x0000000093300000|100%| O|  |TAMS 0x0000000093200000, 0x0000000093200000| Untracked 
| 307|0x0000000093300000, 0x0000000093400000, 0x0000000093400000|100%| O|  |TAMS 0x0000000093300000, 0x0000000093300000| Untracked 
| 308|0x0000000093400000, 0x0000000093500000, 0x0000000093500000|100%| O|  |TAMS 0x0000000093400000, 0x0000000093400000| Untracked 
| 309|0x0000000093500000, 0x0000000093600000, 0x0000000093600000|100%| O|  |TAMS 0x0000000093500000, 0x0000000093500000| Untracked 
| 310|0x0000000093600000, 0x0000000093700000, 0x0000000093700000|100%|HS|  |TAMS 0x0000000093600000, 0x0000000093600000| Complete 
| 311|0x0000000093700000, 0x0000000093800000, 0x0000000093800000|100%|HC|  |TAMS 0x0000000093700000, 0x0000000093700000| Complete 
| 312|0x0000000093800000, 0x0000000093900000, 0x0000000093900000|100%| O|  |TAMS 0x0000000093800000, 0x0000000093800000| Untracked 
| 313|0x0000000093900000, 0x0000000093a00000, 0x0000000093a00000|100%| O|  |TAMS 0x0000000093900000, 0x0000000093900000| Untracked 
| 314|0x0000000093a00000, 0x0000000093b00000, 0x0000000093b00000|100%| O|  |TAMS 0x0000000093a00000, 0x0000000093a00000| Untracked 
| 315|0x0000000093b00000, 0x0000000093c00000, 0x0000000093c00000|100%| O|  |TAMS 0x0000000093b00000, 0x0000000093b00000| Untracked 
| 316|0x0000000093c00000, 0x0000000093d00000, 0x0000000093d00000|100%| O|  |TAMS 0x0000000093c00000, 0x0000000093c00000| Untracked 
| 317|0x0000000093d00000, 0x0000000093e00000, 0x0000000093e00000|100%| O|  |TAMS 0x0000000093d00000, 0x0000000093d00000| Untracked 
| 318|0x0000000093e00000, 0x0000000093f00000, 0x0000000093f00000|100%| O|  |TAMS 0x0000000093e00000, 0x0000000093e00000| Untracked 
| 319|0x0000000093f00000, 0x0000000094000000, 0x0000000094000000|100%| O|  |TAMS 0x0000000093f00000, 0x0000000093f00000| Untracked 
| 320|0x0000000094000000, 0x0000000094100000, 0x0000000094100000|100%| O|  |TAMS 0x0000000094000000, 0x0000000094000000| Untracked 
| 321|0x0000000094100000, 0x0000000094200000, 0x0000000094200000|100%| O|  |TAMS 0x0000000094100000, 0x0000000094100000| Untracked 
| 322|0x0000000094200000, 0x0000000094300000, 0x0000000094300000|100%| O|  |TAMS 0x0000000094200000, 0x0000000094200000| Untracked 
| 323|0x0000000094300000, 0x0000000094400000, 0x0000000094400000|100%| O|  |TAMS 0x0000000094300000, 0x0000000094300000| Untracked 
| 324|0x0000000094400000, 0x0000000094500000, 0x0000000094500000|100%| O|  |TAMS 0x0000000094400000, 0x0000000094400000| Untracked 
| 325|0x0000000094500000, 0x0000000094600000, 0x0000000094600000|100%| O|  |TAMS 0x0000000094500000, 0x0000000094500000| Untracked 
| 326|0x0000000094600000, 0x0000000094700000, 0x0000000094700000|100%| O|  |TAMS 0x0000000094600000, 0x0000000094600000| Untracked 
| 327|0x0000000094700000, 0x0000000094800000, 0x0000000094800000|100%| O|  |TAMS 0x0000000094700000, 0x0000000094700000| Untracked 
| 328|0x0000000094800000, 0x0000000094900000, 0x0000000094900000|100%| O|  |TAMS 0x0000000094800000, 0x0000000094800000| Untracked 
| 329|0x0000000094900000, 0x0000000094a00000, 0x0000000094a00000|100%| O|  |TAMS 0x0000000094900000, 0x0000000094900000| Untracked 
| 330|0x0000000094a00000, 0x0000000094b00000, 0x0000000094b00000|100%| O|  |TAMS 0x0000000094a00000, 0x0000000094a00000| Untracked 
| 331|0x0000000094b00000, 0x0000000094c00000, 0x0000000094c00000|100%| O|  |TAMS 0x0000000094b00000, 0x0000000094b00000| Untracked 
| 332|0x0000000094c00000, 0x0000000094d00000, 0x0000000094d00000|100%| O|  |TAMS 0x0000000094c00000, 0x0000000094c00000| Untracked 
| 333|0x0000000094d00000, 0x0000000094e00000, 0x0000000094e00000|100%| O|  |TAMS 0x0000000094d00000, 0x0000000094d00000| Untracked 
| 334|0x0000000094e00000, 0x0000000094f00000, 0x0000000094f00000|100%| O|  |TAMS 0x0000000094e00000, 0x0000000094e00000| Untracked 
| 335|0x0000000094f00000, 0x0000000095000000, 0x0000000095000000|100%| O|  |TAMS 0x0000000094f00000, 0x0000000094f00000| Untracked 
| 336|0x0000000095000000, 0x0000000095100000, 0x0000000095100000|100%| O|  |TAMS 0x0000000095000000, 0x0000000095000000| Untracked 
| 337|0x0000000095100000, 0x0000000095200000, 0x0000000095200000|100%| O|  |TAMS 0x0000000095100000, 0x0000000095100000| Untracked 
| 338|0x0000000095200000, 0x0000000095300000, 0x0000000095300000|100%| O|  |TAMS 0x0000000095200000, 0x0000000095200000| Untracked 
| 339|0x0000000095300000, 0x0000000095400000, 0x0000000095400000|100%| O|  |TAMS 0x0000000095300000, 0x0000000095300000| Untracked 
| 340|0x0000000095400000, 0x0000000095500000, 0x0000000095500000|100%| O|  |TAMS 0x0000000095400000, 0x0000000095400000| Untracked 
| 341|0x0000000095500000, 0x0000000095600000, 0x0000000095600000|100%| O|  |TAMS 0x0000000095500000, 0x0000000095500000| Untracked 
| 342|0x0000000095600000, 0x0000000095700000, 0x0000000095700000|100%| O|  |TAMS 0x0000000095600000, 0x0000000095600000| Untracked 
| 343|0x0000000095700000, 0x0000000095800000, 0x0000000095800000|100%| O|  |TAMS 0x0000000095700000, 0x0000000095700000| Untracked 
| 344|0x0000000095800000, 0x0000000095900000, 0x0000000095900000|100%| O|  |TAMS 0x0000000095800000, 0x0000000095800000| Untracked 
| 345|0x0000000095900000, 0x0000000095a00000, 0x0000000095a00000|100%| O|  |TAMS 0x0000000095900000, 0x0000000095900000| Untracked 
| 346|0x0000000095a00000, 0x0000000095b00000, 0x0000000095b00000|100%| O|  |TAMS 0x0000000095a00000, 0x0000000095a00000| Untracked 
| 347|0x0000000095b00000, 0x0000000095c00000, 0x0000000095c00000|100%| O|  |TAMS 0x0000000095b00000, 0x0000000095b00000| Untracked 
| 348|0x0000000095c00000, 0x0000000095d00000, 0x0000000095d00000|100%| O|  |TAMS 0x0000000095c00000, 0x0000000095c00000| Untracked 
| 349|0x0000000095d00000, 0x0000000095e00000, 0x0000000095e00000|100%| O|  |TAMS 0x0000000095d00000, 0x0000000095d00000| Untracked 
| 350|0x0000000095e00000, 0x0000000095f00000, 0x0000000095f00000|100%| O|  |TAMS 0x0000000095e00000, 0x0000000095e00000| Untracked 
| 351|0x0000000095f00000, 0x0000000096000000, 0x0000000096000000|100%| O|  |TAMS 0x0000000095f00000, 0x0000000095f00000| Untracked 
| 352|0x0000000096000000, 0x0000000096100000, 0x0000000096100000|100%| O|  |TAMS 0x0000000096000000, 0x0000000096000000| Untracked 
| 353|0x0000000096100000, 0x0000000096200000, 0x0000000096200000|100%| O|  |TAMS 0x0000000096100000, 0x0000000096100000| Untracked 
| 354|0x0000000096200000, 0x0000000096300000, 0x0000000096300000|100%| O|  |TAMS 0x0000000096200000, 0x0000000096200000| Untracked 
| 355|0x0000000096300000, 0x0000000096400000, 0x0000000096400000|100%| O|  |TAMS 0x0000000096300000, 0x0000000096300000| Untracked 
| 356|0x0000000096400000, 0x0000000096500000, 0x0000000096500000|100%| O|  |TAMS 0x0000000096400000, 0x0000000096400000| Untracked 
| 357|0x0000000096500000, 0x0000000096600000, 0x0000000096600000|100%| O|  |TAMS 0x0000000096500000, 0x0000000096500000| Untracked 
| 358|0x0000000096600000, 0x0000000096700000, 0x0000000096700000|100%| O|  |TAMS 0x0000000096600000, 0x0000000096600000| Untracked 
| 359|0x0000000096700000, 0x0000000096800000, 0x0000000096800000|100%| O|  |TAMS 0x0000000096700000, 0x0000000096700000| Untracked 
| 360|0x0000000096800000, 0x0000000096900000, 0x0000000096900000|100%| O|  |TAMS 0x0000000096800000, 0x0000000096800000| Untracked 
| 361|0x0000000096900000, 0x0000000096a00000, 0x0000000096a00000|100%| O|  |TAMS 0x0000000096900000, 0x0000000096900000| Untracked 
| 362|0x0000000096a00000, 0x0000000096b00000, 0x0000000096b00000|100%| O|  |TAMS 0x0000000096a00000, 0x0000000096a00000| Untracked 
| 363|0x0000000096b00000, 0x0000000096c00000, 0x0000000096c00000|100%| O|  |TAMS 0x0000000096b00000, 0x0000000096b00000| Untracked 
| 364|0x0000000096c00000, 0x0000000096d00000, 0x0000000096d00000|100%| O|  |TAMS 0x0000000096c00000, 0x0000000096c00000| Untracked 
| 365|0x0000000096d00000, 0x0000000096e00000, 0x0000000096e00000|100%| O|  |TAMS 0x0000000096d00000, 0x0000000096d00000| Untracked 
| 366|0x0000000096e00000, 0x0000000096f00000, 0x0000000096f00000|100%| O|  |TAMS 0x0000000096e00000, 0x0000000096e00000| Untracked 
| 367|0x0000000096f00000, 0x0000000097000000, 0x0000000097000000|100%| O|  |TAMS 0x0000000096f00000, 0x0000000096f00000| Untracked 
| 368|0x0000000097000000, 0x0000000097100000, 0x0000000097100000|100%| O|  |TAMS 0x0000000097000000, 0x0000000097000000| Untracked 
| 369|0x0000000097100000, 0x0000000097200000, 0x0000000097200000|100%| O|  |TAMS 0x0000000097100000, 0x0000000097100000| Untracked 
| 370|0x0000000097200000, 0x0000000097300000, 0x0000000097300000|100%| O|  |TAMS 0x0000000097200000, 0x0000000097200000| Untracked 
| 371|0x0000000097300000, 0x0000000097400000, 0x0000000097400000|100%| O|  |TAMS 0x0000000097300000, 0x0000000097300000| Untracked 
| 372|0x0000000097400000, 0x0000000097500000, 0x0000000097500000|100%| O|  |TAMS 0x0000000097400000, 0x0000000097400000| Untracked 
| 373|0x0000000097500000, 0x0000000097600000, 0x0000000097600000|100%| O|  |TAMS 0x0000000097500000, 0x0000000097500000| Untracked 
| 374|0x0000000097600000, 0x0000000097700000, 0x0000000097700000|100%| O|  |TAMS 0x0000000097600000, 0x0000000097600000| Untracked 
| 375|0x0000000097700000, 0x0000000097800000, 0x0000000097800000|100%| O|  |TAMS 0x0000000097700000, 0x0000000097700000| Untracked 
| 376|0x0000000097800000, 0x0000000097900000, 0x0000000097900000|100%| O|  |TAMS 0x0000000097800000, 0x0000000097800000| Untracked 
| 377|0x0000000097900000, 0x0000000097a00000, 0x0000000097a00000|100%| O|  |TAMS 0x0000000097900000, 0x0000000097900000| Untracked 
| 378|0x0000000097a00000, 0x0000000097b00000, 0x0000000097b00000|100%| O|  |TAMS 0x0000000097a00000, 0x0000000097a00000| Untracked 
| 379|0x0000000097b00000, 0x0000000097c00000, 0x0000000097c00000|100%| O|  |TAMS 0x0000000097b00000, 0x0000000097b00000| Untracked 
| 380|0x0000000097c00000, 0x0000000097d00000, 0x0000000097d00000|100%| O|  |TAMS 0x0000000097c00000, 0x0000000097c00000| Untracked 
| 381|0x0000000097d00000, 0x0000000097e00000, 0x0000000097e00000|100%| O|  |TAMS 0x0000000097d00000, 0x0000000097d00000| Untracked 
| 382|0x0000000097e00000, 0x0000000097f00000, 0x0000000097f00000|100%| O|  |TAMS 0x0000000097e00000, 0x0000000097e00000| Untracked 
| 383|0x0000000097f00000, 0x0000000098000000, 0x0000000098000000|100%| O|  |TAMS 0x0000000097f00000, 0x0000000097f00000| Untracked 
| 384|0x0000000098000000, 0x0000000098100000, 0x0000000098100000|100%| O|  |TAMS 0x0000000098000000, 0x0000000098000000| Untracked 
| 385|0x0000000098100000, 0x0000000098200000, 0x0000000098200000|100%| O|  |TAMS 0x0000000098100000, 0x0000000098100000| Untracked 
| 386|0x0000000098200000, 0x0000000098300000, 0x0000000098300000|100%| O|  |TAMS 0x0000000098200000, 0x0000000098200000| Untracked 
| 387|0x0000000098300000, 0x0000000098400000, 0x0000000098400000|100%| O|  |TAMS 0x0000000098300000, 0x0000000098300000| Untracked 
| 388|0x0000000098400000, 0x0000000098500000, 0x0000000098500000|100%| O|  |TAMS 0x0000000098400000, 0x0000000098400000| Untracked 
| 389|0x0000000098500000, 0x0000000098600000, 0x0000000098600000|100%| O|  |TAMS 0x0000000098500000, 0x0000000098500000| Untracked 
| 390|0x0000000098600000, 0x0000000098700000, 0x0000000098700000|100%| O|  |TAMS 0x0000000098600000, 0x0000000098600000| Untracked 
| 391|0x0000000098700000, 0x0000000098800000, 0x0000000098800000|100%| O|  |TAMS 0x0000000098700000, 0x0000000098700000| Untracked 
| 392|0x0000000098800000, 0x0000000098900000, 0x0000000098900000|100%| O|  |TAMS 0x0000000098800000, 0x0000000098800000| Untracked 
| 393|0x0000000098900000, 0x0000000098a00000, 0x0000000098a00000|100%| O|  |TAMS 0x0000000098900000, 0x0000000098900000| Untracked 
| 394|0x0000000098a00000, 0x0000000098b00000, 0x0000000098b00000|100%| O|  |TAMS 0x0000000098a00000, 0x0000000098a00000| Untracked 
| 395|0x0000000098b00000, 0x0000000098c00000, 0x0000000098c00000|100%| O|  |TAMS 0x0000000098b00000, 0x0000000098b00000| Untracked 
| 396|0x0000000098c00000, 0x0000000098d00000, 0x0000000098d00000|100%| O|  |TAMS 0x0000000098c00000, 0x0000000098c00000| Untracked 
| 397|0x0000000098d00000, 0x0000000098e00000, 0x0000000098e00000|100%| O|  |TAMS 0x0000000098d00000, 0x0000000098d00000| Untracked 
| 398|0x0000000098e00000, 0x0000000098f00000, 0x0000000098f00000|100%| O|  |TAMS 0x0000000098e00000, 0x0000000098e00000| Untracked 
| 399|0x0000000098f00000, 0x0000000099000000, 0x0000000099000000|100%| O|  |TAMS 0x0000000098f00000, 0x0000000098f00000| Untracked 
| 400|0x0000000099000000, 0x0000000099100000, 0x0000000099100000|100%| O|  |TAMS 0x0000000099000000, 0x0000000099000000| Untracked 
| 401|0x0000000099100000, 0x0000000099200000, 0x0000000099200000|100%| O|  |TAMS 0x0000000099100000, 0x0000000099100000| Untracked 
| 402|0x0000000099200000, 0x0000000099300000, 0x0000000099300000|100%| O|  |TAMS 0x0000000099200000, 0x0000000099200000| Untracked 
| 403|0x0000000099300000, 0x0000000099400000, 0x0000000099400000|100%| O|  |TAMS 0x0000000099300000, 0x0000000099300000| Untracked 
| 404|0x0000000099400000, 0x0000000099500000, 0x0000000099500000|100%| O|  |TAMS 0x0000000099400000, 0x0000000099400000| Untracked 
| 405|0x0000000099500000, 0x0000000099600000, 0x0000000099600000|100%| O|  |TAMS 0x0000000099500000, 0x0000000099500000| Untracked 
| 406|0x0000000099600000, 0x0000000099700000, 0x0000000099700000|100%| O|  |TAMS 0x0000000099600000, 0x0000000099600000| Untracked 
| 407|0x0000000099700000, 0x0000000099800000, 0x0000000099800000|100%| O|  |TAMS 0x0000000099700000, 0x0000000099700000| Untracked 
| 408|0x0000000099800000, 0x0000000099900000, 0x0000000099900000|100%| O|  |TAMS 0x0000000099800000, 0x0000000099800000| Untracked 
| 409|0x0000000099900000, 0x0000000099a00000, 0x0000000099a00000|100%| O|  |TAMS 0x0000000099900000, 0x0000000099900000| Untracked 
| 410|0x0000000099a00000, 0x0000000099b00000, 0x0000000099b00000|100%| O|  |TAMS 0x0000000099a00000, 0x0000000099a00000| Untracked 
| 411|0x0000000099b00000, 0x0000000099c00000, 0x0000000099c00000|100%| O|  |TAMS 0x0000000099b00000, 0x0000000099b00000| Untracked 
| 412|0x0000000099c00000, 0x0000000099d00000, 0x0000000099d00000|100%| O|  |TAMS 0x0000000099c00000, 0x0000000099c00000| Untracked 
| 413|0x0000000099d00000, 0x0000000099e00000, 0x0000000099e00000|100%| O|  |TAMS 0x0000000099d00000, 0x0000000099d00000| Untracked 
| 414|0x0000000099e00000, 0x0000000099f00000, 0x0000000099f00000|100%| O|  |TAMS 0x0000000099e00000, 0x0000000099e00000| Untracked 
| 415|0x0000000099f00000, 0x000000009a000000, 0x000000009a000000|100%| O|  |TAMS 0x0000000099f00000, 0x0000000099f00000| Untracked 
| 416|0x000000009a000000, 0x000000009a100000, 0x000000009a100000|100%| O|  |TAMS 0x000000009a000000, 0x000000009a000000| Untracked 
| 417|0x000000009a100000, 0x000000009a200000, 0x000000009a200000|100%| O|  |TAMS 0x000000009a100000, 0x000000009a100000| Untracked 
| 418|0x000000009a200000, 0x000000009a300000, 0x000000009a300000|100%| O|  |TAMS 0x000000009a200000, 0x000000009a200000| Untracked 
| 419|0x000000009a300000, 0x000000009a400000, 0x000000009a400000|100%| O|  |TAMS 0x000000009a300000, 0x000000009a300000| Untracked 
| 420|0x000000009a400000, 0x000000009a500000, 0x000000009a500000|100%| O|  |TAMS 0x000000009a400000, 0x000000009a400000| Untracked 
| 421|0x000000009a500000, 0x000000009a600000, 0x000000009a600000|100%| O|  |TAMS 0x000000009a500000, 0x000000009a500000| Untracked 
| 422|0x000000009a600000, 0x000000009a700000, 0x000000009a700000|100%| O|  |TAMS 0x000000009a600000, 0x000000009a600000| Untracked 
| 423|0x000000009a700000, 0x000000009a800000, 0x000000009a800000|100%| O|  |TAMS 0x000000009a700000, 0x000000009a700000| Untracked 
| 424|0x000000009a800000, 0x000000009a900000, 0x000000009a900000|100%| O|  |TAMS 0x000000009a800000, 0x000000009a800000| Untracked 
| 425|0x000000009a900000, 0x000000009aa00000, 0x000000009aa00000|100%| O|  |TAMS 0x000000009a900000, 0x000000009a900000| Untracked 
| 426|0x000000009aa00000, 0x000000009ab00000, 0x000000009ab00000|100%| O|  |TAMS 0x000000009aa00000, 0x000000009aa00000| Untracked 
| 427|0x000000009ab00000, 0x000000009ac00000, 0x000000009ac00000|100%| O|  |TAMS 0x000000009ab00000, 0x000000009ab00000| Untracked 
| 428|0x000000009ac00000, 0x000000009ad00000, 0x000000009ad00000|100%| O|  |TAMS 0x000000009ac00000, 0x000000009ac00000| Untracked 
| 429|0x000000009ad00000, 0x000000009ae00000, 0x000000009ae00000|100%| O|  |TAMS 0x000000009ad00000, 0x000000009ad00000| Untracked 
| 430|0x000000009ae00000, 0x000000009af00000, 0x000000009af00000|100%| O|  |TAMS 0x000000009ae00000, 0x000000009ae00000| Untracked 
| 431|0x000000009af00000, 0x000000009b000000, 0x000000009b000000|100%| O|  |TAMS 0x000000009af00000, 0x000000009af00000| Untracked 
| 432|0x000000009b000000, 0x000000009b100000, 0x000000009b100000|100%| O|  |TAMS 0x000000009b000000, 0x000000009b000000| Untracked 
| 433|0x000000009b100000, 0x000000009b200000, 0x000000009b200000|100%| O|  |TAMS 0x000000009b100000, 0x000000009b100000| Untracked 
| 434|0x000000009b200000, 0x000000009b300000, 0x000000009b300000|100%| O|  |TAMS 0x000000009b200000, 0x000000009b200000| Untracked 
| 435|0x000000009b300000, 0x000000009b400000, 0x000000009b400000|100%| O|  |TAMS 0x000000009b300000, 0x000000009b300000| Untracked 
| 436|0x000000009b400000, 0x000000009b500000, 0x000000009b500000|100%| O|  |TAMS 0x000000009b400000, 0x000000009b400000| Untracked 
| 437|0x000000009b500000, 0x000000009b600000, 0x000000009b600000|100%| O|  |TAMS 0x000000009b500000, 0x000000009b500000| Untracked 
| 438|0x000000009b600000, 0x000000009b700000, 0x000000009b700000|100%| O|  |TAMS 0x000000009b600000, 0x000000009b600000| Untracked 
| 439|0x000000009b700000, 0x000000009b800000, 0x000000009b800000|100%| O|  |TAMS 0x000000009b700000, 0x000000009b700000| Untracked 
| 440|0x000000009b800000, 0x000000009b900000, 0x000000009b900000|100%| O|  |TAMS 0x000000009b800000, 0x000000009b800000| Untracked 
| 441|0x000000009b900000, 0x000000009ba00000, 0x000000009ba00000|100%| O|  |TAMS 0x000000009b900000, 0x000000009b900000| Untracked 
| 442|0x000000009ba00000, 0x000000009bb00000, 0x000000009bb00000|100%| O|  |TAMS 0x000000009ba00000, 0x000000009ba00000| Untracked 
| 443|0x000000009bb00000, 0x000000009bc00000, 0x000000009bc00000|100%| O|  |TAMS 0x000000009bb00000, 0x000000009bb00000| Untracked 
| 444|0x000000009bc00000, 0x000000009bd00000, 0x000000009bd00000|100%| O|  |TAMS 0x000000009bc00000, 0x000000009bc00000| Untracked 
| 445|0x000000009bd00000, 0x000000009be00000, 0x000000009be00000|100%| O|  |TAMS 0x000000009bd00000, 0x000000009bd00000| Untracked 
| 446|0x000000009be00000, 0x000000009bf00000, 0x000000009bf00000|100%| O|  |TAMS 0x000000009be00000, 0x000000009be00000| Untracked 
| 447|0x000000009bf00000, 0x000000009c000000, 0x000000009c000000|100%| O|  |TAMS 0x000000009bf00000, 0x000000009bf00000| Untracked 
| 448|0x000000009c000000, 0x000000009c100000, 0x000000009c100000|100%| O|  |TAMS 0x000000009c000000, 0x000000009c000000| Untracked 
| 449|0x000000009c100000, 0x000000009c200000, 0x000000009c200000|100%| O|  |TAMS 0x000000009c100000, 0x000000009c100000| Untracked 
| 450|0x000000009c200000, 0x000000009c300000, 0x000000009c300000|100%| O|  |TAMS 0x000000009c200000, 0x000000009c200000| Untracked 
| 451|0x000000009c300000, 0x000000009c400000, 0x000000009c400000|100%| O|  |TAMS 0x000000009c300000, 0x000000009c300000| Untracked 
| 452|0x000000009c400000, 0x000000009c500000, 0x000000009c500000|100%| O|  |TAMS 0x000000009c400000, 0x000000009c400000| Untracked 
| 453|0x000000009c500000, 0x000000009c600000, 0x000000009c600000|100%| O|  |TAMS 0x000000009c500000, 0x000000009c500000| Untracked 
| 454|0x000000009c600000, 0x000000009c700000, 0x000000009c700000|100%| O|  |TAMS 0x000000009c600000, 0x000000009c600000| Untracked 
| 455|0x000000009c700000, 0x000000009c800000, 0x000000009c800000|100%| O|  |TAMS 0x000000009c700000, 0x000000009c700000| Untracked 
| 456|0x000000009c800000, 0x000000009c900000, 0x000000009c900000|100%| O|  |TAMS 0x000000009c800000, 0x000000009c800000| Untracked 
| 457|0x000000009c900000, 0x000000009ca00000, 0x000000009ca00000|100%| O|  |TAMS 0x000000009c900000, 0x000000009c900000| Untracked 
| 458|0x000000009ca00000, 0x000000009cb00000, 0x000000009cb00000|100%| O|  |TAMS 0x000000009ca00000, 0x000000009ca00000| Untracked 
| 459|0x000000009cb00000, 0x000000009cc00000, 0x000000009cc00000|100%| O|  |TAMS 0x000000009cb00000, 0x000000009cb00000| Untracked 
| 460|0x000000009cc00000, 0x000000009cd00000, 0x000000009cd00000|100%| O|  |TAMS 0x000000009cc00000, 0x000000009cc00000| Untracked 
| 461|0x000000009cd00000, 0x000000009ce00000, 0x000000009ce00000|100%| O|  |TAMS 0x000000009cd00000, 0x000000009cd00000| Untracked 
| 462|0x000000009ce00000, 0x000000009cf00000, 0x000000009cf00000|100%| O|  |TAMS 0x000000009ce00000, 0x000000009ce00000| Untracked 
| 463|0x000000009cf00000, 0x000000009d000000, 0x000000009d000000|100%| O|  |TAMS 0x000000009cf00000, 0x000000009cf00000| Untracked 
| 464|0x000000009d000000, 0x000000009d100000, 0x000000009d100000|100%| O|  |TAMS 0x000000009d000000, 0x000000009d000000| Untracked 
| 465|0x000000009d100000, 0x000000009d200000, 0x000000009d200000|100%| O|  |TAMS 0x000000009d100000, 0x000000009d100000| Untracked 
| 466|0x000000009d200000, 0x000000009d300000, 0x000000009d300000|100%| O|  |TAMS 0x000000009d200000, 0x000000009d200000| Untracked 
| 467|0x000000009d300000, 0x000000009d400000, 0x000000009d400000|100%| O|  |TAMS 0x000000009d300000, 0x000000009d300000| Untracked 
| 468|0x000000009d400000, 0x000000009d500000, 0x000000009d500000|100%| O|  |TAMS 0x000000009d400000, 0x000000009d400000| Untracked 
| 469|0x000000009d500000, 0x000000009d600000, 0x000000009d600000|100%| O|  |TAMS 0x000000009d500000, 0x000000009d500000| Untracked 
| 470|0x000000009d600000, 0x000000009d700000, 0x000000009d700000|100%| O|  |TAMS 0x000000009d600000, 0x000000009d600000| Untracked 
| 471|0x000000009d700000, 0x000000009d800000, 0x000000009d800000|100%| O|  |TAMS 0x000000009d700000, 0x000000009d700000| Untracked 
| 472|0x000000009d800000, 0x000000009d900000, 0x000000009d900000|100%| O|  |TAMS 0x000000009d800000, 0x000000009d800000| Untracked 
| 473|0x000000009d900000, 0x000000009da00000, 0x000000009da00000|100%| O|  |TAMS 0x000000009d900000, 0x000000009d900000| Untracked 
| 474|0x000000009da00000, 0x000000009db00000, 0x000000009db00000|100%| O|  |TAMS 0x000000009da00000, 0x000000009da00000| Untracked 
| 475|0x000000009db00000, 0x000000009dc00000, 0x000000009dc00000|100%| O|  |TAMS 0x000000009db00000, 0x000000009db00000| Untracked 
| 476|0x000000009dc00000, 0x000000009dd00000, 0x000000009dd00000|100%| O|  |TAMS 0x000000009dc00000, 0x000000009dc00000| Untracked 
| 477|0x000000009dd00000, 0x000000009de00000, 0x000000009de00000|100%| O|  |TAMS 0x000000009dd00000, 0x000000009dd00000| Untracked 
| 478|0x000000009de00000, 0x000000009df00000, 0x000000009df00000|100%| O|  |TAMS 0x000000009de00000, 0x000000009de00000| Untracked 
| 479|0x000000009df00000, 0x000000009e000000, 0x000000009e000000|100%| O|  |TAMS 0x000000009df00000, 0x000000009df00000| Untracked 
| 480|0x000000009e000000, 0x000000009e100000, 0x000000009e100000|100%| O|  |TAMS 0x000000009e000000, 0x000000009e000000| Untracked 
| 481|0x000000009e100000, 0x000000009e200000, 0x000000009e200000|100%| O|  |TAMS 0x000000009e100000, 0x000000009e100000| Untracked 
| 482|0x000000009e200000, 0x000000009e300000, 0x000000009e300000|100%| O|  |TAMS 0x000000009e200000, 0x000000009e200000| Untracked 
| 483|0x000000009e300000, 0x000000009e400000, 0x000000009e400000|100%| O|  |TAMS 0x000000009e300000, 0x000000009e300000| Untracked 
| 484|0x000000009e400000, 0x000000009e500000, 0x000000009e500000|100%| O|  |TAMS 0x000000009e400000, 0x000000009e400000| Untracked 
| 485|0x000000009e500000, 0x000000009e600000, 0x000000009e600000|100%| O|  |TAMS 0x000000009e500000, 0x000000009e500000| Untracked 
| 486|0x000000009e600000, 0x000000009e700000, 0x000000009e700000|100%| O|  |TAMS 0x000000009e600000, 0x000000009e600000| Untracked 
| 487|0x000000009e700000, 0x000000009e800000, 0x000000009e800000|100%| O|  |TAMS 0x000000009e700000, 0x000000009e700000| Untracked 
| 488|0x000000009e800000, 0x000000009e900000, 0x000000009e900000|100%| O|  |TAMS 0x000000009e800000, 0x000000009e800000| Untracked 
| 489|0x000000009e900000, 0x000000009ea00000, 0x000000009ea00000|100%| O|  |TAMS 0x000000009e900000, 0x000000009e900000| Untracked 
| 490|0x000000009ea00000, 0x000000009eb00000, 0x000000009eb00000|100%| O|  |TAMS 0x000000009ea00000, 0x000000009ea00000| Untracked 
| 491|0x000000009eb00000, 0x000000009ec00000, 0x000000009ec00000|100%| O|  |TAMS 0x000000009eb00000, 0x000000009eb00000| Untracked 
| 492|0x000000009ec00000, 0x000000009ed00000, 0x000000009ed00000|100%| O|  |TAMS 0x000000009ec00000, 0x000000009ec00000| Untracked 
| 493|0x000000009ed00000, 0x000000009ee00000, 0x000000009ee00000|100%| O|  |TAMS 0x000000009ed00000, 0x000000009ed00000| Untracked 
| 494|0x000000009ee00000, 0x000000009ef00000, 0x000000009ef00000|100%| O|  |TAMS 0x000000009ee00000, 0x000000009ee00000| Untracked 
| 495|0x000000009ef00000, 0x000000009f000000, 0x000000009f000000|100%| O|  |TAMS 0x000000009ef00000, 0x000000009ef00000| Untracked 
| 496|0x000000009f000000, 0x000000009f100000, 0x000000009f100000|100%| O|  |TAMS 0x000000009f000000, 0x000000009f000000| Untracked 
| 497|0x000000009f100000, 0x000000009f200000, 0x000000009f200000|100%| O|  |TAMS 0x000000009f100000, 0x000000009f100000| Untracked 
| 498|0x000000009f200000, 0x000000009f300000, 0x000000009f300000|100%| O|  |TAMS 0x000000009f200000, 0x000000009f200000| Untracked 
| 499|0x000000009f300000, 0x000000009f400000, 0x000000009f400000|100%| O|  |TAMS 0x000000009f300000, 0x000000009f300000| Untracked 
| 500|0x000000009f400000, 0x000000009f500000, 0x000000009f500000|100%| O|  |TAMS 0x000000009f400000, 0x000000009f400000| Untracked 
| 501|0x000000009f500000, 0x000000009f600000, 0x000000009f600000|100%| O|  |TAMS 0x000000009f500000, 0x000000009f500000| Untracked 
| 502|0x000000009f600000, 0x000000009f700000, 0x000000009f700000|100%| O|  |TAMS 0x000000009f600000, 0x000000009f600000| Untracked 
| 503|0x000000009f700000, 0x000000009f800000, 0x000000009f800000|100%| O|  |TAMS 0x000000009f700000, 0x000000009f700000| Untracked 
| 504|0x000000009f800000, 0x000000009f900000, 0x000000009f900000|100%| O|  |TAMS 0x000000009f800000, 0x000000009f800000| Untracked 
| 505|0x000000009f900000, 0x000000009fa00000, 0x000000009fa00000|100%| O|  |TAMS 0x000000009f900000, 0x000000009f900000| Untracked 
| 506|0x000000009fa00000, 0x000000009fb00000, 0x000000009fb00000|100%| O|  |TAMS 0x000000009fa00000, 0x000000009fa00000| Untracked 
| 507|0x000000009fb00000, 0x000000009fc00000, 0x000000009fc00000|100%| O|  |TAMS 0x000000009fb00000, 0x000000009fb00000| Untracked 
| 508|0x000000009fc00000, 0x000000009fd00000, 0x000000009fd00000|100%| O|  |TAMS 0x000000009fc00000, 0x000000009fc00000| Untracked 
| 509|0x000000009fd00000, 0x000000009fe00000, 0x000000009fe00000|100%| O|  |TAMS 0x000000009fd00000, 0x000000009fd00000| Untracked 
| 510|0x000000009fe00000, 0x000000009ff00000, 0x000000009ff00000|100%| O|  |TAMS 0x000000009fe00000, 0x000000009fe00000| Untracked 
| 511|0x000000009ff00000, 0x00000000a0000000, 0x00000000a0000000|100%| O|  |TAMS 0x000000009ff00000, 0x000000009ff00000| Untracked 
| 512|0x00000000a0000000, 0x00000000a0100000, 0x00000000a0100000|100%| O|  |TAMS 0x00000000a0000000, 0x00000000a0000000| Untracked 
| 513|0x00000000a0100000, 0x00000000a0200000, 0x00000000a0200000|100%| O|  |TAMS 0x00000000a0100000, 0x00000000a0100000| Untracked 
| 514|0x00000000a0200000, 0x00000000a0300000, 0x00000000a0300000|100%| O|  |TAMS 0x00000000a0200000, 0x00000000a0200000| Untracked 
| 515|0x00000000a0300000, 0x00000000a0400000, 0x00000000a0400000|100%| O|  |TAMS 0x00000000a0300000, 0x00000000a0300000| Untracked 
| 516|0x00000000a0400000, 0x00000000a0500000, 0x00000000a0500000|100%| O|  |TAMS 0x00000000a0400000, 0x00000000a0400000| Untracked 
| 517|0x00000000a0500000, 0x00000000a0600000, 0x00000000a0600000|100%| O|  |TAMS 0x00000000a0500000, 0x00000000a0500000| Untracked 
| 518|0x00000000a0600000, 0x00000000a0700000, 0x00000000a0700000|100%| O|  |TAMS 0x00000000a0600000, 0x00000000a0600000| Untracked 
| 519|0x00000000a0700000, 0x00000000a0800000, 0x00000000a0800000|100%| O|  |TAMS 0x00000000a0700000, 0x00000000a0700000| Untracked 
| 520|0x00000000a0800000, 0x00000000a0900000, 0x00000000a0900000|100%| O|  |TAMS 0x00000000a0800000, 0x00000000a0800000| Untracked 
| 521|0x00000000a0900000, 0x00000000a0a00000, 0x00000000a0a00000|100%| O|  |TAMS 0x00000000a0900000, 0x00000000a0900000| Untracked 
| 522|0x00000000a0a00000, 0x00000000a0b00000, 0x00000000a0b00000|100%| O|  |TAMS 0x00000000a0a00000, 0x00000000a0a00000| Untracked 
| 523|0x00000000a0b00000, 0x00000000a0c00000, 0x00000000a0c00000|100%| O|  |TAMS 0x00000000a0b00000, 0x00000000a0b00000| Untracked 
| 524|0x00000000a0c00000, 0x00000000a0d00000, 0x00000000a0d00000|100%| O|  |TAMS 0x00000000a0c00000, 0x00000000a0c00000| Untracked 
| 525|0x00000000a0d00000, 0x00000000a0e00000, 0x00000000a0e00000|100%| O|  |TAMS 0x00000000a0d00000, 0x00000000a0d00000| Untracked 
| 526|0x00000000a0e00000, 0x00000000a0f00000, 0x00000000a0f00000|100%| O|  |TAMS 0x00000000a0e00000, 0x00000000a0e00000| Untracked 
| 527|0x00000000a0f00000, 0x00000000a1000000, 0x00000000a1000000|100%| O|  |TAMS 0x00000000a0f00000, 0x00000000a0f00000| Untracked 
| 528|0x00000000a1000000, 0x00000000a1100000, 0x00000000a1100000|100%| O|  |TAMS 0x00000000a1000000, 0x00000000a1000000| Untracked 
| 529|0x00000000a1100000, 0x00000000a1200000, 0x00000000a1200000|100%| O|  |TAMS 0x00000000a1100000, 0x00000000a1100000| Untracked 
| 530|0x00000000a1200000, 0x00000000a1300000, 0x00000000a1300000|100%| O|  |TAMS 0x00000000a1200000, 0x00000000a1200000| Untracked 
| 531|0x00000000a1300000, 0x00000000a1400000, 0x00000000a1400000|100%| O|  |TAMS 0x00000000a1300000, 0x00000000a1300000| Untracked 
| 532|0x00000000a1400000, 0x00000000a1500000, 0x00000000a1500000|100%| O|  |TAMS 0x00000000a1400000, 0x00000000a1400000| Untracked 
| 533|0x00000000a1500000, 0x00000000a1600000, 0x00000000a1600000|100%| O|  |TAMS 0x00000000a1500000, 0x00000000a1500000| Untracked 
| 534|0x00000000a1600000, 0x00000000a1700000, 0x00000000a1700000|100%| O|  |TAMS 0x00000000a1600000, 0x00000000a1600000| Untracked 
| 535|0x00000000a1700000, 0x00000000a170dc00, 0x00000000a1800000|  5%| O|  |TAMS 0x00000000a1700000, 0x00000000a1700000| Untracked 
| 536|0x00000000a1800000, 0x00000000a1800000, 0x00000000a1900000|  0%| F|  |TAMS 0x00000000a1800000, 0x00000000a1800000| Untracked 
| 537|0x00000000a1900000, 0x00000000a1900000, 0x00000000a1a00000|  0%| F|  |TAMS 0x00000000a1900000, 0x00000000a1900000| Untracked 
| 538|0x00000000a1a00000, 0x00000000a1a00000, 0x00000000a1b00000|  0%| F|  |TAMS 0x00000000a1a00000, 0x00000000a1a00000| Untracked 
| 539|0x00000000a1b00000, 0x00000000a1b00000, 0x00000000a1c00000|  0%| F|  |TAMS 0x00000000a1b00000, 0x00000000a1b00000| Untracked 
| 540|0x00000000a1c00000, 0x00000000a1c00000, 0x00000000a1d00000|  0%| F|  |TAMS 0x00000000a1c00000, 0x00000000a1c00000| Untracked 
| 541|0x00000000a1d00000, 0x00000000a1d00000, 0x00000000a1e00000|  0%| F|  |TAMS 0x00000000a1d00000, 0x00000000a1d00000| Untracked 
| 542|0x00000000a1e00000, 0x00000000a1e00000, 0x00000000a1f00000|  0%| F|  |TAMS 0x00000000a1e00000, 0x00000000a1e00000| Untracked 
| 543|0x00000000a1f00000, 0x00000000a1f00000, 0x00000000a2000000|  0%| F|  |TAMS 0x00000000a1f00000, 0x00000000a1f00000| Untracked 
| 544|0x00000000a2000000, 0x00000000a2000000, 0x00000000a2100000|  0%| F|  |TAMS 0x00000000a2000000, 0x00000000a2000000| Untracked 
| 545|0x00000000a2100000, 0x00000000a2100000, 0x00000000a2200000|  0%| F|  |TAMS 0x00000000a2100000, 0x00000000a2100000| Untracked 
| 546|0x00000000a2200000, 0x00000000a2200000, 0x00000000a2300000|  0%| F|  |TAMS 0x00000000a2200000, 0x00000000a2200000| Untracked 
| 547|0x00000000a2300000, 0x00000000a2300000, 0x00000000a2400000|  0%| F|  |TAMS 0x00000000a2300000, 0x00000000a2300000| Untracked 
| 548|0x00000000a2400000, 0x00000000a2400000, 0x00000000a2500000|  0%| F|  |TAMS 0x00000000a2400000, 0x00000000a2400000| Untracked 
| 549|0x00000000a2500000, 0x00000000a2500000, 0x00000000a2600000|  0%| F|  |TAMS 0x00000000a2500000, 0x00000000a2500000| Untracked 
| 550|0x00000000a2600000, 0x00000000a2600000, 0x00000000a2700000|  0%| F|  |TAMS 0x00000000a2600000, 0x00000000a2600000| Untracked 
| 551|0x00000000a2700000, 0x00000000a2700000, 0x00000000a2800000|  0%| F|  |TAMS 0x00000000a2700000, 0x00000000a2700000| Untracked 
| 552|0x00000000a2800000, 0x00000000a2800000, 0x00000000a2900000|  0%| F|  |TAMS 0x00000000a2800000, 0x00000000a2800000| Untracked 
| 553|0x00000000a2900000, 0x00000000a2900000, 0x00000000a2a00000|  0%| F|  |TAMS 0x00000000a2900000, 0x00000000a2900000| Untracked 
| 554|0x00000000a2a00000, 0x00000000a2a00000, 0x00000000a2b00000|  0%| F|  |TAMS 0x00000000a2a00000, 0x00000000a2a00000| Untracked 
| 555|0x00000000a2b00000, 0x00000000a2b00000, 0x00000000a2c00000|  0%| F|  |TAMS 0x00000000a2b00000, 0x00000000a2b00000| Untracked 
| 556|0x00000000a2c00000, 0x00000000a2c00000, 0x00000000a2d00000|  0%| F|  |TAMS 0x00000000a2c00000, 0x00000000a2c00000| Untracked 
| 557|0x00000000a2d00000, 0x00000000a2d00000, 0x00000000a2e00000|  0%| F|  |TAMS 0x00000000a2d00000, 0x00000000a2d00000| Untracked 
| 558|0x00000000a2e00000, 0x00000000a2e00000, 0x00000000a2f00000|  0%| F|  |TAMS 0x00000000a2e00000, 0x00000000a2e00000| Untracked 
| 559|0x00000000a2f00000, 0x00000000a2f00000, 0x00000000a3000000|  0%| F|  |TAMS 0x00000000a2f00000, 0x00000000a2f00000| Untracked 
| 560|0x00000000a3000000, 0x00000000a3000000, 0x00000000a3100000|  0%| F|  |TAMS 0x00000000a3000000, 0x00000000a3000000| Untracked 
| 561|0x00000000a3100000, 0x00000000a3100000, 0x00000000a3200000|  0%| F|  |TAMS 0x00000000a3100000, 0x00000000a3100000| Untracked 
| 562|0x00000000a3200000, 0x00000000a3200000, 0x00000000a3300000|  0%| F|  |TAMS 0x00000000a3200000, 0x00000000a3200000| Untracked 
| 563|0x00000000a3300000, 0x00000000a3300000, 0x00000000a3400000|  0%| F|  |TAMS 0x00000000a3300000, 0x00000000a3300000| Untracked 
| 564|0x00000000a3400000, 0x00000000a3400000, 0x00000000a3500000|  0%| F|  |TAMS 0x00000000a3400000, 0x00000000a3400000| Untracked 
| 565|0x00000000a3500000, 0x00000000a3500000, 0x00000000a3600000|  0%| F|  |TAMS 0x00000000a3500000, 0x00000000a3500000| Untracked 
| 566|0x00000000a3600000, 0x00000000a3600000, 0x00000000a3700000|  0%| F|  |TAMS 0x00000000a3600000, 0x00000000a3600000| Untracked 
| 567|0x00000000a3700000, 0x00000000a3700000, 0x00000000a3800000|  0%| F|  |TAMS 0x00000000a3700000, 0x00000000a3700000| Untracked 
| 568|0x00000000a3800000, 0x00000000a3800000, 0x00000000a3900000|  0%| F|  |TAMS 0x00000000a3800000, 0x00000000a3800000| Untracked 
| 569|0x00000000a3900000, 0x00000000a3900000, 0x00000000a3a00000|  0%| F|  |TAMS 0x00000000a3900000, 0x00000000a3900000| Untracked 
| 570|0x00000000a3a00000, 0x00000000a3a00000, 0x00000000a3b00000|  0%| F|  |TAMS 0x00000000a3a00000, 0x00000000a3a00000| Untracked 
| 571|0x00000000a3b00000, 0x00000000a3b00000, 0x00000000a3c00000|  0%| F|  |TAMS 0x00000000a3b00000, 0x00000000a3b00000| Untracked 
| 572|0x00000000a3c00000, 0x00000000a3c00000, 0x00000000a3d00000|  0%| F|  |TAMS 0x00000000a3c00000, 0x00000000a3c00000| Untracked 
| 573|0x00000000a3d00000, 0x00000000a3d00000, 0x00000000a3e00000|  0%| F|  |TAMS 0x00000000a3d00000, 0x00000000a3d00000| Untracked 
| 574|0x00000000a3e00000, 0x00000000a3e00000, 0x00000000a3f00000|  0%| F|  |TAMS 0x00000000a3e00000, 0x00000000a3e00000| Untracked 
| 575|0x00000000a3f00000, 0x00000000a3f00000, 0x00000000a4000000|  0%| F|  |TAMS 0x00000000a3f00000, 0x00000000a3f00000| Untracked 
| 576|0x00000000a4000000, 0x00000000a4000000, 0x00000000a4100000|  0%| F|  |TAMS 0x00000000a4000000, 0x00000000a4000000| Untracked 
| 577|0x00000000a4100000, 0x00000000a4100000, 0x00000000a4200000|  0%| F|  |TAMS 0x00000000a4100000, 0x00000000a4100000| Untracked 
| 578|0x00000000a4200000, 0x00000000a4200000, 0x00000000a4300000|  0%| F|  |TAMS 0x00000000a4200000, 0x00000000a4200000| Untracked 
| 579|0x00000000a4300000, 0x00000000a4300000, 0x00000000a4400000|  0%| F|  |TAMS 0x00000000a4300000, 0x00000000a4300000| Untracked 
| 580|0x00000000a4400000, 0x00000000a4400000, 0x00000000a4500000|  0%| F|  |TAMS 0x00000000a4400000, 0x00000000a4400000| Untracked 
| 581|0x00000000a4500000, 0x00000000a4500000, 0x00000000a4600000|  0%| F|  |TAMS 0x00000000a4500000, 0x00000000a4500000| Untracked 
| 582|0x00000000a4600000, 0x00000000a4600000, 0x00000000a4700000|  0%| F|  |TAMS 0x00000000a4600000, 0x00000000a4600000| Untracked 
| 583|0x00000000a4700000, 0x00000000a4700000, 0x00000000a4800000|  0%| F|  |TAMS 0x00000000a4700000, 0x00000000a4700000| Untracked 
| 584|0x00000000a4800000, 0x00000000a4800000, 0x00000000a4900000|  0%| F|  |TAMS 0x00000000a4800000, 0x00000000a4800000| Untracked 
| 585|0x00000000a4900000, 0x00000000a4900000, 0x00000000a4a00000|  0%| F|  |TAMS 0x00000000a4900000, 0x00000000a4900000| Untracked 
| 586|0x00000000a4a00000, 0x00000000a4a00000, 0x00000000a4b00000|  0%| F|  |TAMS 0x00000000a4a00000, 0x00000000a4a00000| Untracked 
| 587|0x00000000a4b00000, 0x00000000a4b00000, 0x00000000a4c00000|  0%| F|  |TAMS 0x00000000a4b00000, 0x00000000a4b00000| Untracked 
| 588|0x00000000a4c00000, 0x00000000a4c00000, 0x00000000a4d00000|  0%| F|  |TAMS 0x00000000a4c00000, 0x00000000a4c00000| Untracked 
| 589|0x00000000a4d00000, 0x00000000a4d00000, 0x00000000a4e00000|  0%| F|  |TAMS 0x00000000a4d00000, 0x00000000a4d00000| Untracked 
| 590|0x00000000a4e00000, 0x00000000a4e00000, 0x00000000a4f00000|  0%| F|  |TAMS 0x00000000a4e00000, 0x00000000a4e00000| Untracked 
| 591|0x00000000a4f00000, 0x00000000a4f00000, 0x00000000a5000000|  0%| F|  |TAMS 0x00000000a4f00000, 0x00000000a4f00000| Untracked 
| 592|0x00000000a5000000, 0x00000000a5000000, 0x00000000a5100000|  0%| F|  |TAMS 0x00000000a5000000, 0x00000000a5000000| Untracked 
| 593|0x00000000a5100000, 0x00000000a5100000, 0x00000000a5200000|  0%| F|  |TAMS 0x00000000a5100000, 0x00000000a5100000| Untracked 
| 594|0x00000000a5200000, 0x00000000a5200000, 0x00000000a5300000|  0%| F|  |TAMS 0x00000000a5200000, 0x00000000a5200000| Untracked 
| 595|0x00000000a5300000, 0x00000000a5300000, 0x00000000a5400000|  0%| F|  |TAMS 0x00000000a5300000, 0x00000000a5300000| Untracked 
| 596|0x00000000a5400000, 0x00000000a5400000, 0x00000000a5500000|  0%| F|  |TAMS 0x00000000a5400000, 0x00000000a5400000| Untracked 
| 597|0x00000000a5500000, 0x00000000a5500000, 0x00000000a5600000|  0%| F|  |TAMS 0x00000000a5500000, 0x00000000a5500000| Untracked 
| 598|0x00000000a5600000, 0x00000000a5600000, 0x00000000a5700000|  0%| F|  |TAMS 0x00000000a5600000, 0x00000000a5600000| Untracked 
| 599|0x00000000a5700000, 0x00000000a5700000, 0x00000000a5800000|  0%| F|  |TAMS 0x00000000a5700000, 0x00000000a5700000| Untracked 
| 600|0x00000000a5800000, 0x00000000a5800000, 0x00000000a5900000|  0%| F|  |TAMS 0x00000000a5800000, 0x00000000a5800000| Untracked 
| 601|0x00000000a5900000, 0x00000000a5900000, 0x00000000a5a00000|  0%| F|  |TAMS 0x00000000a5900000, 0x00000000a5900000| Untracked 
| 602|0x00000000a5a00000, 0x00000000a5a00000, 0x00000000a5b00000|  0%| F|  |TAMS 0x00000000a5a00000, 0x00000000a5a00000| Untracked 
| 603|0x00000000a5b00000, 0x00000000a5b00000, 0x00000000a5c00000|  0%| F|  |TAMS 0x00000000a5b00000, 0x00000000a5b00000| Untracked 
| 604|0x00000000a5c00000, 0x00000000a5c00000, 0x00000000a5d00000|  0%| F|  |TAMS 0x00000000a5c00000, 0x00000000a5c00000| Untracked 
| 605|0x00000000a5d00000, 0x00000000a5d00000, 0x00000000a5e00000|  0%| F|  |TAMS 0x00000000a5d00000, 0x00000000a5d00000| Untracked 
| 606|0x00000000a5e00000, 0x00000000a5e00000, 0x00000000a5f00000|  0%| F|  |TAMS 0x00000000a5e00000, 0x00000000a5e00000| Untracked 
| 607|0x00000000a5f00000, 0x00000000a5f00000, 0x00000000a6000000|  0%| F|  |TAMS 0x00000000a5f00000, 0x00000000a5f00000| Untracked 
| 608|0x00000000a6000000, 0x00000000a6000000, 0x00000000a6100000|  0%| F|  |TAMS 0x00000000a6000000, 0x00000000a6000000| Untracked 
| 609|0x00000000a6100000, 0x00000000a6100000, 0x00000000a6200000|  0%| F|  |TAMS 0x00000000a6100000, 0x00000000a6100000| Untracked 
| 610|0x00000000a6200000, 0x00000000a6200000, 0x00000000a6300000|  0%| F|  |TAMS 0x00000000a6200000, 0x00000000a6200000| Untracked 
| 611|0x00000000a6300000, 0x00000000a6300000, 0x00000000a6400000|  0%| F|  |TAMS 0x00000000a6300000, 0x00000000a6300000| Untracked 
| 612|0x00000000a6400000, 0x00000000a6400000, 0x00000000a6500000|  0%| F|  |TAMS 0x00000000a6400000, 0x00000000a6400000| Untracked 
| 613|0x00000000a6500000, 0x00000000a6500000, 0x00000000a6600000|  0%| F|  |TAMS 0x00000000a6500000, 0x00000000a6500000| Untracked 
| 614|0x00000000a6600000, 0x00000000a6600000, 0x00000000a6700000|  0%| F|  |TAMS 0x00000000a6600000, 0x00000000a6600000| Untracked 
| 615|0x00000000a6700000, 0x00000000a6700000, 0x00000000a6800000|  0%| F|  |TAMS 0x00000000a6700000, 0x00000000a6700000| Untracked 
| 616|0x00000000a6800000, 0x00000000a6800000, 0x00000000a6900000|  0%| F|  |TAMS 0x00000000a6800000, 0x00000000a6800000| Untracked 
| 617|0x00000000a6900000, 0x00000000a6900000, 0x00000000a6a00000|  0%| F|  |TAMS 0x00000000a6900000, 0x00000000a6900000| Untracked 
| 618|0x00000000a6a00000, 0x00000000a6a00000, 0x00000000a6b00000|  0%| F|  |TAMS 0x00000000a6a00000, 0x00000000a6a00000| Untracked 
| 619|0x00000000a6b00000, 0x00000000a6b00000, 0x00000000a6c00000|  0%| F|  |TAMS 0x00000000a6b00000, 0x00000000a6b00000| Untracked 
| 620|0x00000000a6c00000, 0x00000000a6c00000, 0x00000000a6d00000|  0%| F|  |TAMS 0x00000000a6c00000, 0x00000000a6c00000| Untracked 
| 621|0x00000000a6d00000, 0x00000000a6d00000, 0x00000000a6e00000|  0%| F|  |TAMS 0x00000000a6d00000, 0x00000000a6d00000| Untracked 
| 622|0x00000000a6e00000, 0x00000000a6e00000, 0x00000000a6f00000|  0%| F|  |TAMS 0x00000000a6e00000, 0x00000000a6e00000| Untracked 
| 623|0x00000000a6f00000, 0x00000000a6f00000, 0x00000000a7000000|  0%| F|  |TAMS 0x00000000a6f00000, 0x00000000a6f00000| Untracked 
| 624|0x00000000a7000000, 0x00000000a70c9300, 0x00000000a7100000| 78%| S|CS|TAMS 0x00000000a7000000, 0x00000000a7000000| Complete 
| 625|0x00000000a7100000, 0x00000000a7200000, 0x00000000a7200000|100%| S|CS|TAMS 0x00000000a7100000, 0x00000000a7100000| Complete 
| 626|0x00000000a7200000, 0x00000000a7300000, 0x00000000a7300000|100%| S|CS|TAMS 0x00000000a7200000, 0x00000000a7200000| Complete 
| 627|0x00000000a7300000, 0x00000000a7300000, 0x00000000a7400000|  0%| F|  |TAMS 0x00000000a7300000, 0x00000000a7300000| Untracked 
| 628|0x00000000a7400000, 0x00000000a7400000, 0x00000000a7500000|  0%| F|  |TAMS 0x00000000a7400000, 0x00000000a7400000| Untracked 
| 629|0x00000000a7500000, 0x00000000a7500000, 0x00000000a7600000|  0%| F|  |TAMS 0x00000000a7500000, 0x00000000a7500000| Untracked 
| 630|0x00000000a7600000, 0x00000000a7600000, 0x00000000a7700000|  0%| F|  |TAMS 0x00000000a7600000, 0x00000000a7600000| Untracked 
| 631|0x00000000a7700000, 0x00000000a7700000, 0x00000000a7800000|  0%| F|  |TAMS 0x00000000a7700000, 0x00000000a7700000| Untracked 
| 632|0x00000000a7800000, 0x00000000a7800000, 0x00000000a7900000|  0%| F|  |TAMS 0x00000000a7800000, 0x00000000a7800000| Untracked 
| 633|0x00000000a7900000, 0x00000000a7900000, 0x00000000a7a00000|  0%| F|  |TAMS 0x00000000a7900000, 0x00000000a7900000| Untracked 
| 634|0x00000000a7a00000, 0x00000000a7a00000, 0x00000000a7b00000|  0%| F|  |TAMS 0x00000000a7a00000, 0x00000000a7a00000| Untracked 
| 635|0x00000000a7b00000, 0x00000000a7b00000, 0x00000000a7c00000|  0%| F|  |TAMS 0x00000000a7b00000, 0x00000000a7b00000| Untracked 
| 636|0x00000000a7c00000, 0x00000000a7c00000, 0x00000000a7d00000|  0%| F|  |TAMS 0x00000000a7c00000, 0x00000000a7c00000| Untracked 
| 637|0x00000000a7d00000, 0x00000000a7d00000, 0x00000000a7e00000|  0%| F|  |TAMS 0x00000000a7d00000, 0x00000000a7d00000| Untracked 
| 638|0x00000000a7e00000, 0x00000000a7e00000, 0x00000000a7f00000|  0%| F|  |TAMS 0x00000000a7e00000, 0x00000000a7e00000| Untracked 
| 639|0x00000000a7f00000, 0x00000000a7f00000, 0x00000000a8000000|  0%| F|  |TAMS 0x00000000a7f00000, 0x00000000a7f00000| Untracked 
| 640|0x00000000a8000000, 0x00000000a8000000, 0x00000000a8100000|  0%| F|  |TAMS 0x00000000a8000000, 0x00000000a8000000| Untracked 
| 641|0x00000000a8100000, 0x00000000a8100000, 0x00000000a8200000|  0%| F|  |TAMS 0x00000000a8100000, 0x00000000a8100000| Untracked 
| 642|0x00000000a8200000, 0x00000000a8200000, 0x00000000a8300000|  0%| F|  |TAMS 0x00000000a8200000, 0x00000000a8200000| Untracked 
| 643|0x00000000a8300000, 0x00000000a8300000, 0x00000000a8400000|  0%| F|  |TAMS 0x00000000a8300000, 0x00000000a8300000| Untracked 
| 644|0x00000000a8400000, 0x00000000a8400000, 0x00000000a8500000|  0%| F|  |TAMS 0x00000000a8400000, 0x00000000a8400000| Untracked 
| 645|0x00000000a8500000, 0x00000000a8500000, 0x00000000a8600000|  0%| F|  |TAMS 0x00000000a8500000, 0x00000000a8500000| Untracked 
| 646|0x00000000a8600000, 0x00000000a8600000, 0x00000000a8700000|  0%| F|  |TAMS 0x00000000a8600000, 0x00000000a8600000| Untracked 
| 647|0x00000000a8700000, 0x00000000a8700000, 0x00000000a8800000|  0%| F|  |TAMS 0x00000000a8700000, 0x00000000a8700000| Untracked 
| 648|0x00000000a8800000, 0x00000000a8800000, 0x00000000a8900000|  0%| F|  |TAMS 0x00000000a8800000, 0x00000000a8800000| Untracked 
| 649|0x00000000a8900000, 0x00000000a8900000, 0x00000000a8a00000|  0%| F|  |TAMS 0x00000000a8900000, 0x00000000a8900000| Untracked 
| 650|0x00000000a8a00000, 0x00000000a8a00000, 0x00000000a8b00000|  0%| F|  |TAMS 0x00000000a8a00000, 0x00000000a8a00000| Untracked 
| 651|0x00000000a8b00000, 0x00000000a8b00000, 0x00000000a8c00000|  0%| F|  |TAMS 0x00000000a8b00000, 0x00000000a8b00000| Untracked 
| 652|0x00000000a8c00000, 0x00000000a8c00000, 0x00000000a8d00000|  0%| F|  |TAMS 0x00000000a8c00000, 0x00000000a8c00000| Untracked 
| 653|0x00000000a8d00000, 0x00000000a8d00000, 0x00000000a8e00000|  0%| F|  |TAMS 0x00000000a8d00000, 0x00000000a8d00000| Untracked 
| 654|0x00000000a8e00000, 0x00000000a8e00000, 0x00000000a8f00000|  0%| F|  |TAMS 0x00000000a8e00000, 0x00000000a8e00000| Untracked 
| 655|0x00000000a8f00000, 0x00000000a8f00000, 0x00000000a9000000|  0%| F|  |TAMS 0x00000000a8f00000, 0x00000000a8f00000| Untracked 
| 656|0x00000000a9000000, 0x00000000a9000000, 0x00000000a9100000|  0%| F|  |TAMS 0x00000000a9000000, 0x00000000a9000000| Untracked 
| 657|0x00000000a9100000, 0x00000000a9100000, 0x00000000a9200000|  0%| F|  |TAMS 0x00000000a9100000, 0x00000000a9100000| Untracked 
| 658|0x00000000a9200000, 0x00000000a9200000, 0x00000000a9300000|  0%| F|  |TAMS 0x00000000a9200000, 0x00000000a9200000| Untracked 
| 659|0x00000000a9300000, 0x00000000a9300000, 0x00000000a9400000|  0%| F|  |TAMS 0x00000000a9300000, 0x00000000a9300000| Untracked 
| 660|0x00000000a9400000, 0x00000000a9400000, 0x00000000a9500000|  0%| F|  |TAMS 0x00000000a9400000, 0x00000000a9400000| Untracked 
| 661|0x00000000a9500000, 0x00000000a9500000, 0x00000000a9600000|  0%| F|  |TAMS 0x00000000a9500000, 0x00000000a9500000| Untracked 
| 662|0x00000000a9600000, 0x00000000a9600000, 0x00000000a9700000|  0%| F|  |TAMS 0x00000000a9600000, 0x00000000a9600000| Untracked 
| 663|0x00000000a9700000, 0x00000000a9700000, 0x00000000a9800000|  0%| F|  |TAMS 0x00000000a9700000, 0x00000000a9700000| Untracked 
| 664|0x00000000a9800000, 0x00000000a9800000, 0x00000000a9900000|  0%| F|  |TAMS 0x00000000a9800000, 0x00000000a9800000| Untracked 
| 665|0x00000000a9900000, 0x00000000a9900000, 0x00000000a9a00000|  0%| F|  |TAMS 0x00000000a9900000, 0x00000000a9900000| Untracked 
| 666|0x00000000a9a00000, 0x00000000a9a00000, 0x00000000a9b00000|  0%| F|  |TAMS 0x00000000a9a00000, 0x00000000a9a00000| Untracked 
| 667|0x00000000a9b00000, 0x00000000a9b00000, 0x00000000a9c00000|  0%| F|  |TAMS 0x00000000a9b00000, 0x00000000a9b00000| Untracked 
| 668|0x00000000a9c00000, 0x00000000a9c00000, 0x00000000a9d00000|  0%| F|  |TAMS 0x00000000a9c00000, 0x00000000a9c00000| Untracked 
| 669|0x00000000a9d00000, 0x00000000a9d00000, 0x00000000a9e00000|  0%| F|  |TAMS 0x00000000a9d00000, 0x00000000a9d00000| Untracked 
| 670|0x00000000a9e00000, 0x00000000a9e00000, 0x00000000a9f00000|  0%| F|  |TAMS 0x00000000a9e00000, 0x00000000a9e00000| Untracked 
| 671|0x00000000a9f00000, 0x00000000a9f00000, 0x00000000aa000000|  0%| F|  |TAMS 0x00000000a9f00000, 0x00000000a9f00000| Untracked 
| 672|0x00000000aa000000, 0x00000000aa000000, 0x00000000aa100000|  0%| F|  |TAMS 0x00000000aa000000, 0x00000000aa000000| Untracked 
| 673|0x00000000aa100000, 0x00000000aa100000, 0x00000000aa200000|  0%| F|  |TAMS 0x00000000aa100000, 0x00000000aa100000| Untracked 
| 674|0x00000000aa200000, 0x00000000aa200000, 0x00000000aa300000|  0%| F|  |TAMS 0x00000000aa200000, 0x00000000aa200000| Untracked 
| 675|0x00000000aa300000, 0x00000000aa300000, 0x00000000aa400000|  0%| F|  |TAMS 0x00000000aa300000, 0x00000000aa300000| Untracked 
| 676|0x00000000aa400000, 0x00000000aa400000, 0x00000000aa500000|  0%| F|  |TAMS 0x00000000aa400000, 0x00000000aa400000| Untracked 
| 677|0x00000000aa500000, 0x00000000aa500000, 0x00000000aa600000|  0%| F|  |TAMS 0x00000000aa500000, 0x00000000aa500000| Untracked 
| 678|0x00000000aa600000, 0x00000000aa600000, 0x00000000aa700000|  0%| F|  |TAMS 0x00000000aa600000, 0x00000000aa600000| Untracked 
| 679|0x00000000aa700000, 0x00000000aa700000, 0x00000000aa800000|  0%| F|  |TAMS 0x00000000aa700000, 0x00000000aa700000| Untracked 
| 680|0x00000000aa800000, 0x00000000aa800000, 0x00000000aa900000|  0%| F|  |TAMS 0x00000000aa800000, 0x00000000aa800000| Untracked 
| 681|0x00000000aa900000, 0x00000000aa900000, 0x00000000aaa00000|  0%| F|  |TAMS 0x00000000aa900000, 0x00000000aa900000| Untracked 
| 682|0x00000000aaa00000, 0x00000000aaa00000, 0x00000000aab00000|  0%| F|  |TAMS 0x00000000aaa00000, 0x00000000aaa00000| Untracked 
| 683|0x00000000aab00000, 0x00000000aab00000, 0x00000000aac00000|  0%| F|  |TAMS 0x00000000aab00000, 0x00000000aab00000| Untracked 
| 684|0x00000000aac00000, 0x00000000aac00000, 0x00000000aad00000|  0%| F|  |TAMS 0x00000000aac00000, 0x00000000aac00000| Untracked 
| 685|0x00000000aad00000, 0x00000000aad00000, 0x00000000aae00000|  0%| F|  |TAMS 0x00000000aad00000, 0x00000000aad00000| Untracked 
| 686|0x00000000aae00000, 0x00000000aae00000, 0x00000000aaf00000|  0%| F|  |TAMS 0x00000000aae00000, 0x00000000aae00000| Untracked 
| 687|0x00000000aaf00000, 0x00000000aafff220, 0x00000000ab000000| 99%| E|  |TAMS 0x00000000aaf00000, 0x00000000aaf00000| Complete 
| 688|0x00000000ab000000, 0x00000000ab100000, 0x00000000ab100000|100%| E|CS|TAMS 0x00000000ab000000, 0x00000000ab000000| Complete 
| 689|0x00000000ab100000, 0x00000000ab200000, 0x00000000ab200000|100%| E|CS|TAMS 0x00000000ab100000, 0x00000000ab100000| Complete 
| 690|0x00000000ab200000, 0x00000000ab300000, 0x00000000ab300000|100%| E|CS|TAMS 0x00000000ab200000, 0x00000000ab200000| Complete 
| 691|0x00000000ab300000, 0x00000000ab400000, 0x00000000ab400000|100%| E|CS|TAMS 0x00000000ab300000, 0x00000000ab300000| Complete 
| 692|0x00000000ab400000, 0x00000000ab500000, 0x00000000ab500000|100%| E|CS|TAMS 0x00000000ab400000, 0x00000000ab400000| Complete 
| 693|0x00000000ab500000, 0x00000000ab600000, 0x00000000ab600000|100%| E|CS|TAMS 0x00000000ab500000, 0x00000000ab500000| Complete 
| 694|0x00000000ab600000, 0x00000000ab700000, 0x00000000ab700000|100%| E|CS|TAMS 0x00000000ab600000, 0x00000000ab600000| Complete 
| 695|0x00000000ab700000, 0x00000000ab800000, 0x00000000ab800000|100%| E|CS|TAMS 0x00000000ab700000, 0x00000000ab700000| Complete 
| 696|0x00000000ab800000, 0x00000000ab900000, 0x00000000ab900000|100%| E|CS|TAMS 0x00000000ab800000, 0x00000000ab800000| Complete 
| 697|0x00000000ab900000, 0x00000000aba00000, 0x00000000aba00000|100%| E|CS|TAMS 0x00000000ab900000, 0x00000000ab900000| Complete 
| 698|0x00000000aba00000, 0x00000000abb00000, 0x00000000abb00000|100%| E|CS|TAMS 0x00000000aba00000, 0x00000000aba00000| Complete 
| 699|0x00000000abb00000, 0x00000000abc00000, 0x00000000abc00000|100%| E|CS|TAMS 0x00000000abb00000, 0x00000000abb00000| Complete 
| 700|0x00000000abc00000, 0x00000000abd00000, 0x00000000abd00000|100%| E|CS|TAMS 0x00000000abc00000, 0x00000000abc00000| Complete 
| 701|0x00000000abd00000, 0x00000000abe00000, 0x00000000abe00000|100%| E|CS|TAMS 0x00000000abd00000, 0x00000000abd00000| Complete 
| 702|0x00000000abe00000, 0x00000000abf00000, 0x00000000abf00000|100%| E|CS|TAMS 0x00000000abe00000, 0x00000000abe00000| Complete 
| 703|0x00000000abf00000, 0x00000000ac000000, 0x00000000ac000000|100%| E|CS|TAMS 0x00000000abf00000, 0x00000000abf00000| Complete 
| 704|0x00000000ac000000, 0x00000000ac100000, 0x00000000ac100000|100%| E|CS|TAMS 0x00000000ac000000, 0x00000000ac000000| Complete 
| 705|0x00000000ac100000, 0x00000000ac200000, 0x00000000ac200000|100%| E|CS|TAMS 0x00000000ac100000, 0x00000000ac100000| Complete 
| 706|0x00000000ac200000, 0x00000000ac300000, 0x00000000ac300000|100%| E|CS|TAMS 0x00000000ac200000, 0x00000000ac200000| Complete 
| 707|0x00000000ac300000, 0x00000000ac400000, 0x00000000ac400000|100%| E|CS|TAMS 0x00000000ac300000, 0x00000000ac300000| Complete 
| 708|0x00000000ac400000, 0x00000000ac500000, 0x00000000ac500000|100%| E|CS|TAMS 0x00000000ac400000, 0x00000000ac400000| Complete 
| 709|0x00000000ac500000, 0x00000000ac600000, 0x00000000ac600000|100%| E|CS|TAMS 0x00000000ac500000, 0x00000000ac500000| Complete 
| 710|0x00000000ac600000, 0x00000000ac700000, 0x00000000ac700000|100%| E|CS|TAMS 0x00000000ac600000, 0x00000000ac600000| Complete 
| 711|0x00000000ac700000, 0x00000000ac800000, 0x00000000ac800000|100%| E|CS|TAMS 0x00000000ac700000, 0x00000000ac700000| Complete 
| 712|0x00000000ac800000, 0x00000000ac900000, 0x00000000ac900000|100%| E|CS|TAMS 0x00000000ac800000, 0x00000000ac800000| Complete 
| 713|0x00000000ac900000, 0x00000000aca00000, 0x00000000aca00000|100%| E|CS|TAMS 0x00000000ac900000, 0x00000000ac900000| Complete 
| 714|0x00000000aca00000, 0x00000000acb00000, 0x00000000acb00000|100%| E|CS|TAMS 0x00000000aca00000, 0x00000000aca00000| Complete 
| 715|0x00000000acb00000, 0x00000000acc00000, 0x00000000acc00000|100%| E|CS|TAMS 0x00000000acb00000, 0x00000000acb00000| Complete 
| 716|0x00000000acc00000, 0x00000000acd00000, 0x00000000acd00000|100%| E|CS|TAMS 0x00000000acc00000, 0x00000000acc00000| Complete 
| 717|0x00000000acd00000, 0x00000000ace00000, 0x00000000ace00000|100%| E|CS|TAMS 0x00000000acd00000, 0x00000000acd00000| Complete 
| 718|0x00000000ace00000, 0x00000000acf00000, 0x00000000acf00000|100%| E|CS|TAMS 0x00000000ace00000, 0x00000000ace00000| Complete 
| 719|0x00000000acf00000, 0x00000000ad000000, 0x00000000ad000000|100%| E|CS|TAMS 0x00000000acf00000, 0x00000000acf00000| Complete 
| 720|0x00000000ad000000, 0x00000000ad100000, 0x00000000ad100000|100%| E|CS|TAMS 0x00000000ad000000, 0x00000000ad000000| Complete 
| 721|0x00000000ad100000, 0x00000000ad200000, 0x00000000ad200000|100%| E|CS|TAMS 0x00000000ad100000, 0x00000000ad100000| Complete 
| 722|0x00000000ad200000, 0x00000000ad300000, 0x00000000ad300000|100%| E|CS|TAMS 0x00000000ad200000, 0x00000000ad200000| Complete 
| 723|0x00000000ad300000, 0x00000000ad400000, 0x00000000ad400000|100%| E|CS|TAMS 0x00000000ad300000, 0x00000000ad300000| Complete 
| 724|0x00000000ad400000, 0x00000000ad500000, 0x00000000ad500000|100%| E|CS|TAMS 0x00000000ad400000, 0x00000000ad400000| Complete 
| 725|0x00000000ad500000, 0x00000000ad600000, 0x00000000ad600000|100%| E|CS|TAMS 0x00000000ad500000, 0x00000000ad500000| Complete 
| 726|0x00000000ad600000, 0x00000000ad700000, 0x00000000ad700000|100%| E|  |TAMS 0x00000000ad600000, 0x00000000ad600000| Complete 
| 727|0x00000000ad700000, 0x00000000ad800000, 0x00000000ad800000|100%| E|CS|TAMS 0x00000000ad700000, 0x00000000ad700000| Complete 

Card table byte_map: [0x00000175eb690000,0x00000175eba90000] _byte_map_base: 0x00000175eb290000

Marking Bits (Prev, Next): (CMBitMap*) 0x00000175d2159fb0, (CMBitMap*) 0x00000175d2159f70
 Prev Bits: [0x00000175ede90000, 0x00000175efe90000)
 Next Bits: [0x00000175ebe90000, 0x00000175ede90000)

Polling page: 0x00000175d39c0000

Metaspace:

Usage:
  Non-class:    131.73 MB used.
      Class:     20.59 MB used.
       Both:    152.32 MB used.

Virtual space:
  Non-class space:      192.00 MB reserved,     132.56 MB ( 69%) committed,  3 nodes.
      Class space:        1.00 GB reserved,      21.25 MB (  2%) committed,  1 nodes.
             Both:        1.19 GB reserved,     153.81 MB ( 13%) committed. 

Chunk freelists:
   Non-Class:  10.53 MB
       Class:  10.75 MB
        Both:  21.28 MB

MaxMetaspaceSize: unlimited
CompressedClassSpaceSize: 1.00 GB
Initial GC threshold: 21.00 MB
Current GC threshold: 171.50 MB
CDS: on
MetaspaceReclaimPolicy: balanced
 - commit_granule_bytes: 65536.
 - commit_granule_words: 8192.
 - virtual_space_node_default_size: 8388608.
 - enlarge_chunks_in_place: 1.
 - new_chunks_are_fully_committed: 0.
 - uncommit_free_chunks: 1.
 - use_allocation_guard: 0.
 - handle_deallocations: 1.


Internal statistics:

num_allocs_failed_limit: 9.
num_arena_births: 2114.
num_arena_deaths: 0.
num_vsnodes_births: 4.
num_vsnodes_deaths: 0.
num_space_committed: 2459.
num_space_uncommitted: 0.
num_chunks_returned_to_freelist: 9.
num_chunks_taken_from_freelist: 8958.
num_chunk_merges: 9.
num_chunk_splits: 5838.
num_chunks_enlarged: 3729.
num_inconsistent_stats: 0.

CodeHeap 'non-profiled nmethods': size=120000Kb used=17111Kb max_used=17386Kb free=102888Kb
 bounds [0x00000175e3810000, 0x00000175e4910000, 0x00000175ead40000]
CodeHeap 'profiled nmethods': size=120000Kb used=46112Kb max_used=46112Kb free=73887Kb
 bounds [0x00000175dbd40000, 0x00000175dea50000, 0x00000175e3270000]
CodeHeap 'non-nmethods': size=5760Kb used=2514Kb max_used=2623Kb free=3245Kb
 bounds [0x00000175e3270000, 0x00000175e3510000, 0x00000175e3810000]
 total_blobs=24222 nmethods=23161 adapters=972
 compilation: enabled
              stopped_count=0, restarted_count=0
 full_count=0

Compilation events (20 events):
Event: 38.911 Thread 0x00000175fd0a37c0 nmethod 28923 0x00000175e47fee10 code [0x00000175e47fef80, 0x00000175e47feff8]
Event: 38.911 Thread 0x00000175fd0a37c0 28856       4       com.android.tools.r8.internal.Rj::P (2 bytes)
Event: 38.911 Thread 0x00000175fd0a37c0 nmethod 28856 0x00000175e47feb10 code [0x00000175e47fec80, 0x00000175e47fecf8]
Event: 38.911 Thread 0x00000175fd0a37c0 29276       4       com.android.tools.r8.internal.U10::L (23 bytes)
Event: 38.912 Thread 0x00000175fd0a37c0 nmethod 29276 0x00000175e47fe810 code [0x00000175e47fe980, 0x00000175e47fea38]
Event: 38.912 Thread 0x00000175fd0a37c0 28810       4       com.android.tools.r8.internal.AF::n0 (2 bytes)
Event: 38.912 Thread 0x00000175fd0a37c0 nmethod 28810 0x00000175e47fe510 code [0x00000175e47fe680, 0x00000175e47fe6f8]
Event: 38.912 Thread 0x00000175fd0a37c0 28837       4       com.android.tools.r8.internal.M7::a (2 bytes)
Event: 38.917 Thread 0x00000175fd0a37c0 nmethod 28837 0x00000175e47fe210 code [0x00000175e47fe380, 0x00000175e47fe3f8]
Event: 38.918 Thread 0x00000175fd0a37c0 28836       4       com.android.tools.r8.internal.M7::a (1 bytes)
Event: 38.918 Thread 0x00000175fd0a37c0 nmethod 28836 0x00000175e47fdf10 code [0x00000175e47fe080, 0x00000175e47fe0f8]
Event: 38.918 Thread 0x00000175fd0a37c0 28853       4       com.android.tools.r8.internal.C7::a (1 bytes)
Event: 38.918 Thread 0x00000175fd0a37c0 nmethod 28853 0x00000175e47fdc10 code [0x00000175e47fdd80, 0x00000175e47fddf8]
Event: 38.918 Thread 0x00000175fd0a37c0 28845       4       com.android.tools.r8.internal.Rs::L2 (11 bytes)
Event: 38.919 Thread 0x00000175fd0a37c0 nmethod 28845 0x00000175e47fd910 code [0x00000175e47fda80, 0x00000175e47fdb18]
Event: 38.919 Thread 0x00000175fd0a37c0 28998       4       com.android.tools.r8.ir.optimize.v0::a (11 bytes)
Event: 38.923 Thread 0x00000175fd0a37c0 nmethod 28998 0x00000175e47fd610 code [0x00000175e47fd780, 0x00000175e47fd8b8]
Event: 38.924 Thread 0x00000175fd0a37c0 29284       4       com.android.tools.r8.internal.lp::d (74 bytes)
Event: 38.929 Thread 0x00000175fd0a37c0 nmethod 29284 0x00000175e47fd290 code [0x00000175e47fd400, 0x00000175e47fd538]
Event: 38.929 Thread 0x00000175fd0a37c0 29280       4       com.android.tools.r8.ir.regalloc.c::d (184 bytes)

GC Heap History (20 events):
Event: 36.536 GC heap before
{Heap before GC invocations=46 (full 0):
 garbage-first heap   total 745472K, used 636052K [0x0000000080000000, 0x0000000100000000)
  region size 1024K, 202 young (206848K), 24 survivors (24576K)
 Metaspace       used 136297K, committed 137728K, reserved 1179648K
  class space    used 17740K, committed 18432K, reserved 1048576K
}
Event: 36.546 GC heap after
{Heap after GC invocations=47 (full 0):
 garbage-first heap   total 745472K, used 457828K [0x0000000080000000, 0x0000000100000000)
  region size 1024K, 20 young (20480K), 20 survivors (20480K)
 Metaspace       used 136297K, committed 137728K, reserved 1179648K
  class space    used 17740K, committed 18432K, reserved 1048576K
}
Event: 37.022 GC heap before
{Heap before GC invocations=47 (full 0):
 garbage-first heap   total 745472K, used 637028K [0x0000000080000000, 0x0000000100000000)
  region size 1024K, 194 young (198656K), 20 survivors (20480K)
 Metaspace       used 137390K, committed 138816K, reserved 1179648K
  class space    used 17919K, committed 18624K, reserved 1048576K
}
Event: 37.031 GC heap after
{Heap after GC invocations=48 (full 0):
 garbage-first heap   total 745472K, used 467316K [0x0000000080000000, 0x0000000100000000)
  region size 1024K, 20 young (20480K), 20 survivors (20480K)
 Metaspace       used 137390K, committed 138816K, reserved 1179648K
  class space    used 17919K, committed 18624K, reserved 1048576K
}
Event: 37.515 GC heap before
{Heap before GC invocations=48 (full 0):
 garbage-first heap   total 745472K, used 634228K [0x0000000080000000, 0x0000000100000000)
  region size 1024K, 184 young (188416K), 20 survivors (20480K)
 Metaspace       used 143398K, committed 144896K, reserved 1179648K
  class space    used 18883K, committed 19584K, reserved 1048576K
}
Event: 37.531 GC heap after
{Heap after GC invocations=49 (full 0):
 garbage-first heap   total 745472K, used 492222K [0x0000000080000000, 0x0000000100000000)
  region size 1024K, 23 young (23552K), 23 survivors (23552K)
 Metaspace       used 143398K, committed 144896K, reserved 1179648K
  class space    used 18883K, committed 19584K, reserved 1048576K
}
Event: 37.804 GC heap before
{Heap before GC invocations=49 (full 0):
 garbage-first heap   total 745472K, used 630462K [0x0000000080000000, 0x0000000100000000)
  region size 1024K, 159 young (162816K), 23 survivors (23552K)
 Metaspace       used 147778K, committed 149248K, reserved 1179648K
  class space    used 19739K, committed 20416K, reserved 1048576K
}
Event: 37.822 GC heap after
{Heap after GC invocations=50 (full 0):
 garbage-first heap   total 745472K, used 513897K [0x0000000080000000, 0x0000000100000000)
  region size 1024K, 20 young (20480K), 20 survivors (20480K)
 Metaspace       used 147778K, committed 149248K, reserved 1179648K
  class space    used 19739K, committed 20416K, reserved 1048576K
}
Event: 37.916 GC heap before
{Heap before GC invocations=50 (full 0):
 garbage-first heap   total 745472K, used 630633K [0x0000000080000000, 0x0000000100000000)
  region size 1024K, 135 young (138240K), 20 survivors (20480K)
 Metaspace       used 148815K, committed 150272K, reserved 1179648K
  class space    used 19938K, committed 20608K, reserved 1048576K
}
Event: 37.936 GC heap after
{Heap after GC invocations=51 (full 0):
 garbage-first heap   total 745472K, used 532842K [0x0000000080000000, 0x0000000100000000)
  region size 1024K, 17 young (17408K), 17 survivors (17408K)
 Metaspace       used 148815K, committed 150272K, reserved 1179648K
  class space    used 19938K, committed 20608K, reserved 1048576K
}
Event: 38.119 GC heap before
{Heap before GC invocations=51 (full 0):
 garbage-first heap   total 745472K, used 633194K [0x0000000080000000, 0x0000000100000000)
  region size 1024K, 116 young (118784K), 17 survivors (17408K)
 Metaspace       used 152005K, committed 153472K, reserved 1245184K
  class space    used 20588K, committed 21248K, reserved 1048576K
}
Event: 38.135 GC heap after
{Heap after GC invocations=52 (full 0):
 garbage-first heap   total 745472K, used 547079K [0x0000000080000000, 0x0000000100000000)
  region size 1024K, 13 young (13312K), 13 survivors (13312K)
 Metaspace       used 152005K, committed 153472K, reserved 1245184K
  class space    used 20588K, committed 21248K, reserved 1048576K
}
Event: 38.352 GC heap before
{Heap before GC invocations=52 (full 0):
 garbage-first heap   total 745472K, used 637191K [0x0000000080000000, 0x0000000100000000)
  region size 1024K, 102 young (104448K), 13 survivors (13312K)
 Metaspace       used 153917K, committed 155456K, reserved 1245184K
  class space    used 20859K, committed 21568K, reserved 1048576K
}
Event: 38.360 GC heap after
{Heap after GC invocations=53 (full 0):
 garbage-first heap   total 745472K, used 550467K [0x0000000080000000, 0x0000000100000000)
  region size 1024K, 3 young (3072K), 3 survivors (3072K)
 Metaspace       used 153917K, committed 155456K, reserved 1245184K
  class space    used 20859K, committed 21568K, reserved 1048576K
}
Event: 38.551 GC heap before
{Heap before GC invocations=53 (full 0):
 garbage-first heap   total 745472K, used 642627K [0x0000000080000000, 0x0000000100000000)
  region size 1024K, 94 young (96256K), 3 survivors (3072K)
 Metaspace       used 154837K, committed 156288K, reserved 1245184K
  class space    used 20962K, committed 21632K, reserved 1048576K
}
Event: 38.554 GC heap after
{Heap after GC invocations=54 (full 0):
 garbage-first heap   total 745472K, used 549443K [0x0000000080000000, 0x0000000100000000)
  region size 1024K, 2 young (2048K), 2 survivors (2048K)
 Metaspace       used 154837K, committed 156288K, reserved 1245184K
  class space    used 20962K, committed 21632K, reserved 1048576K
}
Event: 38.726 GC heap before
{Heap before GC invocations=54 (full 0):
 garbage-first heap   total 745472K, used 645699K [0x0000000080000000, 0x0000000100000000)
  region size 1024K, 97 young (99328K), 2 survivors (2048K)
 Metaspace       used 155649K, committed 157120K, reserved 1245184K
  class space    used 21060K, committed 21760K, reserved 1048576K
}
Event: 38.730 GC heap after
{Heap after GC invocations=55 (full 0):
 garbage-first heap   total 745472K, used 550610K [0x0000000080000000, 0x0000000100000000)
  region size 1024K, 4 young (4096K), 4 survivors (4096K)
 Metaspace       used 155649K, committed 157120K, reserved 1245184K
  class space    used 21060K, committed 21760K, reserved 1048576K
}
Event: 38.925 GC heap before
{Heap before GC invocations=55 (full 0):
 garbage-first heap   total 745472K, used 649938K [0x0000000080000000, 0x0000000100000000)
  region size 1024K, 101 young (103424K), 4 survivors (4096K)
 Metaspace       used 155900K, committed 157440K, reserved 1245184K
  class space    used 21084K, committed 21760K, reserved 1048576K
}
Event: 38.929 GC heap after
{Heap after GC invocations=56 (full 0):
 garbage-first heap   total 745472K, used 550248K [0x0000000080000000, 0x0000000100000000)
  region size 1024K, 3 young (3072K), 3 survivors (3072K)
 Metaspace       used 155900K, committed 157440K, reserved 1245184K
  class space    used 21084K, committed 21760K, reserved 1048576K
}

Dll operation events (16 events):
Event: 0.007 Loaded shared library C:\Users\namsu\.jdks\corretto-17.0.14\bin\java.dll
Event: 0.022 Loaded shared library C:\Users\namsu\.jdks\corretto-17.0.14\bin\jsvml.dll
Event: 0.053 Loaded shared library C:\Users\namsu\.jdks\corretto-17.0.14\bin\zip.dll
Event: 0.055 Loaded shared library C:\Users\namsu\.jdks\corretto-17.0.14\bin\instrument.dll
Event: 0.057 Loaded shared library C:\Users\namsu\.jdks\corretto-17.0.14\bin\net.dll
Event: 0.059 Loaded shared library C:\Users\namsu\.jdks\corretto-17.0.14\bin\nio.dll
Event: 0.062 Loaded shared library C:\Users\namsu\.jdks\corretto-17.0.14\bin\zip.dll
Event: 0.212 Loaded shared library C:\Users\namsu\.jdks\corretto-17.0.14\bin\jimage.dll
Event: 0.255 Loaded shared library C:\Users\namsu\.jdks\corretto-17.0.14\bin\verify.dll
Event: 0.367 Loaded shared library C:\Users\namsu\.gradle\native\68d5fa5c4cc2d200863cafc0d521ce42e7d3e7ee720ec0a83991735586a16f82\windows-amd64\native-platform.dll
Event: 0.371 Loaded shared library C:\Users\namsu\.gradle\native\e376f236ea51e6404a007f0833ffe2c6e607c4080706a723a18a27aeea778392\windows-amd64\native-platform-file-events.dll
Event: 0.911 Loaded shared library C:\Users\namsu\.jdks\corretto-17.0.14\bin\management.dll
Event: 0.913 Loaded shared library C:\Users\namsu\.jdks\corretto-17.0.14\bin\management_ext.dll
Event: 1.104 Loaded shared library C:\Users\namsu\.jdks\corretto-17.0.14\bin\extnet.dll
Event: 1.266 Loaded shared library C:\Users\namsu\.jdks\corretto-17.0.14\bin\sunmscapi.dll
Event: 15.337 Loaded shared library C:\Users\namsu\.jdks\corretto-17.0.14\bin\rmi.dll

Deoptimization events (20 events):
Event: 38.599 Thread 0x00000175fc614090 DEOPT PACKING pc=0x00000175e3a709f4 sp=0x00000008660fa820
Event: 38.599 Thread 0x00000175fc614090 DEOPT UNPACKING pc=0x00000175e32c69a3 sp=0x00000008660fa738 mode 2
Event: 38.624 Thread 0x00000175fec69360 DEOPT PACKING pc=0x00000175de7970aa sp=0x00000008664f9790
Event: 38.624 Thread 0x00000175fec69360 DEOPT UNPACKING pc=0x00000175e32c7143 sp=0x00000008664f8bf8 mode 0
Event: 38.841 Thread 0x00000175fec69870 Uncommon trap: trap_request=0xffffff45 fr.pc=0x00000175e3a07400 relative=0x0000000000000080
Event: 38.841 Thread 0x00000175fec69870 Uncommon trap: reason=unstable_if action=reinterpret pc=0x00000175e3a07400 method=java.util.HashMap$HashMapSpliterator.getFence()I @ 37 c2
Event: 38.852 Thread 0x00000175fec69870 DEOPT PACKING pc=0x00000175e3a07400 sp=0x00000008665fa7a0
Event: 38.852 Thread 0x00000175fec69870 DEOPT UNPACKING pc=0x00000175e32c69a3 sp=0x00000008665fa718 mode 2
Event: 38.858 Thread 0x00000175fec69360 Uncommon trap: trap_request=0xffffff45 fr.pc=0x00000175e38d8900 relative=0x0000000000000780
Event: 38.858 Thread 0x00000175fec69360 Uncommon trap: reason=unstable_if action=reinterpret pc=0x00000175e38d8900 method=com.android.tools.r8.ir.regalloc.b.a(Lcom/android/tools/r8/internal/lo;Lcom/android/tools/r8/ir/regalloc/a;)Z @ 146 c2
Event: 38.858 Thread 0x00000175fec69360 DEOPT PACKING pc=0x00000175e38d8900 sp=0x00000008664fa170
Event: 38.858 Thread 0x00000175fec69360 DEOPT UNPACKING pc=0x00000175e32c69a3 sp=0x00000008664fa138 mode 2
Event: 38.876 Thread 0x00000175fe379890 Uncommon trap: trap_request=0xfffffff4 fr.pc=0x00000175e462df98 relative=0x0000000000006e38
Event: 38.876 Thread 0x00000175fe379890 Uncommon trap: reason=null_check action=make_not_entrant pc=0x00000175e462df98 method=org.gradle.api.internal.changedetection.state.CachingFileHasher.snapshot(Ljava/io/File;JJ)Lorg/gradle/api/internal/changedetection/state/CachingFileHasher$FileInfo; @ 31
Event: 38.876 Thread 0x00000175fe379890 DEOPT PACKING pc=0x00000175e462df98 sp=0x00000008662fbec0
Event: 38.876 Thread 0x00000175fe379890 DEOPT UNPACKING pc=0x00000175e32c69a3 sp=0x00000008662fbaf8 mode 2
Event: 38.890 Thread 0x00000175fd5eda10 Uncommon trap: trap_request=0xfffffff4 fr.pc=0x00000175e464f41c relative=0x0000000000006d3c
Event: 38.890 Thread 0x00000175fd5eda10 Uncommon trap: reason=null_check action=make_not_entrant pc=0x00000175e464f41c method=org.gradle.api.internal.changedetection.state.CachingFileHasher.snapshot(Ljava/io/File;JJ)Lorg/gradle/api/internal/changedetection/state/CachingFileHasher$FileInfo; @ 31
Event: 38.890 Thread 0x00000175fd5eda10 DEOPT PACKING pc=0x00000175e464f41c sp=0x00000008672fb6b0
Event: 38.890 Thread 0x00000175fd5eda10 DEOPT UNPACKING pc=0x00000175e32c69a3 sp=0x00000008672fb3b0 mode 2

Classes loaded (20 events):
Event: 37.082 Loading class java/io/UTFDataFormatException
Event: 37.082 Loading class java/io/UTFDataFormatException done
Event: 37.176 Loading class java/util/concurrent/RejectedExecutionException
Event: 37.176 Loading class java/util/concurrent/RejectedExecutionException done
Event: 37.268 Loading class java/lang/reflect/GenericSignatureFormatError
Event: 37.268 Loading class java/lang/reflect/GenericSignatureFormatError done
Event: 38.039 Loading class java/util/SortedSet$1
Event: 38.039 Loading class java/util/SortedSet$1 done
Event: 38.044 Loading class java/util/stream/SliceOps
Event: 38.044 Loading class java/util/stream/SliceOps done
Event: 38.044 Loading class java/util/stream/SliceOps$1
Event: 38.044 Loading class java/util/stream/SliceOps$1 done
Event: 38.047 Loading class java/util/stream/SliceOps$1$1
Event: 38.047 Loading class java/util/stream/SliceOps$1$1 done
Event: 38.063 Loading class java/util/IdentityHashMap$ValueIterator
Event: 38.063 Loading class java/util/IdentityHashMap$ValueIterator done
Event: 38.614 Loading class java/nio/ByteBufferAsShortBufferL
Event: 38.614 Loading class java/nio/ByteBufferAsShortBufferL done
Event: 38.637 Loading class java/util/zip/Adler32
Event: 38.637 Loading class java/util/zip/Adler32 done

Classes unloaded (0 events):
No events

Classes redefined (0 events):
No events

Internal exceptions (20 events):
Event: 38.076 Thread 0x00000175fec69870 Exception <a 'java/lang/NoSuchMethodError'{0x00000000a88196e8}: 'int java.lang.invoke.DirectMethodHandle$Holder.invokeSpecial(java.lang.Object, java.lang.Object, java.lang.Object, int, java.lang.Object)'> (0x00000000a88196e8) 
thrown [s\src\hotspot\share\interpreter\linkResolver.cpp, line 759]
Event: 38.076 Thread 0x00000175fcca7b80 Exception <a 'java/lang/NoSuchMethodError'{0x00000000a8a74660}: 'int java.lang.invoke.DirectMethodHandle$Holder.invokeSpecial(java.lang.Object, java.lang.Object, java.lang.Object, int, java.lang.Object)'> (0x00000000a8a74660) 
thrown [s\src\hotspot\share\interpreter\linkResolver.cpp, line 759]
Event: 38.076 Thread 0x00000175c1285370 Exception <a 'java/lang/NoSuchMethodError'{0x00000000a8dae838}: 'int java.lang.invoke.DirectMethodHandle$Holder.invokeSpecial(java.lang.Object, java.lang.Object, java.lang.Object, int, java.lang.Object)'> (0x00000000a8dae838) 
thrown [s\src\hotspot\share\interpreter\linkResolver.cpp, line 759]
Event: 38.076 Thread 0x00000175c1284e60 Exception <a 'java/lang/NoSuchMethodError'{0x00000000a8c3c130}: 'int java.lang.invoke.DirectMethodHandle$Holder.invokeSpecial(java.lang.Object, java.lang.Object, java.lang.Object, int, java.lang.Object)'> (0x00000000a8c3c130) 
thrown [s\src\hotspot\share\interpreter\linkResolver.cpp, line 759]
Event: 38.076 Thread 0x00000175fc614090 Exception <a 'java/lang/NoSuchMethodError'{0x00000000a8b72458}: 'int java.lang.invoke.DirectMethodHandle$Holder.invokeSpecial(java.lang.Object, java.lang.Object, java.lang.Object, int, java.lang.Object)'> (0x00000000a8b72458) 
thrown [s\src\hotspot\share\interpreter\linkResolver.cpp, line 759]
Event: 38.259 Thread 0x00000175fc614090 Exception <a 'java/lang/NoSuchMethodError'{0x00000000aac339a8}: 'int java.lang.invoke.DirectMethodHandle$Holder.invokeInterface(java.lang.Object, java.lang.Object, int)'> (0x00000000aac339a8) 
thrown [s\src\hotspot\share\interpreter\linkResolver.cpp, line 759]
Event: 38.269 Thread 0x00000175fe379890 Exception <a 'java/lang/NoSuchMethodError'{0x00000000aa620c10}: 'java.lang.Object java.lang.invoke.DirectMethodHandle$Holder.newInvokeSpecial(java.lang.Object, java.lang.Object, int, java.lang.Object, java.lang.Object, java.lang.Object)'> (0x00000000aa620c10) 
thrown [s\src\hotspot\share\interpreter\linkResolver.cpp, line 759]
Event: 38.270 Thread 0x00000175fe379890 Exception <a 'java/lang/NoSuchMethodError'{0x00000000aa628bd8}: 'java.lang.Object java.lang.invoke.Invokers$Holder.linkToTargetMethod(java.lang.Object, int, java.lang.Object, java.lang.Object, java.lang.Object, java.lang.Object)'> (0x00000000aa628bd8) 
thrown [s\src\hotspot\share\interpreter\linkResolver.cpp, line 759]
Event: 38.271 Thread 0x00000175fe379890 Exception <a 'java/lang/NoSuchMethodError'{0x00000000aa53a500}: 'void java.lang.invoke.DirectMethodHandle$Holder.invokeSpecial(java.lang.Object, java.lang.Object, java.lang.Object, int, java.lang.Object, java.lang.Object, java.lang.Object, java.lang.Object)'> (0x00000000aa53a500) 
thrown [s\src\hotspot\share\interpreter\linkResolver.cpp, line 759]
Event: 38.274 Thread 0x00000175fe379890 Exception <a 'java/lang/NoSuchMethodError'{0x00000000aa45b3c0}: 'void java.lang.invoke.DirectMethodHandle$Holder.invokeStatic(java.lang.Object, java.lang.Object, java.lang.Object, java.lang.Object, java.lang.Object, java.lang.Object, java.lang.Object, java.lang.Object)'> (0x00000000aa45b3c0) 
thrown [s\src\hotspot\share\interpreter\linkResolver.cpp, line 759]
Event: 38.426 Thread 0x00000175f9ee3400 Exception <a 'java/lang/NoSuchMethodError'{0x00000000ab950df8}: 'int java.lang.invoke.DirectMethodHandle$Holder.invokeStatic(java.lang.Object, java.lang.Object, int, java.lang.Object)'> (0x00000000ab950df8) 
thrown [s\src\hotspot\share\interpreter\linkResolver.cpp, line 759]
Event: 38.472 Thread 0x00000175fe379890 Exception <a 'java/lang/IncompatibleClassChangeError'{0x00000000aa6d2550}: Found class java.lang.Object, but interface was expected> (0x00000000aa6d2550) 
thrown [s\src\hotspot\share\interpreter\linkResolver.cpp, line 826]
Event: 38.523 Thread 0x00000175f9ee3400 Exception <a 'java/lang/NoSuchMethodError'{0x00000000a9fc91c0}: 'int java.lang.invoke.DirectMethodHandle$Holder.invokeSpecial(java.lang.Object, java.lang.Object, int)'> (0x00000000a9fc91c0) 
thrown [s\src\hotspot\share\interpreter\linkResolver.cpp, line 759]
Event: 38.570 Thread 0x00000175fec69360 Exception <a 'java/lang/IncompatibleClassChangeError'{0x00000000acd05bc0}: Found class java.lang.Object, but interface was expected> (0x00000000acd05bc0) 
thrown [s\src\hotspot\share\interpreter\linkResolver.cpp, line 826]
Event: 38.613 Thread 0x00000175fe379890 Exception <a 'java/lang/NoSuchMethodError'{0x00000000ab6a3c98}: 'void java.lang.invoke.DirectMethodHandle$Holder.invokeSpecial(java.lang.Object, java.lang.Object, int)'> (0x00000000ab6a3c98) 
thrown [s\src\hotspot\share\interpreter\linkResolver.cpp, line 759]
Event: 38.650 Thread 0x00000175fd5eda10 Exception <a 'sun/nio/fs/WindowsException'{0x00000000a9a75240}> (0x00000000a9a75240) 
thrown [s\src\hotspot\share\prims\jni.cpp, line 516]
Event: 38.653 Thread 0x00000175fe379890 Exception <a 'sun/nio/fs/WindowsException'{0x00000000aa2162d8}> (0x00000000aa2162d8) 
thrown [s\src\hotspot\share\prims\jni.cpp, line 516]
Event: 38.841 Thread 0x00000175fec69870 Implicit null exception at 0x00000175e3a073cb to 0x00000175e3a073f0
Event: 38.876 Thread 0x00000175fe379890 Implicit null exception at 0x00000175e4628280 to 0x00000175e462df60
Event: 38.890 Thread 0x00000175fd5eda10 Implicit null exception at 0x00000175e46497e0 to 0x00000175e464f3e4

VM Operations (20 events):
Event: 38.475 Executing VM operation: HandshakeAllThreads
Event: 38.482 Executing VM operation: HandshakeAllThreads done
Event: 38.505 Executing VM operation: ICBufferFull
Event: 38.506 Executing VM operation: ICBufferFull done
Event: 38.506 Executing VM operation: HandshakeAllThreads
Event: 38.507 Executing VM operation: HandshakeAllThreads done
Event: 38.519 Executing VM operation: HandshakeAllThreads
Event: 38.519 Executing VM operation: HandshakeAllThreads done
Event: 38.551 Executing VM operation: G1CollectForAllocation
Event: 38.554 Executing VM operation: G1CollectForAllocation done
Event: 38.576 Executing VM operation: HandshakeAllThreads
Event: 38.577 Executing VM operation: HandshakeAllThreads done
Event: 38.640 Executing VM operation: HandshakeAllThreads
Event: 38.643 Executing VM operation: HandshakeAllThreads done
Event: 38.726 Executing VM operation: G1CollectForAllocation
Event: 38.730 Executing VM operation: G1CollectForAllocation done
Event: 38.912 Executing VM operation: ICBufferFull
Event: 38.917 Executing VM operation: ICBufferFull done
Event: 38.924 Executing VM operation: G1CollectForAllocation
Event: 38.929 Executing VM operation: G1CollectForAllocation done

Memory protections (0 events):
No events

Nmethod flushes (20 events):
Event: 37.581 Thread 0x00000175f2c3d8e0 flushing osr nmethod 0x00000175e3bfc790
Event: 37.581 Thread 0x00000175f2c3d8e0 flushing osr nmethod 0x00000175e3c7f790
Event: 37.581 Thread 0x00000175f2c3d8e0 flushing  nmethod 0x00000175e3cb9990
Event: 37.581 Thread 0x00000175f2c3d8e0 flushing  nmethod 0x00000175e3cfec90
Event: 37.581 Thread 0x00000175f2c3d8e0 flushing osr nmethod 0x00000175e3d54f90
Event: 37.582 Thread 0x00000175f2c3d8e0 flushing  nmethod 0x00000175e3dfef90
Event: 37.582 Thread 0x00000175f2c3d8e0 flushing  nmethod 0x00000175e3f5af90
Event: 37.583 Thread 0x00000175f2c3d8e0 flushing  nmethod 0x00000175e3f89510
Event: 37.583 Thread 0x00000175f2c3d8e0 flushing  nmethod 0x00000175e401ac90
Event: 37.585 Thread 0x00000175f2c3d8e0 flushing  nmethod 0x00000175e416b410
Event: 37.585 Thread 0x00000175f2c3d8e0 flushing  nmethod 0x00000175e4255490
Event: 37.585 Thread 0x00000175f2c3d8e0 flushing  nmethod 0x00000175e4268210
Event: 37.585 Thread 0x00000175f2c3d8e0 flushing  nmethod 0x00000175e4394a90
Event: 37.586 Thread 0x00000175f2c3d8e0 flushing  nmethod 0x00000175e4451e10
Event: 37.587 Thread 0x00000175f2c3d8e0 flushing  nmethod 0x00000175e4692d10
Event: 37.587 Thread 0x00000175f2c3d8e0 flushing  nmethod 0x00000175e4695390
Event: 37.588 Thread 0x00000175f2c3d8e0 flushing  nmethod 0x00000175e4822190
Event: 37.589 Thread 0x00000175f2c3d8e0 flushing  nmethod 0x00000175dbe80410
Event: 37.593 Thread 0x00000175f2c3d8e0 flushing  nmethod 0x00000175dc35d790
Event: 37.596 Thread 0x00000175f2c3d8e0 flushing  nmethod 0x00000175dc775c90

Events (20 events):
Event: 34.696 Thread 0x00000175fcca2a80 Thread added: 0x00000175c1284950
Event: 34.696 Thread 0x00000175fcca2a80 Thread added: 0x00000175c1285d90
Event: 34.697 Thread 0x00000175fcca2a80 Thread added: 0x00000175c12867b0
Event: 34.697 Thread 0x00000175fcca2a80 Thread added: 0x00000175c12862a0
Event: 34.697 Thread 0x00000175fcca2a80 Thread added: 0x00000175c1720cf0
Event: 34.698 Thread 0x00000175fcca2a80 Thread added: 0x00000175c1721200
Event: 34.698 Thread 0x00000175fcca2a80 Thread added: 0x00000175c1721710
Event: 34.698 Thread 0x00000175fcca2a80 Thread added: 0x00000175c115bd90
Event: 36.127 Thread 0x00000175fcca5300 Thread added: 0x00000175fef74c00
Event: 36.127 Thread 0x00000175fcca5300 Thread added: 0x00000175f945c060
Event: 36.128 Thread 0x00000175fcca5300 Thread added: 0x00000175f94588b0
Event: 36.128 Thread 0x00000175fcca5300 Thread added: 0x00000175fef72da0
Event: 36.128 Thread 0x00000175fcca5300 Thread added: 0x00000175fef741e0
Event: 36.129 Thread 0x00000175fcca5300 Thread added: 0x00000175fef73cd0
Event: 36.129 Thread 0x00000175fcca5300 Thread added: 0x00000175fef732b0
Event: 36.129 Thread 0x00000175fcca5300 Thread added: 0x00000175fef737c0
Event: 36.129 Thread 0x00000175fcca5300 Thread added: 0x00000175fef746f0
Event: 36.130 Thread 0x00000175fcca5300 Thread added: 0x00000175fef75620
Event: 36.580 Thread 0x00000175fcca6740 Thread added: 0x00000175fcff14e0
Event: 38.583 Thread 0x00000175fe064460 Thread exited: 0x00000175fe064460


Dynamic libraries:
0x00007ff61c8a0000 - 0x00007ff61c8ae000 	C:\Users\namsu\.jdks\corretto-17.0.14\bin\java.exe
0x00007ff93ace0000 - 0x00007ff93af43000 	C:\WINDOWS\SYSTEM32\ntdll.dll
0x00007ff939af0000 - 0x00007ff939bb7000 	C:\WINDOWS\System32\KERNEL32.DLL
0x00007ff9385c0000 - 0x00007ff938989000 	C:\WINDOWS\System32\KERNELBASE.dll
0x00007ff935030000 - 0x00007ff9350cc000 	C:\WINDOWS\SYSTEM32\apphelp.dll
0x00007ff937fa0000 - 0x00007ff9380ec000 	C:\WINDOWS\System32\ucrtbase.dll
0x00007ff915e40000 - 0x00007ff915e5b000 	C:\Users\namsu\.jdks\corretto-17.0.14\bin\VCRUNTIME140.dll
0x00007ff926870000 - 0x00007ff926887000 	C:\Users\namsu\.jdks\corretto-17.0.14\bin\jli.dll
0x00007ff939360000 - 0x00007ff93952a000 	C:\WINDOWS\System32\USER32.dll
0x00007ff938ad0000 - 0x00007ff938af7000 	C:\WINDOWS\System32\win32u.dll
0x00007ff925080000 - 0x00007ff925310000 	C:\WINDOWS\WinSxS\amd64_microsoft.windows.common-controls_6595b64144ccf1df_6.0.26100.3323_none_3e088096e3344490\COMCTL32.dll
0x00007ff939850000 - 0x00007ff93987a000 	C:\WINDOWS\System32\GDI32.dll
0x00007ff939100000 - 0x00007ff9391a9000 	C:\WINDOWS\System32\msvcrt.dll
0x00007ff938990000 - 0x00007ff938ac1000 	C:\WINDOWS\System32\gdi32full.dll
0x00007ff9383e0000 - 0x00007ff938483000 	C:\WINDOWS\System32\msvcp_win.dll
0x00007ff939a90000 - 0x00007ff939abf000 	C:\WINDOWS\System32\IMM32.DLL
0x00007ff934480000 - 0x00007ff93448c000 	C:\Users\namsu\.jdks\corretto-17.0.14\bin\vcruntime140_1.dll
0x00007ff8ec460000 - 0x00007ff8ec4ed000 	C:\Users\namsu\.jdks\corretto-17.0.14\bin\msvcp140.dll
0x00007ff8beae0000 - 0x00007ff8bf74c000 	C:\Users\namsu\.jdks\corretto-17.0.14\bin\server\jvm.dll
0x00007ff9391b0000 - 0x00007ff939262000 	C:\WINDOWS\System32\ADVAPI32.dll
0x00007ff93a700000 - 0x00007ff93a7a6000 	C:\WINDOWS\System32\sechost.dll
0x00007ff939880000 - 0x00007ff939996000 	C:\WINDOWS\System32\RPCRT4.dll
0x00007ff9395b0000 - 0x00007ff939624000 	C:\WINDOWS\System32\WS2_32.dll
0x00007ff937d70000 - 0x00007ff937dbe000 	C:\WINDOWS\SYSTEM32\POWRPROF.dll
0x00007ff928ec0000 - 0x00007ff928ef6000 	C:\WINDOWS\SYSTEM32\WINMM.dll
0x00007ff933b90000 - 0x00007ff933b9b000 	C:\WINDOWS\SYSTEM32\VERSION.dll
0x00007ff937d50000 - 0x00007ff937d64000 	C:\WINDOWS\SYSTEM32\UMPDC.dll
0x00007ff936d00000 - 0x00007ff936d1a000 	C:\WINDOWS\SYSTEM32\kernel.appcore.dll
0x00007ff927bd0000 - 0x00007ff927bda000 	C:\Users\namsu\.jdks\corretto-17.0.14\bin\jimage.dll
0x00007ff927ee0000 - 0x00007ff928121000 	C:\WINDOWS\SYSTEM32\DBGHELP.DLL
0x00007ff93a7b0000 - 0x00007ff93ab32000 	C:\WINDOWS\System32\combase.dll
0x00007ff939270000 - 0x00007ff939346000 	C:\WINDOWS\System32\OLEAUT32.dll
0x00007ff8f5390000 - 0x00007ff8f53c9000 	C:\WINDOWS\SYSTEM32\dbgcore.DLL
0x00007ff938490000 - 0x00007ff938529000 	C:\WINDOWS\System32\bcryptPrimitives.dll
0x00007ff926a80000 - 0x00007ff926a8e000 	C:\Users\namsu\.jdks\corretto-17.0.14\bin\instrument.dll
0x00007ff8f7680000 - 0x00007ff8f76a5000 	C:\Users\namsu\.jdks\corretto-17.0.14\bin\java.dll
0x00007ff8dbde0000 - 0x00007ff8dbeb7000 	C:\Users\namsu\.jdks\corretto-17.0.14\bin\jsvml.dll
0x00007ff939cb0000 - 0x00007ff93a3c5000 	C:\WINDOWS\System32\SHELL32.dll
0x00007ff9380f0000 - 0x00007ff938258000 	C:\WINDOWS\System32\wintypes.dll
0x00007ff935c00000 - 0x00007ff936445000 	C:\WINDOWS\SYSTEM32\windows.storage.dll
0x00007ff939bc0000 - 0x00007ff939cab000 	C:\WINDOWS\System32\SHCORE.dll
0x00007ff9399a0000 - 0x00007ff9399fd000 	C:\WINDOWS\System32\shlwapi.dll
0x00007ff937df0000 - 0x00007ff937e1f000 	C:\WINDOWS\SYSTEM32\profapi.dll
0x00007ff904d30000 - 0x00007ff904d48000 	C:\Users\namsu\.jdks\corretto-17.0.14\bin\zip.dll
0x00007ff903060000 - 0x00007ff903079000 	C:\Users\namsu\.jdks\corretto-17.0.14\bin\net.dll
0x00007ff9319f0000 - 0x00007ff931b0e000 	C:\WINDOWS\SYSTEM32\WINHTTP.dll
0x00007ff937220000 - 0x00007ff93728a000 	C:\WINDOWS\system32\mswsock.dll
0x00007ff8ff5a0000 - 0x00007ff8ff5b6000 	C:\Users\namsu\.jdks\corretto-17.0.14\bin\nio.dll
0x00007ff926860000 - 0x00007ff926870000 	C:\Users\namsu\.jdks\corretto-17.0.14\bin\verify.dll
0x00007ff90f800000 - 0x00007ff90f827000 	C:\Users\namsu\.gradle\native\68d5fa5c4cc2d200863cafc0d521ce42e7d3e7ee720ec0a83991735586a16f82\windows-amd64\native-platform.dll
0x00007ff8c4170000 - 0x00007ff8c42b4000 	C:\Users\namsu\.gradle\native\e376f236ea51e6404a007f0833ffe2c6e607c4080706a723a18a27aeea778392\windows-amd64\native-platform-file-events.dll
0x00007ff9236a0000 - 0x00007ff9236a9000 	C:\Users\namsu\.jdks\corretto-17.0.14\bin\management.dll
0x00007ff922d90000 - 0x00007ff922d9b000 	C:\Users\namsu\.jdks\corretto-17.0.14\bin\management_ext.dll
0x00007ff9390f0000 - 0x00007ff9390f8000 	C:\WINDOWS\System32\PSAPI.DLL
0x00007ff9374c0000 - 0x00007ff9374dc000 	C:\WINDOWS\SYSTEM32\CRYPTSP.dll
0x00007ff936c60000 - 0x00007ff936c9a000 	C:\WINDOWS\system32\rsaenh.dll
0x00007ff9372c0000 - 0x00007ff9372eb000 	C:\WINDOWS\SYSTEM32\USERENV.dll
0x00007ff937700000 - 0x00007ff937726000 	C:\WINDOWS\SYSTEM32\bcrypt.dll
0x00007ff9374e0000 - 0x00007ff9374ec000 	C:\WINDOWS\SYSTEM32\CRYPTBASE.dll
0x00007ff936740000 - 0x00007ff936773000 	C:\WINDOWS\SYSTEM32\IPHLPAPI.DLL
0x00007ff93a480000 - 0x00007ff93a48a000 	C:\WINDOWS\System32\NSI.dll
0x00007ff931b60000 - 0x00007ff931b7f000 	C:\WINDOWS\SYSTEM32\dhcpcsvc6.DLL
0x00007ff931b30000 - 0x00007ff931b55000 	C:\WINDOWS\SYSTEM32\dhcpcsvc.DLL
0x00007ff9367d0000 - 0x00007ff9368f5000 	C:\WINDOWS\SYSTEM32\DNSAPI.dll
0x00007ff921b60000 - 0x00007ff921b69000 	C:\Users\namsu\.jdks\corretto-17.0.14\bin\extnet.dll
0x00007ff91ca20000 - 0x00007ff91ca2e000 	C:\Users\namsu\.jdks\corretto-17.0.14\bin\sunmscapi.dll
0x00007ff938260000 - 0x00007ff9383d7000 	C:\WINDOWS\System32\CRYPT32.dll
0x00007ff9376c0000 - 0x00007ff9376f0000 	C:\WINDOWS\SYSTEM32\ncrypt.dll
0x00007ff937670000 - 0x00007ff9376af000 	C:\WINDOWS\SYSTEM32\NTASN1.dll
0x00007ff926bb0000 - 0x00007ff926bb8000 	C:\WINDOWS\system32\wshunix.dll
0x00007ff91cac0000 - 0x00007ff91cad8000 	C:\WINDOWS\system32\napinsp.dll
0x00007ff917450000 - 0x00007ff917462000 	C:\WINDOWS\System32\winrnr.dll
0x00007ff917070000 - 0x00007ff917092000 	C:\WINDOWS\system32\nlansp_c.dll
0x00007ff904600000 - 0x00007ff904616000 	C:\WINDOWS\system32\wshbth.dll
0x00007ff931b20000 - 0x00007ff931b2b000 	C:\Windows\System32\rasadhlp.dll
0x00007ff930e20000 - 0x00007ff930ea5000 	C:\WINDOWS\System32\fwpuclnt.dll
0x00007ff936e20000 - 0x00007ff936e55000 	C:\WINDOWS\SYSTEM32\ntmarta.dll
0x00007ff91b2b0000 - 0x00007ff91b2b7000 	C:\Users\namsu\.jdks\corretto-17.0.14\bin\rmi.dll

dbghelp: loaded successfully - version: 4.0.5 - missing functions: none
symbol engine: initialized successfully - sym options: 0x614 - pdb path: .;C:\Users\namsu\.jdks\corretto-17.0.14\bin;C:\WINDOWS\SYSTEM32;C:\WINDOWS\WinSxS\amd64_microsoft.windows.common-controls_6595b64144ccf1df_6.0.26100.3323_none_3e088096e3344490;C:\Users\namsu\.jdks\corretto-17.0.14\bin\server;C:\Users\namsu\.gradle\native\68d5fa5c4cc2d200863cafc0d521ce42e7d3e7ee720ec0a83991735586a16f82\windows-amd64;C:\Users\namsu\.gradle\native\e376f236ea51e6404a007f0833ffe2c6e607c4080706a723a18a27aeea778392\windows-amd64

VM Arguments:
jvm_args: --add-opens=java.base/java.util=ALL-UNNAMED --add-opens=java.base/java.lang=ALL-UNNAMED --add-opens=java.base/java.lang.invoke=ALL-UNNAMED --add-opens=java.prefs/java.util.prefs=ALL-UNNAMED --add-opens=java.base/java.nio.charset=ALL-UNNAMED --add-opens=java.base/java.net=ALL-UNNAMED --add-opens=java.base/java.util.concurrent.atomic=ALL-UNNAMED -Xmx2048m -Dfile.encoding=UTF-8 -Duser.country=US -Duser.language=en -Duser.variant -javaagent:C:\Users\namsu\.gradle\wrapper\dists\gradle-8.2-bin\bbg7u40eoinfdyxsxr3z4i7ta\gradle-8.2\lib\agents\gradle-instrumentation-agent-8.2.jar 
java_command: org.gradle.launcher.daemon.bootstrap.GradleDaemon 8.2
java_class_path (initial): C:\Users\namsu\.gradle\wrapper\dists\gradle-8.2-bin\bbg7u40eoinfdyxsxr3z4i7ta\gradle-8.2\lib\gradle-launcher-8.2.jar
Launcher Type: SUN_STANDARD

[Global flags]
     intx CICompilerCount                          = 4                                         {product} {ergonomic}
     uint ConcGCThreads                            = 3                                         {product} {ergonomic}
     uint G1ConcRefinementThreads                  = 10                                        {product} {ergonomic}
   size_t G1HeapRegionSize                         = 1048576                                   {product} {ergonomic}
    uintx GCDrainStackTargetSize                   = 64                                        {product} {ergonomic}
   size_t InitialHeapSize                          = 534773760                                 {product} {ergonomic}
   size_t MarkStackSize                            = 4194304                                   {product} {ergonomic}
   size_t MaxHeapSize                              = 2147483648                                {product} {command line}
   size_t MaxNewSize                               = 1287651328                                {product} {ergonomic}
   size_t MinHeapDeltaBytes                        = 1048576                                   {product} {ergonomic}
   size_t MinHeapSize                              = 8388608                                   {product} {ergonomic}
    uintx NonNMethodCodeHeapSize                   = 5839372                                {pd product} {ergonomic}
    uintx NonProfiledCodeHeapSize                  = 122909434                              {pd product} {ergonomic}
    uintx ProfiledCodeHeapSize                     = 122909434                              {pd product} {ergonomic}
    uintx ReservedCodeCacheSize                    = 251658240                              {pd product} {ergonomic}
     bool SegmentedCodeCache                       = true                                      {product} {ergonomic}
   size_t SoftMaxHeapSize                          = 2147483648                             {manageable} {ergonomic}
     bool UseCompressedClassPointers               = true                           {product lp64_product} {ergonomic}
     bool UseCompressedOops                        = true                           {product lp64_product} {ergonomic}
     bool UseG1GC                                  = true                                      {product} {ergonomic}
     bool UseLargePagesIndividualAllocation        = false                                  {pd product} {ergonomic}

Logging:
Log output configuration:
 #0: stdout all=warning uptime,level,tags
 #1: stderr all=off uptime,level,tags

Environment Variables:
PATH=C:\Program Files (x86)\Common Files\Oracle\Java\javapath;C:\Program Files\Common Files\Oracle\Java\javapath;C:\WINDOWS\system32;C:\WINDOWS;C:\WINDOWS\System32\Wbem;C:\WINDOWS\System32\WindowsPowerShell\v1.0\;C:\WINDOWS\System32\OpenSSH\;C:\Program Files\Git\cmd;D:\Program Files\nodejs\;C:\Program Files (x86)\NVIDIA Corporation\PhysX\Common;C:\Program Files\NVIDIA Corporation\NVIDIA NvDLISR;C:\Users\namsu\AppData\Local\Android\Sdk\platform-tools;C:\Users\namsu\AppData\Local\Android\Sdk\tools;C:\Users\namsu\AppData\Local\Android\Sdk\bin;C:\xampp\php;D:\composer;C:\Program Files\Java\jdk1.8.0_202\bin;C:\Program Files\dotnet\;C:\Program Files (x86)\Windows Kits\10\Windows Performance Toolkit\;D:\Program Files\OpenSSL-Win64\bin;D:\Program Files\CMake\bin;D:\Program Files\protoc-28.3-win64\bin;C:\Users\namsu\AppData\Local\Programs\Python\Python312\Scripts\;C:\Users\namsu\AppData\Local\Programs\Python\Python312\;C:\Users\namsu\AppData\Local\Microsoft\WindowsApps;C:\Users\namsu\AppData\Local\JetBrains\Toolbox\scripts;C:\Users\namsu\AppData\Roaming\npm;D:\Users\namsu\AppData\Local\Programs\Microsoft VS Code\bin;D:\Program Files\JetBrains\IntelliJ IDEA Community Edition 2023.3.2\bin;;C:\PATH_Program;C:\Users\namsu\Downloads\ffmpeg-2024-03-04-git-e30369bc1c-full_build\bin;D:\Program Files\OpenSSL-Win64\bin;C:\Users\namsu\AppData\Roaming\Composer\vendor\bin;C:\Users\namsu\.dotnet\tools;D:\Program Files\mitmproxy\bin;C:\Users\namsu\AppData\Local\Microsoft\WindowsApps;
USERNAME=Minh
OS=Windows_NT
PROCESSOR_IDENTIFIER=Intel64 Family 6 Model 158 Stepping 10, GenuineIntel
TMP=C:\Users\namsu\AppData\Local\Temp
TEMP=C:\Users\namsu\AppData\Local\Temp



Periodic native trim disabled


---------------  S Y S T E M  ---------------

OS:
 Windows 11 , 64 bit Build 26100 (10.0.26100.3323)
OS uptime: 1 days 6:19 hours

CPU: total 12 (initial active 12) (6 cores per cpu, 2 threads per core) family 6 model 158 stepping 10 microcode 0xde, cx8, cmov, fxsr, ht, mmx, 3dnowpref, sse, sse2, sse3, ssse3, sse4.1, sse4.2, popcnt, lzcnt, tsc, tscinvbit, avx, avx2, aes, erms, clmul, bmi1, bmi2, rtm, adx, fma, vzeroupper, clflush, clflushopt
Processor Information for all 12 processors :
  Max Mhz: 3696, Current Mhz: 3696, Mhz Limit: 3696

Memory: 4k page, system-wide physical 32620M (3809M free)
TotalPageFile size 36267M (AvailPageFile size 4M)
current process WorkingSet (physical memory assigned to process): 1184M, peak: 1186M
current process commit charge ("private bytes"): 1241M, peak: 1243M

vm_info: OpenJDK 64-Bit Server VM (17.0.14+7-LTS) for windows-amd64 JRE (17.0.14+7-LTS), built on Jan  7 2025 20:14:24 by "Administrator" with MS VC++ 16.10 / 16.11 (VS2019)

END.
